product_slug,product_name,tag,source
"atlas-4-passenger-lifted-lithium-buggy","Atlas 4-Passenger Lifted Lithium Buggy","atlas 4-passenger lifted lithium buggy","spec sheet"
"atlas-4-passenger-lifted-lithium-buggy","Atlas 4-Passenger Lifted Lithium Buggy","atlas golf buggy","C05873 (0/mo)"
"atlas-4-passenger-lifted-lithium-buggy","Atlas 4-Passenger Lifted Lithium Buggy","4 seater golf buggy","spec sheet"
"atlas-4-passenger-lifted-lithium-buggy","Atlas 4-Passenger Lifted Lithium Buggy","luxury golf buggy","spec sheet"
"atlas-4-passenger-lifted-lithium-buggy","Atlas 4-Passenger Lifted Lithium Buggy","lithium golf buggy","C00564 (20/mo)"
"atlas-4-passenger-lifted-lithium-buggy","Atlas 4-Passenger Lifted Lithium Buggy","electric golf buggy","C00006 (1900/mo)"
"atlas-4-passenger-lifted-lithium-buggy","Atlas 4-Passenger Lifted Lithium Buggy","lifted golf buggy","spec sheet"
"atlas-4-passenger-lifted-lithium-buggy","Atlas 4-Passenger Lifted Lithium Buggy","48v lithium","spec sheet"
"atlas-4-passenger-lifted-lithium-buggy","Atlas 4-Passenger Lifted Lithium Buggy","3-inch factory lift","spec sheet"
"atlas-4-passenger-lifted-lithium-buggy","Atlas 4-Passenger Lifted Lithium Buggy","custom leather seats","spec sheet"
"atlas-4-passenger-lifted-lithium-buggy","Atlas 4-Passenger Lifted Lithium Buggy","touchscreen display","spec sheet"
"atlas-4-passenger-lifted-lithium-buggy","Atlas 4-Passenger Lifted Lithium Buggy","gated estates","spec sheet"
"atlas-4-passenger-lifted-lithium-buggy","Atlas 4-Passenger Lifted Lithium Buggy","luxury property owners","spec sheet"
"atlas-4-passenger-lifted-lithium-buggy","Atlas 4-Passenger Lifted Lithium Buggy","resort operators","spec sheet"
"evolution-d5-ranger-4-plus-2","Evolution D5 Ranger 4+2 Plus","evolution d5 ranger 4+2 plus","spec sheet"
"evolution-d5-ranger-4-plus-2","Evolution D5 Ranger 4+2 Plus","evolution golf buggy","spec sheet"
"evolution-d5-ranger-4-plus-2","Evolution D5 Ranger 4+2 Plus","6 seater golf buggy","C00764 (20/mo)"
"evolution-d5-ranger-4-plus-2","Evolution D5 Ranger 4+2 Plus","luxury golf buggy","spec sheet"
"evolution-d5-ranger-4-plus-2","Evolution D5 Ranger 4+2 Plus","lithium golf buggy","C00564 (20/mo)"
"evolution-d5-ranger-4-plus-2","Evolution D5 Ranger 4+2 Plus","electric golf buggy","C00006 (1900/mo)"
"evolution-d5-ranger-4-plus-2","Evolution D5 Ranger 4+2 Plus","110ah lithium","spec sheet"
"evolution-d5-ranger-4-plus-2","Evolution D5 Ranger 4+2 Plus","soundbar with bluetooth","spec sheet"
"evolution-d5-ranger-4-plus-2","Evolution D5 Ranger 4+2 Plus","9-inch touchscreen","spec sheet"
"evolution-d5-ranger-4-plus-2","Evolution D5 Ranger 4+2 Plus","foldable windshield","spec sheet"
"evolution-d5-ranger-4-plus-2","Evolution D5 Ranger 4+2 Plus","high net-worth families","spec sheet"
"evolution-d5-ranger-4-plus-2","Evolution D5 Ranger 4+2 Plus","lifestyle acreage owners","spec sheet"
"evolution-d5-ranger-4-plus-2","Evolution D5 Ranger 4+2 Plus","golf buggy australia","C00118 (110/mo)"
"evolution-d5-ranger-4-plus-2","Evolution D5 Ranger 4+2 Plus","buggy for sale yatala qld","spec sheet"
"club-car-onward-4-passenger-lithium","Club Car Onward 4-Passenger Lithium","club car onward 4-passenger lithium","spec sheet"
"club-car-onward-4-passenger-lithium","Club Car Onward 4-Passenger Lithium","club car golf buggy","C00050 (260/mo)"
"club-car-onward-4-passenger-lithium","Club Car Onward 4-Passenger Lithium","4 seater golf buggy","spec sheet"
"club-car-onward-4-passenger-lithium","Club Car Onward 4-Passenger Lithium","luxury golf buggy","spec sheet"
"club-car-onward-4-passenger-lithium","Club Car Onward 4-Passenger Lithium","lithium golf buggy","C00564 (20/mo)"
"club-car-onward-4-passenger-lithium","Club Car Onward 4-Passenger Lithium","electric golf buggy","C00006 (1900/mo)"
"club-car-onward-4-passenger-lithium","Club Car Onward 4-Passenger Lithium","ac drive motor","spec sheet"
"club-car-onward-4-passenger-lithium","Club Car Onward 4-Passenger Lithium","custom metallic paint","spec sheet"
"club-car-onward-4-passenger-lithium","Club Car Onward 4-Passenger Lithium","ergonomic seating","spec sheet"
"club-car-onward-4-passenger-lithium","Club Car Onward 4-Passenger Lithium","aircraft-grade aluminum frame","spec sheet"
"club-car-onward-4-passenger-lithium","Club Car Onward 4-Passenger Lithium","club car brand loyalists","spec sheet"
"club-car-onward-4-passenger-lithium","Club Car Onward 4-Passenger Lithium","premium golf village residents","spec sheet"
"club-car-onward-4-passenger-lithium","Club Car Onward 4-Passenger Lithium","golf buggy australia","C00118 (110/mo)"
"club-car-onward-4-passenger-lithium","Club Car Onward 4-Passenger Lithium","buggy for sale yatala qld","spec sheet"
"tara-roadster-2-plus-2-lifted","Tara Roadster 2+2 Lifted","tara roadster 2+2 lifted","spec sheet"
"tara-roadster-2-plus-2-lifted","Tara Roadster 2+2 Lifted","tara golf buggy","C07689 (0/mo)"
"tara-roadster-2-plus-2-lifted","Tara Roadster 2+2 Lifted","4 seater golf buggy","spec sheet"
"tara-roadster-2-plus-2-lifted","Tara Roadster 2+2 Lifted","luxury golf buggy","spec sheet"
"tara-roadster-2-plus-2-lifted","Tara Roadster 2+2 Lifted","lithium golf buggy","C00564 (20/mo)"
"tara-roadster-2-plus-2-lifted","Tara Roadster 2+2 Lifted","electric golf buggy","C00006 (1900/mo)"
"tara-roadster-2-plus-2-lifted","Tara Roadster 2+2 Lifted","lifted golf buggy","spec sheet"
"tara-roadster-2-plus-2-lifted","Tara Roadster 2+2 Lifted","lithium battery","spec sheet"
"tara-roadster-2-plus-2-lifted","Tara Roadster 2+2 Lifted","lifted chassis","spec sheet"
"tara-roadster-2-plus-2-lifted","Tara Roadster 2+2 Lifted","hydraulic disc brakes","spec sheet"
"tara-roadster-2-plus-2-lifted","Tara Roadster 2+2 Lifted","led light package","spec sheet"
"tara-roadster-2-plus-2-lifted","Tara Roadster 2+2 Lifted","budget-luxury buyers","spec sheet"
"tara-roadster-2-plus-2-lifted","Tara Roadster 2+2 Lifted","semi-rural properties","spec sheet"
"tara-roadster-2-plus-2-lifted","Tara Roadster 2+2 Lifted","golf buggy australia","C00118 (110/mo)"
"ezgo-express-l6-lithium","E-Z-GO Express L6 Lithium","e-z-go express l6 lithium","spec sheet"
"ezgo-express-l6-lithium","E-Z-GO Express L6 Lithium","e-z-go golf buggy","C00064 (210/mo)"
"ezgo-express-l6-lithium","E-Z-GO Express L6 Lithium","6 seater golf buggy","C00764 (20/mo)"
"ezgo-express-l6-lithium","E-Z-GO Express L6 Lithium","luxury golf buggy","spec sheet"
"ezgo-express-l6-lithium","E-Z-GO Express L6 Lithium","lithium golf buggy","C00564 (20/mo)"
"ezgo-express-l6-lithium","E-Z-GO Express L6 Lithium","electric golf buggy","C00006 (1900/mo)"
"ezgo-express-l6-lithium","E-Z-GO Express L6 Lithium","elite lithium technology","spec sheet"
"ezgo-express-l6-lithium","E-Z-GO Express L6 Lithium","6-passenger seating","spec sheet"
"ezgo-express-l6-lithium","E-Z-GO Express L6 Lithium","high ground clearance","spec sheet"
"ezgo-express-l6-lithium","E-Z-GO Express L6 Lithium","heavy duty suspension","spec sheet"
"ezgo-express-l6-lithium","E-Z-GO Express L6 Lithium","resort transport","spec sheet"
"ezgo-express-l6-lithium","E-Z-GO Express L6 Lithium","large family estates","spec sheet"
"ezgo-express-l6-lithium","E-Z-GO Express L6 Lithium","commercial venues","spec sheet"
"ezgo-express-l6-lithium","E-Z-GO Express L6 Lithium","golf buggy australia","C00118 (110/mo)"
"lvtong-4-seater-resort-cruiser","LVTONG 4-Seater Resort Cruiser","lvtong 4-seater resort cruiser","spec sheet"
"lvtong-4-seater-resort-cruiser","LVTONG 4-Seater Resort Cruiser","lvtong golf buggy","spec sheet"
"lvtong-4-seater-resort-cruiser","LVTONG 4-Seater Resort Cruiser","4 seater golf buggy","spec sheet"
"lvtong-4-seater-resort-cruiser","LVTONG 4-Seater Resort Cruiser","luxury golf buggy","spec sheet"
"lvtong-4-seater-resort-cruiser","LVTONG 4-Seater Resort Cruiser","lithium golf buggy","C00564 (20/mo)"
"lvtong-4-seater-resort-cruiser","LVTONG 4-Seater Resort Cruiser","electric golf buggy","C00006 (1900/mo)"
"lvtong-4-seater-resort-cruiser","LVTONG 4-Seater Resort Cruiser","4kw ac motor","spec sheet"
"lvtong-4-seater-resort-cruiser","LVTONG 4-Seater Resort Cruiser","maintenance-free lithium","spec sheet"
"lvtong-4-seater-resort-cruiser","LVTONG 4-Seater Resort Cruiser","on-board charger","spec sheet"
"lvtong-4-seater-resort-cruiser","LVTONG 4-Seater Resort Cruiser","heavy duty bumper","spec sheet"
"lvtong-4-seater-resort-cruiser","LVTONG 4-Seater Resort Cruiser","hotels holiday parks community centers","spec sheet"
"lvtong-4-seater-resort-cruiser","LVTONG 4-Seater Resort Cruiser","golf buggy australia","C00118 (110/mo)"
"lvtong-4-seater-resort-cruiser","LVTONG 4-Seater Resort Cruiser","buggy for sale yatala qld","spec sheet"
"lvtong-4-seater-resort-cruiser","LVTONG 4-Seater Resort Cruiser","4 seater electric golf cart","C00604 (20/mo)"
"club-car-tempo-lithium-2025","Club Car Tempo Lithium (2025 Model)","club car tempo lithium 2025 model","spec sheet"
"club-car-tempo-lithium-2025","Club Car Tempo Lithium (2025 Model)","club car golf buggy","C00050 (260/mo)"
"club-car-tempo-lithium-2025","Club Car Tempo Lithium (2025 Model)","2 seater golf buggy","C00322 (30/mo)"
"club-car-tempo-lithium-2025","Club Car Tempo Lithium (2025 Model)","electric golf buggy","C00006 (1900/mo)"
"club-car-tempo-lithium-2025","Club Car Tempo Lithium (2025 Model)","lithium golf buggy","C00564 (20/mo)"
"club-car-tempo-lithium-2025","Club Car Tempo Lithium (2025 Model)","golf buggy for sale australia","C00120 (110/mo)"
"club-car-tempo-lithium-2025","Club Car Tempo Lithium (2025 Model)","monaco drive system","spec sheet"
"club-car-tempo-lithium-2025","Club Car Tempo Lithium (2025 Model)","rust-proof aluminum frame","spec sheet"
"club-car-tempo-lithium-2025","Club Car Tempo Lithium (2025 Model)","automotive-style dashboard","spec sheet"
"club-car-tempo-lithium-2025","Club Car Tempo Lithium (2025 Model)","avid golfers","spec sheet"
"club-car-tempo-lithium-2025","Club Car Tempo Lithium (2025 Model)","private course members","spec sheet"
"club-car-tempo-lithium-2025","Club Car Tempo Lithium (2025 Model)","golf buggy australia","C00118 (110/mo)"
"club-car-tempo-lithium-2025","Club Car Tempo Lithium (2025 Model)","buggy for sale yatala qld","spec sheet"
"club-car-tempo-lithium-2025","Club Car Tempo Lithium (2025 Model)","club car tempo price","C01868 (20/mo)"
"ezgo-rxv-elite-lithium","E-Z-GO RXV ELiTE Lithium","e-z-go rxv elite lithium","spec sheet"
"ezgo-rxv-elite-lithium","E-Z-GO RXV ELiTE Lithium","e-z-go golf buggy","C00064 (210/mo)"
"ezgo-rxv-elite-lithium","E-Z-GO RXV ELiTE Lithium","2 seater golf buggy","C00322 (30/mo)"
"ezgo-rxv-elite-lithium","E-Z-GO RXV ELiTE Lithium","electric golf buggy","C00006 (1900/mo)"
"ezgo-rxv-elite-lithium","E-Z-GO RXV ELiTE Lithium","lithium golf buggy","C00564 (20/mo)"
"ezgo-rxv-elite-lithium","E-Z-GO RXV ELiTE Lithium","golf buggy for sale australia","C00120 (110/mo)"
"ezgo-rxv-elite-lithium","E-Z-GO RXV ELiTE Lithium","samsung sdi lithium batteries","spec sheet"
"ezgo-rxv-elite-lithium","E-Z-GO RXV ELiTE Lithium","automatic electromagnetic brake","spec sheet"
"ezgo-rxv-elite-lithium","E-Z-GO RXV ELiTE Lithium","high-efficiency ac drive","spec sheet"
"ezgo-rxv-elite-lithium","E-Z-GO RXV ELiTE Lithium","golfers fleet buyers retirement village residents","spec sheet"
"ezgo-rxv-elite-lithium","E-Z-GO RXV ELiTE Lithium","golf buggy australia","C00118 (110/mo)"
"ezgo-rxv-elite-lithium","E-Z-GO RXV ELiTE Lithium","buggy for sale yatala qld","spec sheet"
"ezgo-rxv-elite-lithium","E-Z-GO RXV ELiTE Lithium","ezgo elite golf cart for sale","C01615 (20/mo)"
"ezgo-rxv-elite-lithium","E-Z-GO RXV ELiTE Lithium","ezgo elite golf cart price","C01616 (20/mo)"
"yamaha-drive2-ac-lithium","Yamaha Drive2 AC Lithium","yamaha drive2 ac lithium","spec sheet"
"yamaha-drive2-ac-lithium","Yamaha Drive2 AC Lithium","yamaha golf buggy","C00149 (90/mo)"
"yamaha-drive2-ac-lithium","Yamaha Drive2 AC Lithium","2 seater golf buggy","C00322 (30/mo)"
"yamaha-drive2-ac-lithium","Yamaha Drive2 AC Lithium","electric golf buggy","C00006 (1900/mo)"
"yamaha-drive2-ac-lithium","Yamaha Drive2 AC Lithium","lithium golf buggy","C00564 (20/mo)"
"yamaha-drive2-ac-lithium","Yamaha Drive2 AC Lithium","golf buggy for sale australia","C00120 (110/mo)"
"yamaha-drive2-ac-lithium","Yamaha Drive2 AC Lithium","ultra-comfort seats","spec sheet"
"yamaha-drive2-ac-lithium","Yamaha Drive2 AC Lithium","wide dash storage","spec sheet"
"yamaha-drive2-ac-lithium","Yamaha Drive2 AC Lithium","golfers wanting smooth ride comfort","spec sheet"
"yamaha-drive2-ac-lithium","Yamaha Drive2 AC Lithium","course fleets","spec sheet"
"yamaha-drive2-ac-lithium","Yamaha Drive2 AC Lithium","golf buggy australia","C00118 (110/mo)"
"yamaha-drive2-ac-lithium","Yamaha Drive2 AC Lithium","buggy for sale yatala qld","spec sheet"
"yamaha-drive2-ac-lithium","Yamaha Drive2 AC Lithium","yamaha drive 2 golf cart for sale","C02163 (20/mo)"
"yamaha-drive2-ac-lithium","Yamaha Drive2 AC Lithium","yamaha drive 2 golf cart price","C02164 (20/mo)"
"tara-spirit-pro-2-seater","Tara Spirit Pro 2-Seater","tara spirit pro 2-seater","spec sheet"
"tara-spirit-pro-2-seater","Tara Spirit Pro 2-Seater","tara golf buggy","C07689 (0/mo)"
"tara-spirit-pro-2-seater","Tara Spirit Pro 2-Seater","2 seater golf buggy","C00322 (30/mo)"
"tara-spirit-pro-2-seater","Tara Spirit Pro 2-Seater","electric golf buggy","C00006 (1900/mo)"
"tara-spirit-pro-2-seater","Tara Spirit Pro 2-Seater","lithium golf buggy","C00564 (20/mo)"
"tara-spirit-pro-2-seater","Tara Spirit Pro 2-Seater","golf buggy for sale australia","C00120 (110/mo)"
"tara-spirit-pro-2-seater","Tara Spirit Pro 2-Seater","lightweight frame","spec sheet"
"tara-spirit-pro-2-seater","Tara Spirit Pro 2-Seater","rapid charger","spec sheet"
"tara-spirit-pro-2-seater","Tara Spirit Pro 2-Seater","digital speedometer","spec sheet"
"tara-spirit-pro-2-seater","Tara Spirit Pro 2-Seater","sweater basket","spec sheet"
"tara-spirit-pro-2-seater","Tara Spirit Pro 2-Seater","cost-conscious private golfers","spec sheet"
"tara-spirit-pro-2-seater","Tara Spirit Pro 2-Seater","golf buggy australia","C00118 (110/mo)"
"tara-spirit-pro-2-seater","Tara Spirit Pro 2-Seater","buggy for sale yatala qld","spec sheet"
"tara-spirit-pro-2-seater","Tara Spirit Pro 2-Seater","2 seater electric golf carts","C00210 (50/mo)"
"lvtong-2-passenger-golf-buggy","LVTONG 2-Passenger Golf Buggy","lvtong 2-passenger golf buggy","spec sheet"
"lvtong-2-passenger-golf-buggy","LVTONG 2-Passenger Golf Buggy","lvtong golf buggy","spec sheet"
"lvtong-2-passenger-golf-buggy","LVTONG 2-Passenger Golf Buggy","2 seater golf buggy","C00322 (30/mo)"
"lvtong-2-passenger-golf-buggy","LVTONG 2-Passenger Golf Buggy","electric golf buggy","C00006 (1900/mo)"
"lvtong-2-passenger-golf-buggy","LVTONG 2-Passenger Golf Buggy","lithium golf buggy","C00564 (20/mo)"
"lvtong-2-passenger-golf-buggy","LVTONG 2-Passenger Golf Buggy","golf buggy for sale australia","C00120 (110/mo)"
"lvtong-2-passenger-golf-buggy","LVTONG 2-Passenger Golf Buggy","48v system","spec sheet"
"lvtong-2-passenger-golf-buggy","LVTONG 2-Passenger Golf Buggy","split foldable windshield","spec sheet"
"lvtong-2-passenger-golf-buggy","LVTONG 2-Passenger Golf Buggy","dual sand bottles","spec sheet"
"lvtong-2-passenger-golf-buggy","LVTONG 2-Passenger Golf Buggy","caddy bag holder","spec sheet"
"lvtong-2-passenger-golf-buggy","LVTONG 2-Passenger Golf Buggy","budget private buyers","spec sheet"
"lvtong-2-passenger-golf-buggy","LVTONG 2-Passenger Golf Buggy","local golf clubs","spec sheet"
"lvtong-2-passenger-golf-buggy","LVTONG 2-Passenger Golf Buggy","golf buggy australia","C00118 (110/mo)"
"lvtong-2-passenger-golf-buggy","LVTONG 2-Passenger Golf Buggy","buggy for sale yatala qld","spec sheet"
"evolution-classic-2-plus","Evolution Classic 2 Plus","evolution classic 2 plus","spec sheet"
"evolution-classic-2-plus","Evolution Classic 2 Plus","evolution golf buggy","spec sheet"
"evolution-classic-2-plus","Evolution Classic 2 Plus","2 seater golf buggy","C00322 (30/mo)"
"evolution-classic-2-plus","Evolution Classic 2 Plus","electric golf buggy","C00006 (1900/mo)"
"evolution-classic-2-plus","Evolution Classic 2 Plus","lithium golf buggy","C00564 (20/mo)"
"evolution-classic-2-plus","Evolution Classic 2 Plus","golf buggy for sale australia","C00120 (110/mo)"
"evolution-classic-2-plus","Evolution Classic 2 Plus","6.3-inch lcd screen","spec sheet"
"evolution-classic-2-plus","Evolution Classic 2 Plus","lithium-ion battery","spec sheet"
"evolution-classic-2-plus","Evolution Classic 2 Plus","two-tone seats","spec sheet"
"evolution-classic-2-plus","Evolution Classic 2 Plus","side mirrors with turn signals","spec sheet"
"evolution-classic-2-plus","Evolution Classic 2 Plus","modern tech-focused golfers","spec sheet"
"evolution-classic-2-plus","Evolution Classic 2 Plus","golf buggy australia","C00118 (110/mo)"
"evolution-classic-2-plus","Evolution Classic 2 Plus","buggy for sale yatala qld","spec sheet"
"evolution-classic-2-plus","Evolution Classic 2 Plus","evolution 2 seater golf carts","C03328 (10/mo)"
"atlas-4-seater-heavy-duty-lifted-350a","Atlas 4-Seater Heavy Duty Lifted (350A)","atlas 4-seater heavy duty lifted 350a","spec sheet"
"atlas-4-seater-heavy-duty-lifted-350a","Atlas 4-Seater Heavy Duty Lifted (350A)","atlas golf buggy","C05873 (0/mo)"
"atlas-4-seater-heavy-duty-lifted-350a","Atlas 4-Seater Heavy Duty Lifted (350A)","off road golf buggy","C00281 (40/mo)"
"atlas-4-seater-heavy-duty-lifted-350a","Atlas 4-Seater Heavy Duty Lifted (350A)","electric golf buggy","C00006 (1900/mo)"
"atlas-4-seater-heavy-duty-lifted-350a","Atlas 4-Seater Heavy Duty Lifted (350A)","lifted golf buggy","spec sheet"
"atlas-4-seater-heavy-duty-lifted-350a","Atlas 4-Seater Heavy Duty Lifted (350A)","lithium golf buggy","C00564 (20/mo)"
"atlas-4-seater-heavy-duty-lifted-350a","Atlas 4-Seater Heavy Duty Lifted (350A)","350a controller","spec sheet"
"atlas-4-seater-heavy-duty-lifted-350a","Atlas 4-Seater Heavy Duty Lifted (350A)","4-wheel hydraulic brakes","spec sheet"
"atlas-4-seater-heavy-duty-lifted-350a","Atlas 4-Seater Heavy Duty Lifted (350A)","rugged all-terrain tires","spec sheet"
"atlas-4-seater-heavy-duty-lifted-350a","Atlas 4-Seater Heavy Duty Lifted (350A)","brush guard","spec sheet"
"atlas-4-seater-heavy-duty-lifted-350a","Atlas 4-Seater Heavy Duty Lifted (350A)","acreage owners","spec sheet"
"atlas-4-seater-heavy-duty-lifted-350a","Atlas 4-Seater Heavy Duty Lifted (350A)","hilly farm tracks","spec sheet"
"atlas-4-seater-heavy-duty-lifted-350a","Atlas 4-Seater Heavy Duty Lifted (350A)","rural properties","spec sheet"
"atlas-4-seater-heavy-duty-lifted-350a","Atlas 4-Seater Heavy Duty Lifted (350A)","golf buggy australia","C00118 (110/mo)"
"evolution-d-max-gt4-off-road","Evolution D-MAX GT4 Off-Road","evolution d-max gt4 off-road","spec sheet"
"evolution-d-max-gt4-off-road","Evolution D-MAX GT4 Off-Road","evolution golf buggy","spec sheet"
"evolution-d-max-gt4-off-road","Evolution D-MAX GT4 Off-Road","off road golf buggy","C00281 (40/mo)"
"evolution-d-max-gt4-off-road","Evolution D-MAX GT4 Off-Road","electric golf buggy","C00006 (1900/mo)"
"evolution-d-max-gt4-off-road","Evolution D-MAX GT4 Off-Road","lithium golf buggy","C00564 (20/mo)"
"evolution-d-max-gt4-off-road","Evolution D-MAX GT4 Off-Road","heavy duty roll cage","spec sheet"
"evolution-d-max-gt4-off-road","Evolution D-MAX GT4 Off-Road","independent off-road suspension","spec sheet"
"evolution-d-max-gt4-off-road","Evolution D-MAX GT4 Off-Road","integrated winch","spec sheet"
"evolution-d-max-gt4-off-road","Evolution D-MAX GT4 Off-Road","high-power ac engine","spec sheet"
"evolution-d-max-gt4-off-road","Evolution D-MAX GT4 Off-Road","hunters large property managers trail enthusiasts","spec sheet"
"evolution-d-max-gt4-off-road","Evolution D-MAX GT4 Off-Road","golf buggy australia","C00118 (110/mo)"
"evolution-d-max-gt4-off-road","Evolution D-MAX GT4 Off-Road","buggy for sale yatala qld","spec sheet"
"evolution-d-max-gt4-off-road","Evolution D-MAX GT4 Off-Road","evolution golf cart reviews","C00682 (20/mo)"
"ezgo-express-s4-lifted-high-torque","E-Z-GO Express S4 Lifted High-Torque","e-z-go express s4 lifted high-torque","spec sheet"
"ezgo-express-s4-lifted-high-torque","E-Z-GO Express S4 Lifted High-Torque","e-z-go golf buggy","C00064 (210/mo)"
"ezgo-express-s4-lifted-high-torque","E-Z-GO Express S4 Lifted High-Torque","off road golf buggy","C00281 (40/mo)"
"ezgo-express-s4-lifted-high-torque","E-Z-GO Express S4 Lifted High-Torque","electric golf buggy","C00006 (1900/mo)"
"ezgo-express-s4-lifted-high-torque","E-Z-GO Express S4 Lifted High-Torque","lifted golf buggy","spec sheet"
"ezgo-express-s4-lifted-high-torque","E-Z-GO Express S4 Lifted High-Torque","lithium golf buggy","C00564 (20/mo)"
"ezgo-express-s4-lifted-high-torque","E-Z-GO Express S4 Lifted High-Torque","4-inch lift kit","spec sheet"
"ezgo-express-s4-lifted-high-torque","E-Z-GO Express S4 Lifted High-Torque","desert eagle all-terrain tires","spec sheet"
"ezgo-express-s4-lifted-high-torque","E-Z-GO Express S4 Lifted High-Torque","convertible rear seat to cargo bed","spec sheet"
"ezgo-express-s4-lifted-high-torque","E-Z-GO Express S4 Lifted High-Torque","rural families","spec sheet"
"ezgo-express-s4-lifted-high-torque","E-Z-GO Express S4 Lifted High-Torque","farm transport","spec sheet"
"ezgo-express-s4-lifted-high-torque","E-Z-GO Express S4 Lifted High-Torque","golf buggy australia","C00118 (110/mo)"
"ezgo-express-s4-lifted-high-torque","E-Z-GO Express S4 Lifted High-Torque","buggy for sale yatala qld","spec sheet"
"ezgo-express-s4-lifted-high-torque","E-Z-GO Express S4 Lifted High-Torque","ezgo express s4 price","C10885 (0/mo)"
"lvtong-rough-terrain-lifted-buggy","LVTONG Rough-Terrain Lifted Buggy","lvtong rough-terrain lifted buggy","spec sheet"
"lvtong-rough-terrain-lifted-buggy","LVTONG Rough-Terrain Lifted Buggy","lvtong golf buggy","spec sheet"
"lvtong-rough-terrain-lifted-buggy","LVTONG Rough-Terrain Lifted Buggy","off road golf buggy","C00281 (40/mo)"
"lvtong-rough-terrain-lifted-buggy","LVTONG Rough-Terrain Lifted Buggy","electric golf buggy","C00006 (1900/mo)"
"lvtong-rough-terrain-lifted-buggy","LVTONG Rough-Terrain Lifted Buggy","lifted golf buggy","spec sheet"
"lvtong-rough-terrain-lifted-buggy","LVTONG Rough-Terrain Lifted Buggy","lithium golf buggy","C00564 (20/mo)"
"lvtong-rough-terrain-lifted-buggy","LVTONG Rough-Terrain Lifted Buggy","high ground clearance","spec sheet"
"lvtong-rough-terrain-lifted-buggy","LVTONG Rough-Terrain Lifted Buggy","reinforced steel subframe","spec sheet"
"lvtong-rough-terrain-lifted-buggy","LVTONG Rough-Terrain Lifted Buggy","front led light bar","spec sheet"
"lvtong-rough-terrain-lifted-buggy","LVTONG Rough-Terrain Lifted Buggy","farmers orchard owners bush properties","spec sheet"
"lvtong-rough-terrain-lifted-buggy","LVTONG Rough-Terrain Lifted Buggy","golf buggy australia","C00118 (110/mo)"
"lvtong-rough-terrain-lifted-buggy","LVTONG Rough-Terrain Lifted Buggy","buggy for sale yatala qld","spec sheet"
"club-car-onward-lifted-efi-petrol","Club Car Onward Lifted EFI Petrol","club car onward lifted efi petrol","spec sheet"
"club-car-onward-lifted-efi-petrol","Club Car Onward Lifted EFI Petrol","club car golf buggy","C00050 (260/mo)"
"club-car-onward-lifted-efi-petrol","Club Car Onward Lifted EFI Petrol","off road golf buggy","C00281 (40/mo)"
"club-car-onward-lifted-efi-petrol","Club Car Onward Lifted EFI Petrol","petrol golf buggy","C00209 (50/mo)"
"club-car-onward-lifted-efi-petrol","Club Car Onward Lifted EFI Petrol","lifted golf buggy","spec sheet"
"club-car-onward-lifted-efi-petrol","Club Car Onward Lifted EFI Petrol","kohler 14hp efi petrol engine","spec sheet"
"club-car-onward-lifted-efi-petrol","Club Car Onward Lifted EFI Petrol","lifted suspension","spec sheet"
"club-car-onward-lifted-efi-petrol","Club Car Onward Lifted EFI Petrol","all-terrain tread","spec sheet"
"club-car-onward-lifted-efi-petrol","Club Car Onward Lifted EFI Petrol","buyers without grid power access","spec sheet"
"club-car-onward-lifted-efi-petrol","Club Car Onward Lifted EFI Petrol","long-distance farm users","spec sheet"
"club-car-onward-lifted-efi-petrol","Club Car Onward Lifted EFI Petrol","golf buggy australia","C00118 (110/mo)"
"club-car-onward-lifted-efi-petrol","Club Car Onward Lifted EFI Petrol","buggy for sale yatala qld","spec sheet"
"club-car-onward-lifted-efi-petrol","Club Car Onward Lifted EFI Petrol","club car onward lifted 4 passenger","C03670 (10/mo)"
"club-car-onward-lifted-efi-petrol","Club Car Onward Lifted EFI Petrol","club car lifted golf carts","C03392 (10/mo)"
"tara-roadster-4-off-road","Tara Roadster 4 Off-Road","tara roadster 4 off-road","spec sheet"
"tara-roadster-4-off-road","Tara Roadster 4 Off-Road","tara golf buggy","C07689 (0/mo)"
"tara-roadster-4-off-road","Tara Roadster 4 Off-Road","off road golf buggy","C00281 (40/mo)"
"tara-roadster-4-off-road","Tara Roadster 4 Off-Road","electric golf buggy","C00006 (1900/mo)"
"tara-roadster-4-off-road","Tara Roadster 4 Off-Road","lithium golf buggy","C00564 (20/mo)"
"tara-roadster-4-off-road","Tara Roadster 4 Off-Road","high-torque gear ratio","spec sheet"
"tara-roadster-4-off-road","Tara Roadster 4 Off-Road","12-inch off-road rims","spec sheet"
"tara-roadster-4-off-road","Tara Roadster 4 Off-Road","rear cargo tray option","spec sheet"
"tara-roadster-4-off-road","Tara Roadster 4 Off-Road","property owners needing steep incline power","spec sheet"
"tara-roadster-4-off-road","Tara Roadster 4 Off-Road","golf buggy australia","C00118 (110/mo)"
"tara-roadster-4-off-road","Tara Roadster 4 Off-Road","buggy for sale yatala qld","spec sheet"
"club-car-carryall-700-electric-utility","Club Car Carryall 700 Electric Utility","club car carryall 700 electric utility","spec sheet"
"club-car-carryall-700-electric-utility","Club Car Carryall 700 Electric Utility","club car golf buggy","C00050 (260/mo)"
"club-car-carryall-700-electric-utility","Club Car Carryall 700 Electric Utility","utility buggy","spec sheet"
"club-car-carryall-700-electric-utility","Club Car Carryall 700 Electric Utility","commercial buggy","spec sheet"
"club-car-carryall-700-electric-utility","Club Car Carryall 700 Electric Utility","electric utility buggy","C00515 (20/mo)"
"club-car-carryall-700-electric-utility","Club Car Carryall 700 Electric Utility","farm buggy","spec sheet"
"club-car-carryall-700-electric-utility","Club Car Carryall 700 Electric Utility","cargo buggy","spec sheet"
"club-car-carryall-700-electric-utility","Club Car Carryall 700 Electric Utility","6-foot aluminum cargo box","spec sheet"
"club-car-carryall-700-electric-utility","Club Car Carryall 700 Electric Utility","680kg payload capacity","spec sheet"
"club-car-carryall-700-electric-utility","Club Car Carryall 700 Electric Utility","heavy-duty tow hitch","spec sheet"
"club-car-carryall-700-electric-utility","Club Car Carryall 700 Electric Utility","councils maintenance teams commercial farms","spec sheet"
"club-car-carryall-700-electric-utility","Club Car Carryall 700 Electric Utility","golf buggy australia","C00118 (110/mo)"
"club-car-carryall-700-electric-utility","Club Car Carryall 700 Electric Utility","buggy for sale yatala qld","spec sheet"
"club-car-carryall-700-electric-utility","Club Car Carryall 700 Electric Utility","club car carryall 700 price","C01801 (20/mo)"
"ezgo-cushman-hauler-pro-lithium","E-Z-GO Cushman Hauler PRO Lithium","e-z-go cushman hauler pro lithium","spec sheet"
"ezgo-cushman-hauler-pro-lithium","E-Z-GO Cushman Hauler PRO Lithium","e-z-go golf buggy","C00064 (210/mo)"
"ezgo-cushman-hauler-pro-lithium","E-Z-GO Cushman Hauler PRO Lithium","utility buggy","spec sheet"
"ezgo-cushman-hauler-pro-lithium","E-Z-GO Cushman Hauler PRO Lithium","commercial buggy","spec sheet"
"ezgo-cushman-hauler-pro-lithium","E-Z-GO Cushman Hauler PRO Lithium","electric utility buggy","C00515 (20/mo)"
"ezgo-cushman-hauler-pro-lithium","E-Z-GO Cushman Hauler PRO Lithium","cargo buggy","spec sheet"
"ezgo-cushman-hauler-pro-lithium","E-Z-GO Cushman Hauler PRO Lithium","72v ac drive","spec sheet"
"ezgo-cushman-hauler-pro-lithium","E-Z-GO Cushman Hauler PRO Lithium","electric cargo bed dump option","spec sheet"
"ezgo-cushman-hauler-pro-lithium","E-Z-GO Cushman Hauler PRO Lithium","544kg towing capacity","spec sheet"
"ezgo-cushman-hauler-pro-lithium","E-Z-GO Cushman Hauler PRO Lithium","turf managers schools university campuses","spec sheet"
"ezgo-cushman-hauler-pro-lithium","E-Z-GO Cushman Hauler PRO Lithium","golf buggy australia","C00118 (110/mo)"
"ezgo-cushman-hauler-pro-lithium","E-Z-GO Cushman Hauler PRO Lithium","buggy for sale yatala qld","spec sheet"
"ezgo-cushman-hauler-pro-lithium","E-Z-GO Cushman Hauler PRO Lithium","cushman electric utility cart","C03408 (10/mo)"
"ezgo-cushman-hauler-pro-lithium","E-Z-GO Cushman Hauler PRO Lithium","cushman electric cart","C00631 (20/mo)"
"yamaha-umax-rally-efi-petrol","Yamaha UMAX Rally EFI Petrol","yamaha umax rally efi petrol","spec sheet"
"yamaha-umax-rally-efi-petrol","Yamaha UMAX Rally EFI Petrol","yamaha golf buggy","C00149 (90/mo)"
"yamaha-umax-rally-efi-petrol","Yamaha UMAX Rally EFI Petrol","efi utility buggy","spec sheet"
"yamaha-umax-rally-efi-petrol","Yamaha UMAX Rally EFI Petrol","utility buggy","spec sheet"
"yamaha-umax-rally-efi-petrol","Yamaha UMAX Rally EFI Petrol","commercial buggy","spec sheet"
"yamaha-umax-rally-efi-petrol","Yamaha UMAX Rally EFI Petrol","petrol utility buggy","spec sheet"
"yamaha-umax-rally-efi-petrol","Yamaha UMAX Rally EFI Petrol","farm buggy","spec sheet"
"yamaha-umax-rally-efi-petrol","Yamaha UMAX Rally EFI Petrol","402cc yamaha efi engine","spec sheet"
"yamaha-umax-rally-efi-petrol","Yamaha UMAX Rally EFI Petrol","side-filling fuel tank","spec sheet"
"yamaha-umax-rally-efi-petrol","Yamaha UMAX Rally EFI Petrol","bucket seats","spec sheet"
"yamaha-umax-rally-efi-petrol","Yamaha UMAX Rally EFI Petrol","under-hood storage","spec sheet"
"yamaha-umax-rally-efi-petrol","Yamaha UMAX Rally EFI Petrol","livestock properties","spec sheet"
"yamaha-umax-rally-efi-petrol","Yamaha UMAX Rally EFI Petrol","large regional venues","spec sheet"
"yamaha-umax-rally-efi-petrol","Yamaha UMAX Rally EFI Petrol","golf buggy australia","C00118 (110/mo)"
"evolution-700-heavy-commercial-utility","Evolution 700 Heavy Commercial Utility","evolution 700 heavy commercial utility","spec sheet"
"evolution-700-heavy-commercial-utility","Evolution 700 Heavy Commercial Utility","evolution golf buggy","spec sheet"
"evolution-700-heavy-commercial-utility","Evolution 700 Heavy Commercial Utility","utility buggy","spec sheet"
"evolution-700-heavy-commercial-utility","Evolution 700 Heavy Commercial Utility","commercial buggy","spec sheet"
"evolution-700-heavy-commercial-utility","Evolution 700 Heavy Commercial Utility","electric utility buggy","C00515 (20/mo)"
"evolution-700-heavy-commercial-utility","Evolution 700 Heavy Commercial Utility","cargo buggy","spec sheet"
"evolution-700-heavy-commercial-utility","Evolution 700 Heavy Commercial Utility","drop-side flatbed tray","spec sheet"
"evolution-700-heavy-commercial-utility","Evolution 700 Heavy Commercial Utility","lithium-ion","spec sheet"
"evolution-700-heavy-commercial-utility","Evolution 700 Heavy Commercial Utility","high-output headlights","spec sheet"
"evolution-700-heavy-commercial-utility","Evolution 700 Heavy Commercial Utility","tow bar","spec sheet"
"evolution-700-heavy-commercial-utility","Evolution 700 Heavy Commercial Utility","facility management","spec sheet"
"evolution-700-heavy-commercial-utility","Evolution 700 Heavy Commercial Utility","security patrols","spec sheet"
"evolution-700-heavy-commercial-utility","Evolution 700 Heavy Commercial Utility","golf buggy australia","C00118 (110/mo)"
"evolution-700-heavy-commercial-utility","Evolution 700 Heavy Commercial Utility","buggy for sale yatala qld","spec sheet"
"lvtong-commercial-flatbed-cargo-buggy","LVTONG Commercial Flatbed / Cargo Buggy","lvtong commercial flatbed / cargo buggy","spec sheet"
"lvtong-commercial-flatbed-cargo-buggy","LVTONG Commercial Flatbed / Cargo Buggy","lvtong golf buggy","spec sheet"
"lvtong-commercial-flatbed-cargo-buggy","LVTONG Commercial Flatbed / Cargo Buggy","utility buggy","spec sheet"
"lvtong-commercial-flatbed-cargo-buggy","LVTONG Commercial Flatbed / Cargo Buggy","commercial buggy","spec sheet"
"lvtong-commercial-flatbed-cargo-buggy","LVTONG Commercial Flatbed / Cargo Buggy","electric utility buggy","C00515 (20/mo)"
"lvtong-commercial-flatbed-cargo-buggy","LVTONG Commercial Flatbed / Cargo Buggy","resort shuttle buggy","spec sheet"
"lvtong-commercial-flatbed-cargo-buggy","LVTONG Commercial Flatbed / Cargo Buggy","cargo buggy","spec sheet"
"lvtong-commercial-flatbed-cargo-buggy","LVTONG Commercial Flatbed / Cargo Buggy","steel mesh flatbed","spec sheet"
"lvtong-commercial-flatbed-cargo-buggy","LVTONG Commercial Flatbed / Cargo Buggy","low loader height","spec sheet"
"lvtong-commercial-flatbed-cargo-buggy","LVTONG Commercial Flatbed / Cargo Buggy","regenerative braking","spec sheet"
"lvtong-commercial-flatbed-cargo-buggy","LVTONG Commercial Flatbed / Cargo Buggy","warehouses nurseries eco-resort groundskeepers","spec sheet"
"lvtong-commercial-flatbed-cargo-buggy","LVTONG Commercial Flatbed / Cargo Buggy","golf buggy australia","C00118 (110/mo)"
"lvtong-commercial-flatbed-cargo-buggy","LVTONG Commercial Flatbed / Cargo Buggy","buggy for sale yatala qld","spec sheet"
"lvtong-commercial-flatbed-cargo-buggy","LVTONG Commercial Flatbed / Cargo Buggy","electric flatbed golf cart","C05314 (0/mo)"
"club-car-transporter-6-commercial","Club Car Transporter 6 Commercial","club car transporter 6 commercial","spec sheet"
"club-car-transporter-6-commercial","Club Car Transporter 6 Commercial","club car golf buggy","C00050 (260/mo)"
"club-car-transporter-6-commercial","Club Car Transporter 6 Commercial","utility buggy","spec sheet"
"club-car-transporter-6-commercial","Club Car Transporter 6 Commercial","commercial buggy","spec sheet"
"club-car-transporter-6-commercial","Club Car Transporter 6 Commercial","electric utility buggy","C00515 (20/mo)"
"club-car-transporter-6-commercial","Club Car Transporter 6 Commercial","resort shuttle buggy","spec sheet"
"club-car-transporter-6-commercial","Club Car Transporter 6 Commercial","6 seater golf buggy","C00764 (20/mo)"
"club-car-transporter-6-commercial","Club Car Transporter 6 Commercial","6-passenger forward-facing seating","spec sheet"
"club-car-transporter-6-commercial","Club Car Transporter 6 Commercial","armor-flex body","spec sheet"
"club-car-transporter-6-commercial","Club Car Transporter 6 Commercial","heavy-duty axles","spec sheet"
"club-car-transporter-6-commercial","Club Car Transporter 6 Commercial","airports mines large resort guest shuttles","spec sheet"
"club-car-transporter-6-commercial","Club Car Transporter 6 Commercial","golf buggy australia","C00118 (110/mo)"
"club-car-transporter-6-commercial","Club Car Transporter 6 Commercial","buggy for sale yatala qld","spec sheet"
"club-car-transporter-6-commercial","Club Car Transporter 6 Commercial","club car golf buggy for sale","C00116 (110/mo)"
"yamaha-drive2-quiettech-efi-petrol","Yamaha Drive2 QuietTech EFI Petrol","yamaha drive2 quiettech efi petrol","spec sheet"
"yamaha-drive2-quiettech-efi-petrol","Yamaha Drive2 QuietTech EFI Petrol","yamaha golf buggy","C00149 (90/mo)"
"yamaha-drive2-quiettech-efi-petrol","Yamaha Drive2 QuietTech EFI Petrol","petrol golf buggy","C00209 (50/mo)"
"yamaha-drive2-quiettech-efi-petrol","Yamaha Drive2 QuietTech EFI Petrol","petrol golf cart","C00066 (170/mo)"
"yamaha-drive2-quiettech-efi-petrol","Yamaha Drive2 QuietTech EFI Petrol","efi golf buggy","spec sheet"
"yamaha-drive2-quiettech-efi-petrol","Yamaha Drive2 QuietTech EFI Petrol","fully independent rear suspension","spec sheet"
"yamaha-drive2-quiettech-efi-petrol","Yamaha Drive2 QuietTech EFI Petrol","high mpg","spec sheet"
"yamaha-drive2-quiettech-efi-petrol","Yamaha Drive2 QuietTech EFI Petrol","golf buggy australia","C00118 (110/mo)"
"yamaha-drive2-quiettech-efi-petrol","Yamaha Drive2 QuietTech EFI Petrol","buggy for sale yatala qld","spec sheet"
"yamaha-drive2-quiettech-efi-petrol","Yamaha Drive2 QuietTech EFI Petrol","yamaha petrol golf cart for sale","C00409 (30/mo)"
"yamaha-drive2-quiettech-efi-petrol","Yamaha Drive2 QuietTech EFI Petrol","yamaha petrol golf cart price","C00171 (70/mo)"
"yamaha-drive2-quiettech-efi-petrol","Yamaha Drive2 QuietTech EFI Petrol","yamaha efi golf cart for sale","C02167 (20/mo)"
"yamaha-drive2-quiettech-efi-petrol","Yamaha Drive2 QuietTech EFI Petrol","yamaha efi golf cart price","C02168 (20/mo)"
"yamaha-drive2-quiettech-efi-petrol","Yamaha Drive2 QuietTech EFI Petrol","yamaha gas golf cart for sale","C02211 (20/mo)"
"club-car-tempo-efi-petrol","Club Car Tempo EFI Petrol","club car tempo efi petrol","spec sheet"
"club-car-tempo-efi-petrol","Club Car Tempo EFI Petrol","club car golf buggy","C00050 (260/mo)"
"club-car-tempo-efi-petrol","Club Car Tempo EFI Petrol","petrol golf buggy","C00209 (50/mo)"
"club-car-tempo-efi-petrol","Club Car Tempo EFI Petrol","petrol golf cart","C00066 (170/mo)"
"club-car-tempo-efi-petrol","Club Car Tempo EFI Petrol","efi golf buggy","spec sheet"
"club-car-tempo-efi-petrol","Club Car Tempo EFI Petrol","14hp single cylinder engine","spec sheet"
"club-car-tempo-efi-petrol","Club Car Tempo EFI Petrol","overhead cam","spec sheet"
"club-car-tempo-efi-petrol","Club Car Tempo EFI Petrol","tank capacity 25.4l","spec sheet"
"club-car-tempo-efi-petrol","Club Car Tempo EFI Petrol","traditional rural users","spec sheet"
"club-car-tempo-efi-petrol","Club Car Tempo EFI Petrol","remote property caretakers","spec sheet"
"club-car-tempo-efi-petrol","Club Car Tempo EFI Petrol","golf buggy australia","C00118 (110/mo)"
"club-car-tempo-efi-petrol","Club Car Tempo EFI Petrol","buggy for sale yatala qld","spec sheet"
"club-car-tempo-efi-petrol","Club Car Tempo EFI Petrol","club car petrol golf cart","C01844 (20/mo)"
"club-car-tempo-efi-petrol","Club Car Tempo EFI Petrol","club car petrol golf carts for sale","C06168 (0/mo)"
"ezgo-freedom-rxv-gas","E-Z-GO Freedom RXV Gas","e-z-go freedom rxv gas","spec sheet"
"ezgo-freedom-rxv-gas","E-Z-GO Freedom RXV Gas","e-z-go golf buggy","C00064 (210/mo)"
"ezgo-freedom-rxv-gas","E-Z-GO Freedom RXV Gas","petrol golf buggy","C00209 (50/mo)"
"ezgo-freedom-rxv-gas","E-Z-GO Freedom RXV Gas","petrol golf cart","C00066 (170/mo)"
"ezgo-freedom-rxv-gas","E-Z-GO Freedom RXV Gas","efi golf buggy","spec sheet"
"ezgo-freedom-rxv-gas","E-Z-GO Freedom RXV Gas","ex1 closed-loop efi petrol engine","spec sheet"
"ezgo-freedom-rxv-gas","E-Z-GO Freedom RXV Gas","low maintenance","spec sheet"
"ezgo-freedom-rxv-gas","E-Z-GO Freedom RXV Gas","energy efficient","spec sheet"
"ezgo-freedom-rxv-gas","E-Z-GO Freedom RXV Gas","farmers acreage owners","spec sheet"
"ezgo-freedom-rxv-gas","E-Z-GO Freedom RXV Gas","golf buggy australia","C00118 (110/mo)"
"ezgo-freedom-rxv-gas","E-Z-GO Freedom RXV Gas","buggy for sale yatala qld","spec sheet"
"ezgo-freedom-rxv-gas","E-Z-GO Freedom RXV Gas","ezgo gas golf cart for sale","C03718 (10/mo)"
"ezgo-freedom-rxv-gas","E-Z-GO Freedom RXV Gas","ezgo rxv gas golf cart","C03794 (10/mo)"
"ezgo-freedom-rxv-gas","E-Z-GO Freedom RXV Gas","ezgo freedom rxv price australia","C08803 (0/mo)"
"cushman-hauler-1200-gas-utility","Cushman Hauler 1200 Gas Utility","cushman hauler 1200 gas utility","spec sheet"
"cushman-hauler-1200-gas-utility","Cushman Hauler 1200 Gas Utility","cushman golf buggy","C00865 (20/mo)"
"cushman-hauler-1200-gas-utility","Cushman Hauler 1200 Gas Utility","petrol golf buggy","C00209 (50/mo)"
"cushman-hauler-1200-gas-utility","Cushman Hauler 1200 Gas Utility","petrol golf cart","C00066 (170/mo)"
"cushman-hauler-1200-gas-utility","Cushman Hauler 1200 Gas Utility","petrol utility buggy","spec sheet"
"cushman-hauler-1200-gas-utility","Cushman Hauler 1200 Gas Utility","13.5hp kawasaki engine","spec sheet"
"cushman-hauler-1200-gas-utility","Cushman Hauler 1200 Gas Utility","manual dump bed","spec sheet"
"cushman-hauler-1200-gas-utility","Cushman Hauler 1200 Gas Utility","544kg total load capacity","spec sheet"
"cushman-hauler-1200-gas-utility","Cushman Hauler 1200 Gas Utility","heavy agricultural property work","spec sheet"
"cushman-hauler-1200-gas-utility","Cushman Hauler 1200 Gas Utility","golf buggy australia","C00118 (110/mo)"
"cushman-hauler-1200-gas-utility","Cushman Hauler 1200 Gas Utility","buggy for sale yatala qld","spec sheet"
"cushman-hauler-1200-gas-utility","Cushman Hauler 1200 Gas Utility","cushman carts for sale","C01511 (20/mo)"
"cushman-hauler-1200-gas-utility","Cushman Hauler 1200 Gas Utility","cushman buggy for sale","C06209 (0/mo)"
"cushman-hauler-1200-gas-utility","Cushman Hauler 1200 Gas Utility","cushman cart models","C03700 (10/mo)"
"yamaha-umax-one-efi-utility","Yamaha UMAX One EFI Utility","yamaha umax one efi utility","spec sheet"
"yamaha-umax-one-efi-utility","Yamaha UMAX One EFI Utility","yamaha golf buggy","C00149 (90/mo)"
"yamaha-umax-one-efi-utility","Yamaha UMAX One EFI Utility","petrol golf buggy","C00209 (50/mo)"
"yamaha-umax-one-efi-utility","Yamaha UMAX One EFI Utility","petrol golf cart","C00066 (170/mo)"
"yamaha-umax-one-efi-utility","Yamaha UMAX One EFI Utility","efi golf buggy","spec sheet"
"yamaha-umax-one-efi-utility","Yamaha UMAX One EFI Utility","petrol utility buggy","spec sheet"
"yamaha-umax-one-efi-utility","Yamaha UMAX One EFI Utility","compact utility bed","spec sheet"
"yamaha-umax-one-efi-utility","Yamaha UMAX One EFI Utility","one-hand latch system","spec sheet"
"yamaha-umax-one-efi-utility","Yamaha UMAX One EFI Utility","high comfort bucket seats","spec sheet"
"yamaha-umax-one-efi-utility","Yamaha UMAX One EFI Utility","small farms","spec sheet"
"yamaha-umax-one-efi-utility","Yamaha UMAX One EFI Utility","lifestyle blocks","spec sheet"
"yamaha-umax-one-efi-utility","Yamaha UMAX One EFI Utility","sport venues","spec sheet"
"yamaha-umax-one-efi-utility","Yamaha UMAX One EFI Utility","golf buggy australia","C00118 (110/mo)"
"yamaha-umax-one-efi-utility","Yamaha UMAX One EFI Utility","buggy for sale yatala qld","spec sheet"
"club-car-carryall-300-petrol","Club Car Carryall 300 Petrol","club car carryall 300 petrol","spec sheet"
"club-car-carryall-300-petrol","Club Car Carryall 300 Petrol","club car golf buggy","C00050 (260/mo)"
"club-car-carryall-300-petrol","Club Car Carryall 300 Petrol","petrol golf buggy","C00209 (50/mo)"
"club-car-carryall-300-petrol","Club Car Carryall 300 Petrol","petrol golf cart","C00066 (170/mo)"
"club-car-carryall-300-petrol","Club Car Carryall 300 Petrol","efi golf buggy","spec sheet"
"club-car-carryall-300-petrol","Club Car Carryall 300 Petrol","petrol utility buggy","spec sheet"
"club-car-carryall-300-petrol","Club Car Carryall 300 Petrol","14hp engine","spec sheet"
"club-car-carryall-300-petrol","Club Car Carryall 300 Petrol","compact turning radius","spec sheet"
"club-car-carryall-300-petrol","Club Car Carryall 300 Petrol","light commercial","spec sheet"
"club-car-carryall-300-petrol","Club Car Carryall 300 Petrol","school groundskeeping","spec sheet"
"club-car-carryall-300-petrol","Club Car Carryall 300 Petrol","golf buggy australia","C00118 (110/mo)"
"club-car-carryall-300-petrol","Club Car Carryall 300 Petrol","buggy for sale yatala qld","spec sheet"
"club-car-carryall-300-petrol","Club Car Carryall 300 Petrol","club car carryall price","C01803 (20/mo)"
"mgi-ai-navigator-gps-remote-buggy","MGI Ai Navigator GPS Remote Buggy","mgi ai navigator gps remote buggy","spec sheet"
"mgi-ai-navigator-gps-remote-buggy","MGI Ai Navigator GPS Remote Buggy","mgi golf buggy","C00005 (1900/mo)"
"mgi-ai-navigator-gps-remote-buggy","MGI Ai Navigator GPS Remote Buggy","motorised golf buggy","C00029 (390/mo)"
"mgi-ai-navigator-gps-remote-buggy","MGI Ai Navigator GPS Remote Buggy","electric golf trolley","C00049 (260/mo)"
"mgi-ai-navigator-gps-remote-buggy","MGI Ai Navigator GPS Remote Buggy","walk behind golf buggy","spec sheet"
"mgi-ai-navigator-gps-remote-buggy","MGI Ai Navigator GPS Remote Buggy","lithium golf trolley","C02787 (10/mo)"
"mgi-ai-navigator-gps-remote-buggy","MGI Ai Navigator GPS Remote Buggy","remote control golf buggy","C00017 (480/mo)"
"mgi-ai-navigator-gps-remote-buggy","MGI Ai Navigator GPS Remote Buggy","gps golf trolley","C00546 (20/mo)"
"mgi-ai-navigator-gps-remote-buggy","MGI Ai Navigator GPS Remote Buggy","full directional remote","spec sheet"
"mgi-ai-navigator-gps-remote-buggy","MGI Ai Navigator GPS Remote Buggy","integrated touchscreen gps","spec sheet"
"mgi-ai-navigator-gps-remote-buggy","MGI Ai Navigator GPS Remote Buggy","gyroscope straight tracker","spec sheet"
"mgi-ai-navigator-gps-remote-buggy","MGI Ai Navigator GPS Remote Buggy","private golfers walking the course","spec sheet"
"mgi-ai-navigator-gps-remote-buggy","MGI Ai Navigator GPS Remote Buggy","golf buggy australia","C00118 (110/mo)"
"mgi-ai-navigator-gps-remote-buggy","MGI Ai Navigator GPS Remote Buggy","buggy for sale yatala qld","spec sheet"
"mgi-zip-navigator-all-terrain","MGI Zip Navigator All-Terrain","mgi zip navigator all-terrain","spec sheet"
"mgi-zip-navigator-all-terrain","MGI Zip Navigator All-Terrain","mgi golf buggy","C00005 (1900/mo)"
"mgi-zip-navigator-all-terrain","MGI Zip Navigator All-Terrain","motorised golf buggy","C00029 (390/mo)"
"mgi-zip-navigator-all-terrain","MGI Zip Navigator All-Terrain","electric golf trolley","C00049 (260/mo)"
"mgi-zip-navigator-all-terrain","MGI Zip Navigator All-Terrain","walk behind golf buggy","spec sheet"
"mgi-zip-navigator-all-terrain","MGI Zip Navigator All-Terrain","lithium golf trolley","C02787 (10/mo)"
"mgi-zip-navigator-all-terrain","MGI Zip Navigator All-Terrain","twin 230w motors","spec sheet"
"mgi-zip-navigator-all-terrain","MGI Zip Navigator All-Terrain","24v 380wh lithium battery","spec sheet"
"mgi-zip-navigator-all-terrain","MGI Zip Navigator All-Terrain","rear anti-tip 5th wheel","spec sheet"
"mgi-zip-navigator-all-terrain","MGI Zip Navigator All-Terrain","walk-behind golfers wanting all-terrain stability","spec sheet"
"mgi-zip-navigator-all-terrain","MGI Zip Navigator All-Terrain","golf buggy australia","C00118 (110/mo)"
"mgi-zip-navigator-all-terrain","MGI Zip Navigator All-Terrain","buggy for sale yatala qld","spec sheet"
"mgi-zip-navigator-all-terrain","MGI Zip Navigator All-Terrain","mgi navigator all terrain","C00076 (170/mo)"
"mgi-zip-navigator-all-terrain","MGI Zip Navigator All-Terrain","mgi navigator all terrain golf buggy reviews","C07925 (0/mo)"
"mgi-2024-zip-x5-36-hole-lithium","MGI 2024 Zip X5 36-Hole Lithium","mgi 2024 zip x5 36-hole lithium","spec sheet"
"mgi-2024-zip-x5-36-hole-lithium","MGI 2024 Zip X5 36-Hole Lithium","mgi golf buggy","C00005 (1900/mo)"
"mgi-2024-zip-x5-36-hole-lithium","MGI 2024 Zip X5 36-Hole Lithium","motorised golf buggy","C00029 (390/mo)"
"mgi-2024-zip-x5-36-hole-lithium","MGI 2024 Zip X5 36-Hole Lithium","electric golf trolley","C00049 (260/mo)"
"mgi-2024-zip-x5-36-hole-lithium","MGI 2024 Zip X5 36-Hole Lithium","walk behind golf buggy","spec sheet"
"mgi-2024-zip-x5-36-hole-lithium","MGI 2024 Zip X5 36-Hole Lithium","lithium golf trolley","C02787 (10/mo)"
"mgi-2024-zip-x5-36-hole-lithium","MGI 2024 Zip X5 36-Hole Lithium","downhill speed control","spec sheet"
"mgi-2024-zip-x5-36-hole-lithium","MGI 2024 Zip X5 36-Hole Lithium","electronic park brake","spec sheet"
"mgi-2024-zip-x5-36-hole-lithium","MGI 2024 Zip X5 36-Hole Lithium","distance control function","spec sheet"
"mgi-2024-zip-x5-36-hole-lithium","MGI 2024 Zip X5 36-Hole Lithium","golfers playing long 36-hole days","spec sheet"
"mgi-2024-zip-x5-36-hole-lithium","MGI 2024 Zip X5 36-Hole Lithium","golf buggy australia","C00118 (110/mo)"
"mgi-2024-zip-x5-36-hole-lithium","MGI 2024 Zip X5 36-Hole Lithium","buggy for sale yatala qld","spec sheet"
"mgi-2024-zip-x5-36-hole-lithium","MGI 2024 Zip X5 36-Hole Lithium","mgi zip x5 review","C00301 (40/mo)"
"mgi-2024-zip-x5-36-hole-lithium","MGI 2024 Zip X5 36-Hole Lithium","mgi zip x5 best price","C02723 (20/mo)"
"powakaddy-fx7-gps-lithium","PowaKaddy FX7 GPS Lithium","powakaddy fx7 gps lithium","spec sheet"
"powakaddy-fx7-gps-lithium","PowaKaddy FX7 GPS Lithium","powakaddy golf buggy","C00199 (70/mo)"
"powakaddy-fx7-gps-lithium","PowaKaddy FX7 GPS Lithium","motorised golf buggy","C00029 (390/mo)"
"powakaddy-fx7-gps-lithium","PowaKaddy FX7 GPS Lithium","electric golf trolley","C00049 (260/mo)"
"powakaddy-fx7-gps-lithium","PowaKaddy FX7 GPS Lithium","walk behind golf buggy","spec sheet"
"powakaddy-fx7-gps-lithium","PowaKaddy FX7 GPS Lithium","lithium golf trolley","C02787 (10/mo)"
"powakaddy-fx7-gps-lithium","PowaKaddy FX7 GPS Lithium","gps golf trolley","C00546 (20/mo)"
"powakaddy-fx7-gps-lithium","PowaKaddy FX7 GPS Lithium","high-power 30v plug n play lithium","spec sheet"
"powakaddy-fx7-gps-lithium","PowaKaddy FX7 GPS Lithium","tech-savvy golfers seeking uk engineering","spec sheet"
"powakaddy-fx7-gps-lithium","PowaKaddy FX7 GPS Lithium","golf buggy australia","C00118 (110/mo)"
"powakaddy-fx7-gps-lithium","PowaKaddy FX7 GPS Lithium","buggy for sale yatala qld","spec sheet"
"powakaddy-fx7-gps-lithium","PowaKaddy FX7 GPS Lithium","powakaddy fx7 gps","C01328 (20/mo)"
"powakaddy-fx7-gps-lithium","PowaKaddy FX7 GPS Lithium","powakaddy fx7 review","C01329 (20/mo)"
"powakaddy-fx7-gps-lithium","PowaKaddy FX7 GPS Lithium","powakaddy electric golf buggies","C01327 (20/mo)"
"robera-pro-follow-remote-golf-buggy","Robera Pro Follow Remote Golf Buggy","robera pro follow remote golf buggy","spec sheet"
"robera-pro-follow-remote-golf-buggy","Robera Pro Follow Remote Golf Buggy","robera golf buggy","C07568 (0/mo)"
"robera-pro-follow-remote-golf-buggy","Robera Pro Follow Remote Golf Buggy","motorised golf buggy","C00029 (390/mo)"
"robera-pro-follow-remote-golf-buggy","Robera Pro Follow Remote Golf Buggy","electric golf trolley","C00049 (260/mo)"
"robera-pro-follow-remote-golf-buggy","Robera Pro Follow Remote Golf Buggy","walk behind golf buggy","spec sheet"
"robera-pro-follow-remote-golf-buggy","Robera Pro Follow Remote Golf Buggy","lithium golf trolley","C02787 (10/mo)"
"robera-pro-follow-remote-golf-buggy","Robera Pro Follow Remote Golf Buggy","remote control golf buggy","C00017 (480/mo)"
"robera-pro-follow-remote-golf-buggy","Robera Pro Follow Remote Golf Buggy","follow me golf buggy","C00237 (50/mo)"
"robera-pro-follow-remote-golf-buggy","Robera Pro Follow Remote Golf Buggy","smart follow tracking tag","spec sheet"
"robera-pro-follow-remote-golf-buggy","Robera Pro Follow Remote Golf Buggy","remote control dual-mode","spec sheet"
"robera-pro-follow-remote-golf-buggy","Robera Pro Follow Remote Golf Buggy","all-terrain dual motors","spec sheet"
"robera-pro-follow-remote-golf-buggy","Robera Pro Follow Remote Golf Buggy","premium walk-behind buyers seeking hands-free tech","spec sheet"
"robera-pro-follow-remote-golf-buggy","Robera Pro Follow Remote Golf Buggy","golf buggy australia","C00118 (110/mo)"
"robera-pro-follow-remote-golf-buggy","Robera Pro Follow Remote Golf Buggy","buggy for sale yatala qld","spec sheet"
"mgi-zip-x1-lithium-buggy","MGI Zip X1 Lithium Buggy","mgi zip x1 lithium buggy","spec sheet"
"mgi-zip-x1-lithium-buggy","MGI Zip X1 Lithium Buggy","mgi golf buggy","C00005 (1900/mo)"
"mgi-zip-x1-lithium-buggy","MGI Zip X1 Lithium Buggy","motorised golf buggy","C00029 (390/mo)"
"mgi-zip-x1-lithium-buggy","MGI Zip X1 Lithium Buggy","electric golf trolley","C00049 (260/mo)"
"mgi-zip-x1-lithium-buggy","MGI Zip X1 Lithium Buggy","walk behind golf buggy","spec sheet"
"mgi-zip-x1-lithium-buggy","MGI Zip X1 Lithium Buggy","lithium golf trolley","C02787 (10/mo)"
"mgi-zip-x1-lithium-buggy","MGI Zip X1 Lithium Buggy","simple speed dial","spec sheet"
"mgi-zip-x1-lithium-buggy","MGI Zip X1 Lithium Buggy","click & go lithium system","spec sheet"
"mgi-zip-x1-lithium-buggy","MGI Zip X1 Lithium Buggy","compact fold mechanism","spec sheet"
"mgi-zip-x1-lithium-buggy","MGI Zip X1 Lithium Buggy","first-time motorised buggy buyers","spec sheet"
"mgi-zip-x1-lithium-buggy","MGI Zip X1 Lithium Buggy","golf buggy australia","C00118 (110/mo)"
"mgi-zip-x1-lithium-buggy","MGI Zip X1 Lithium Buggy","buggy for sale yatala qld","spec sheet"
"mgi-zip-x1-lithium-buggy","MGI Zip X1 Lithium Buggy","mgi zip x1 review","C00425 (30/mo)"
"mgi-zip-x1-lithium-buggy","MGI Zip X1 Lithium Buggy","mgi zip x1 price","C02709 (20/mo)"
"eco-battery-48v-105ah-lithium-conversion-kit","Eco Battery 48V 105Ah Lithium Conversion Kit","eco battery 48v 105ah lithium conversion kit","spec sheet"
"eco-battery-48v-105ah-lithium-conversion-kit","Eco Battery 48V 105Ah Lithium Conversion Kit","eco battery golf buggy battery","spec sheet"
"eco-battery-48v-105ah-lithium-conversion-kit","Eco Battery 48V 105Ah Lithium Conversion Kit","lithium golf buggy battery","spec sheet"
"eco-battery-48v-105ah-lithium-conversion-kit","Eco Battery 48V 105Ah Lithium Conversion Kit","lithium conversion kit","spec sheet"
"eco-battery-48v-105ah-lithium-conversion-kit","Eco Battery 48V 105Ah Lithium Conversion Kit","golf buggy battery","C00045 (260/mo)"
"eco-battery-48v-105ah-lithium-conversion-kit","Eco Battery 48V 105Ah Lithium Conversion Kit","digital gauge","spec sheet"
"eco-battery-48v-105ah-lithium-conversion-kit","Eco Battery 48V 105Ah Lithium Conversion Kit","mounting bracket","spec sheet"
"eco-battery-48v-105ah-lithium-conversion-kit","Eco Battery 48V 105Ah Lithium Conversion Kit","universal harness","spec sheet"
"eco-battery-48v-105ah-lithium-conversion-kit","Eco Battery 48V 105Ah Lithium Conversion Kit","golf cart owners upgrading from lead-acid to lithium","spec sheet"
"eco-battery-48v-105ah-lithium-conversion-kit","Eco Battery 48V 105Ah Lithium Conversion Kit","golf buggy accessories australia","C00108 (110/mo)"
"eco-battery-48v-105ah-lithium-conversion-kit","Eco Battery 48V 105Ah Lithium Conversion Kit","lithium conversion kit 48v","spec sheet"
"eco-battery-48v-105ah-lithium-conversion-kit","Eco Battery 48V 105Ah Lithium Conversion Kit","105ah lithium conversion","spec sheet"
"eco-battery-48v-105ah-lithium-conversion-kit","Eco Battery 48V 105Ah Lithium Conversion Kit","electric golf cart conversion","C01976 (20/mo)"
"eco-battery-48v-105ah-lithium-conversion-kit","Eco Battery 48V 105Ah Lithium Conversion Kit","golf push cart electric conversion kit","C02013 (20/mo)"
"roypow-48v-105ah-lithium-battery-pack","RoyPow 48V 105Ah Golf Cart Lithium Battery Pack","roypow 48v 105ah golf cart lithium battery pack","spec sheet"
"roypow-48v-105ah-lithium-battery-pack","RoyPow 48V 105Ah Golf Cart Lithium Battery Pack","roypow golf buggy battery","spec sheet"
"roypow-48v-105ah-lithium-battery-pack","RoyPow 48V 105Ah Golf Cart Lithium Battery Pack","lithium golf buggy battery","spec sheet"
"roypow-48v-105ah-lithium-battery-pack","RoyPow 48V 105Ah Golf Cart Lithium Battery Pack","golf buggy battery","C00045 (260/mo)"
"roypow-48v-105ah-lithium-battery-pack","RoyPow 48V 105Ah Golf Cart Lithium Battery Pack","drop-in replacement","spec sheet"
"roypow-48v-105ah-lithium-battery-pack","RoyPow 48V 105Ah Golf Cart Lithium Battery Pack","built-in bms","spec sheet"
"roypow-48v-105ah-lithium-battery-pack","RoyPow 48V 105Ah Golf Cart Lithium Battery Pack","5-year warranty","spec sheet"
"roypow-48v-105ah-lithium-battery-pack","RoyPow 48V 105Ah Golf Cart Lithium Battery Pack","thermal protection","spec sheet"
"roypow-48v-105ah-lithium-battery-pack","RoyPow 48V 105Ah Golf Cart Lithium Battery Pack","club car precedent / ezgo rxv owners","spec sheet"
"roypow-48v-105ah-lithium-battery-pack","RoyPow 48V 105Ah Golf Cart Lithium Battery Pack","golf buggy accessories australia","C00108 (110/mo)"
"roypow-48v-105ah-lithium-battery-pack","RoyPow 48V 105Ah Golf Cart Lithium Battery Pack","48v lithium battery pack","spec sheet"
"roypow-48v-105ah-lithium-battery-pack","RoyPow 48V 105Ah Golf Cart Lithium Battery Pack","105ah lithium battery","spec sheet"
"roypow-48v-105ah-lithium-battery-pack","RoyPow 48V 105Ah Golf Cart Lithium Battery Pack","drop in lithium battery","spec sheet"
"roypow-72v-105ah-commercial-lithium-battery","RoyPow 72V 105Ah Commercial Lithium Battery Pack","roypow 72v 105ah commercial lithium battery pack","spec sheet"
"roypow-72v-105ah-commercial-lithium-battery","RoyPow 72V 105Ah Commercial Lithium Battery Pack","roypow golf buggy battery","spec sheet"
"roypow-72v-105ah-commercial-lithium-battery","RoyPow 72V 105Ah Commercial Lithium Battery Pack","lithium golf buggy battery","spec sheet"
"roypow-72v-105ah-commercial-lithium-battery","RoyPow 72V 105Ah Commercial Lithium Battery Pack","golf buggy battery","C00045 (260/mo)"
"roypow-72v-105ah-commercial-lithium-battery","RoyPow 72V 105Ah Commercial Lithium Battery Pack","72v 105ah","spec sheet"
"roypow-72v-105ah-commercial-lithium-battery","RoyPow 72V 105Ah Commercial Lithium Battery Pack","drop-in replacement","spec sheet"
"roypow-72v-105ah-commercial-lithium-battery","RoyPow 72V 105Ah Commercial Lithium Battery Pack","built-in bms","spec sheet"
"roypow-72v-105ah-commercial-lithium-battery","RoyPow 72V 105Ah Commercial Lithium Battery Pack","5-year warranty","spec sheet"
"roypow-72v-105ah-commercial-lithium-battery","RoyPow 72V 105Ah Commercial Lithium Battery Pack","resort fleets","spec sheet"
"roypow-72v-105ah-commercial-lithium-battery","RoyPow 72V 105Ah Commercial Lithium Battery Pack","security patrols and grounds teams running 72v vehicles","spec sheet"
"roypow-72v-105ah-commercial-lithium-battery","RoyPow 72V 105Ah Commercial Lithium Battery Pack","golf buggy accessories australia","C00108 (110/mo)"
"roypow-72v-105ah-commercial-lithium-battery","RoyPow 72V 105Ah Commercial Lithium Battery Pack","72v lithium battery pack","spec sheet"
"roypow-72v-105ah-commercial-lithium-battery","RoyPow 72V 105Ah Commercial Lithium Battery Pack","commercial lithium battery","spec sheet"
"roypow-72v-105ah-commercial-lithium-battery","RoyPow 72V 105Ah Commercial Lithium Battery Pack","105ah lithium battery","spec sheet"
"invicta-48v-50ah-lithium-drop-in-module","Invicta 48V 50Ah Lithium Drop-in Module","invicta 48v 50ah lithium drop-in module","spec sheet"
"invicta-48v-50ah-lithium-drop-in-module","Invicta 48V 50Ah Lithium Drop-in Module","invicta golf buggy accessory","spec sheet"
"invicta-48v-50ah-lithium-drop-in-module","Invicta 48V 50Ah Lithium Drop-in Module","lithium golf buggy battery","spec sheet"
"invicta-48v-50ah-lithium-drop-in-module","Invicta 48V 50Ah Lithium Drop-in Module","golf buggy battery","C00045 (260/mo)"
"invicta-48v-50ah-lithium-drop-in-module","Invicta 48V 50Ah Lithium Drop-in Module","parallel expansion capable","spec sheet"
"invicta-48v-50ah-lithium-drop-in-module","Invicta 48V 50Ah Lithium Drop-in Module","integrated bluetooth monitoring","spec sheet"
"invicta-48v-50ah-lithium-drop-in-module","Invicta 48V 50Ah Lithium Drop-in Module","compact or light-duty cart owners","spec sheet"
"invicta-48v-50ah-lithium-drop-in-module","Invicta 48V 50Ah Lithium Drop-in Module","golf buggy accessories australia","C00108 (110/mo)"
"invicta-48v-50ah-lithium-drop-in-module","Invicta 48V 50Ah Lithium Drop-in Module","48v lithium battery","spec sheet"
"invicta-48v-50ah-lithium-drop-in-module","Invicta 48V 50Ah Lithium Drop-in Module","drop in lithium module","spec sheet"
"invicta-48v-50ah-lithium-drop-in-module","Invicta 48V 50Ah Lithium Drop-in Module","bluetooth battery monitor","spec sheet"
"invicta-48v-50ah-lithium-drop-in-module","Invicta 48V 50Ah Lithium Drop-in Module","50ah lithium battery","spec sheet"
"trojan-t-875-8v-deep-cycle-lead-acid-battery","Trojan T-875 8V Deep Cycle Lead Acid Battery","trojan t-875 8v deep cycle lead acid battery","spec sheet"
"trojan-t-875-8v-deep-cycle-lead-acid-battery","Trojan T-875 8V Deep Cycle Lead Acid Battery","trojan golf buggy battery","spec sheet"
"trojan-t-875-8v-deep-cycle-lead-acid-battery","Trojan T-875 8V Deep Cycle Lead Acid Battery","lead acid golf buggy battery","spec sheet"
"trojan-t-875-8v-deep-cycle-lead-acid-battery","Trojan T-875 8V Deep Cycle Lead Acid Battery","golf buggy battery","C00045 (260/mo)"
"trojan-t-875-8v-deep-cycle-lead-acid-battery","Trojan T-875 8V Deep Cycle Lead Acid Battery","8v deep cycle","spec sheet"
"trojan-t-875-8v-deep-cycle-lead-acid-battery","Trojan T-875 8V Deep Cycle Lead Acid Battery","t2 technology","spec sheet"
"trojan-t-875-8v-deep-cycle-lead-acid-battery","Trojan T-875 8V Deep Cycle Lead Acid Battery","high capacity grid design","spec sheet"
"trojan-t-875-8v-deep-cycle-lead-acid-battery","Trojan T-875 8V Deep Cycle Lead Acid Battery","fleet operators","spec sheet"
"trojan-t-875-8v-deep-cycle-lead-acid-battery","Trojan T-875 8V Deep Cycle Lead Acid Battery","standard golf carts","spec sheet"
"trojan-t-875-8v-deep-cycle-lead-acid-battery","Trojan T-875 8V Deep Cycle Lead Acid Battery","golf buggy accessories australia","C00108 (110/mo)"
"trojan-t-875-8v-deep-cycle-lead-acid-battery","Trojan T-875 8V Deep Cycle Lead Acid Battery","8v deep cycle battery","spec sheet"
"trojan-t-875-8v-deep-cycle-lead-acid-battery","Trojan T-875 8V Deep Cycle Lead Acid Battery","trojan deep cycle battery","spec sheet"
"trojan-t-875-8v-deep-cycle-lead-acid-battery","Trojan T-875 8V Deep Cycle Lead Acid Battery","golf buggy deep cycle battery","spec sheet"
"delta-q-quiq-48v-smart-on-board-charger","Delta-Q QuiQ 48V Smart On-Board Charger","delta-q quiq 48v smart on-board charger","spec sheet"
"delta-q-quiq-48v-smart-on-board-charger","Delta-Q QuiQ 48V Smart On-Board Charger","delta-q golf buggy charger","spec sheet"
"delta-q-quiq-48v-smart-on-board-charger","Delta-Q QuiQ 48V Smart On-Board Charger","golf buggy charger","C00204 (70/mo)"
"delta-q-quiq-48v-smart-on-board-charger","Delta-Q QuiQ 48V Smart On-Board Charger","golf buggy battery","C00045 (260/mo)"
"delta-q-quiq-48v-smart-on-board-charger","Delta-Q QuiQ 48V Smart On-Board Charger","multi-profile charging algorithms","spec sheet"
"delta-q-quiq-48v-smart-on-board-charger","Delta-Q QuiQ 48V Smart On-Board Charger","weatherproof sealed enclosure","spec sheet"
"delta-q-quiq-48v-smart-on-board-charger","Delta-Q QuiQ 48V Smart On-Board Charger","e-z-go rxv / txt owners needing charger replacement","spec sheet"
"delta-q-quiq-48v-smart-on-board-charger","Delta-Q QuiQ 48V Smart On-Board Charger","golf buggy accessories australia","C00108 (110/mo)"
"delta-q-quiq-48v-smart-on-board-charger","Delta-Q QuiQ 48V Smart On-Board Charger","on board charger","spec sheet"
"delta-q-quiq-48v-smart-on-board-charger","Delta-Q QuiQ 48V Smart On-Board Charger","48v smart charger","spec sheet"
"delta-q-quiq-48v-smart-on-board-charger","Delta-Q QuiQ 48V Smart On-Board Charger","weatherproof charger","spec sheet"
"delta-q-quiq-48v-smart-on-board-charger","Delta-Q QuiQ 48V Smart On-Board Charger","multi-profile charger","spec sheet"
"delta-q-quiq-48v-smart-on-board-charger","Delta-Q QuiQ 48V Smart On-Board Charger","golf cart charger","C00175 (70/mo)"
"delta-q-quiq-48v-smart-on-board-charger","Delta-Q QuiQ 48V Smart On-Board Charger","golf cart charger for sale","C00966 (20/mo)"
"club-car-eric-48v-high-frequency-charger","Club Car ERIC 48V High-Frequency Charger","club car eric 48v high-frequency charger","spec sheet"
"club-car-eric-48v-high-frequency-charger","Club Car ERIC 48V High-Frequency Charger","club car golf buggy charger","C04680 (0/mo)"
"club-car-eric-48v-high-frequency-charger","Club Car ERIC 48V High-Frequency Charger","golf buggy charger","C00204 (70/mo)"
"club-car-eric-48v-high-frequency-charger","Club Car ERIC 48V High-Frequency Charger","golf buggy battery","C00045 (260/mo)"
"club-car-eric-48v-high-frequency-charger","Club Car ERIC 48V High-Frequency Charger","automatic voltage compensation","spec sheet"
"club-car-eric-48v-high-frequency-charger","Club Car ERIC 48V High-Frequency Charger","global ac input compatibility","spec sheet"
"club-car-eric-48v-high-frequency-charger","Club Car ERIC 48V High-Frequency Charger","club car precedent & tempo owners","spec sheet"
"club-car-eric-48v-high-frequency-charger","Club Car ERIC 48V High-Frequency Charger","golf buggy accessories australia","C00108 (110/mo)"
"club-car-eric-48v-high-frequency-charger","Club Car ERIC 48V High-Frequency Charger","48v charger","spec sheet"
"club-car-eric-48v-high-frequency-charger","Club Car ERIC 48V High-Frequency Charger","high frequency charger","spec sheet"
"club-car-eric-48v-high-frequency-charger","Club Car ERIC 48V High-Frequency Charger","club car charger","spec sheet"
"club-car-eric-48v-high-frequency-charger","Club Car ERIC 48V High-Frequency Charger","global ac input charger","spec sheet"
"mgi-24v-lithium-battery-36-hole","MGI 24V Lithium Battery (24-Spindle / 36 Hole)","mgi 24v lithium battery 24-spindle / 36 hole","spec sheet"
"mgi-24v-lithium-battery-36-hole","MGI 24V Lithium Battery (24-Spindle / 36 Hole)","mgi golf buggy battery","C00185 (70/mo)"
"mgi-24v-lithium-battery-36-hole","MGI 24V Lithium Battery (24-Spindle / 36 Hole)","lithium golf buggy battery","spec sheet"
"mgi-24v-lithium-battery-36-hole","MGI 24V Lithium Battery (24-Spindle / 36 Hole)","golf buggy battery","C00045 (260/mo)"
"mgi-24v-lithium-battery-36-hole","MGI 24V Lithium Battery (24-Spindle / 36 Hole)","24v 380wh capacity","spec sheet"
"mgi-24v-lithium-battery-36-hole","MGI 24V Lithium Battery (24-Spindle / 36 Hole)","advanced bms","spec sheet"
"mgi-24v-lithium-battery-36-hole","MGI 24V Lithium Battery (24-Spindle / 36 Hole)","click & go design","spec sheet"
"mgi-24v-lithium-battery-36-hole","MGI 24V Lithium Battery (24-Spindle / 36 Hole)","owners of mgi zip & ai series buggies","spec sheet"
"mgi-24v-lithium-battery-36-hole","MGI 24V Lithium Battery (24-Spindle / 36 Hole)","golf buggy accessories australia","C00108 (110/mo)"
"mgi-24v-lithium-battery-36-hole","MGI 24V Lithium Battery (24-Spindle / 36 Hole)","24v lithium golf trolley battery","spec sheet"
"mgi-24v-lithium-battery-36-hole","MGI 24V Lithium Battery (24-Spindle / 36 Hole)","mgi spare battery","spec sheet"
"mgi-24v-lithium-battery-36-hole","MGI 24V Lithium Battery (24-Spindle / 36 Hole)","36 hole lithium battery","spec sheet"
"mgi-24v-lithium-battery-36-hole","MGI 24V Lithium Battery (24-Spindle / 36 Hole)","mgi zip navigator battery","C00253 (50/mo)"
"mgi-24v-lithium-battery-36-hole","MGI 24V Lithium Battery (24-Spindle / 36 Hole)","lithium battery for golf trolley","C00563 (20/mo)"
"curtis-1268-400a-programmable-motor-controller","Curtis 1268 400A Programmable Motor Controller","curtis 1268 400a programmable motor controller","spec sheet"
"curtis-1268-400a-programmable-motor-controller","Curtis 1268 400A Programmable Motor Controller","curtis golf buggy accessory","spec sheet"
"curtis-1268-400a-programmable-motor-controller","Curtis 1268 400A Programmable Motor Controller","golf buggy accessory","spec sheet"
"curtis-1268-400a-programmable-motor-controller","Curtis 1268 400A Programmable Motor Controller","400 amp peak output","spec sheet"
"curtis-1268-400a-programmable-motor-controller","Curtis 1268 400A Programmable Motor Controller","regenerative braking control","spec sheet"
"curtis-1268-400a-programmable-motor-controller","Curtis 1268 400A Programmable Motor Controller","programmable curves","spec sheet"
"curtis-1268-400a-programmable-motor-controller","Curtis 1268 400A Programmable Motor Controller","lifted cart builders","spec sheet"
"curtis-1268-400a-programmable-motor-controller","Curtis 1268 400A Programmable Motor Controller","performance tuners","spec sheet"
"curtis-1268-400a-programmable-motor-controller","Curtis 1268 400A Programmable Motor Controller","golf buggy accessories australia","C00108 (110/mo)"
"curtis-1268-400a-programmable-motor-controller","Curtis 1268 400A Programmable Motor Controller","golf buggy motor controller","spec sheet"
"curtis-1268-400a-programmable-motor-controller","Curtis 1268 400A Programmable Motor Controller","programmable controller","spec sheet"
"curtis-1268-400a-programmable-motor-controller","Curtis 1268 400A Programmable Motor Controller","regenerative braking controller","spec sheet"
"curtis-1268-400a-programmable-motor-controller","Curtis 1268 400A Programmable Motor Controller","400a controller","spec sheet"
"curtis-1268-400a-programmable-motor-controller","Curtis 1268 400A Programmable Motor Controller","electric golf cart motor controller","C03895 (10/mo)"
"navitas-600a-ac-controller-upgrade-kit","Navitas 600A AC Controller Upgrade Kit","navitas 600a ac controller upgrade kit","spec sheet"
"navitas-600a-ac-controller-upgrade-kit","Navitas 600A AC Controller Upgrade Kit","navitas golf buggy accessory","spec sheet"
"navitas-600a-ac-controller-upgrade-kit","Navitas 600A AC Controller Upgrade Kit","golf buggy accessory","spec sheet"
"navitas-600a-ac-controller-upgrade-kit","Navitas 600A AC Controller Upgrade Kit","up to 600 amps output","spec sheet"
"navitas-600a-ac-controller-upgrade-kit","Navitas 600A AC Controller Upgrade Kit","golfers needing speed 40+ km/h & hill climbing torque","spec sheet"
"navitas-600a-ac-controller-upgrade-kit","Navitas 600A AC Controller Upgrade Kit","golf buggy accessories australia","C00108 (110/mo)"
"navitas-600a-ac-controller-upgrade-kit","Navitas 600A AC Controller Upgrade Kit","ac controller upgrade","spec sheet"
"navitas-600a-ac-controller-upgrade-kit","Navitas 600A AC Controller Upgrade Kit","600 amp controller","spec sheet"
"navitas-600a-ac-controller-upgrade-kit","Navitas 600A AC Controller Upgrade Kit","golf buggy controller upgrade","spec sheet"
"navitas-600a-ac-controller-upgrade-kit","Navitas 600A AC Controller Upgrade Kit","bluetooth lockout controller","spec sheet"
"navitas-600a-ac-controller-upgrade-kit","Navitas 600A AC Controller Upgrade Kit","best golf cart controller","C11855 (0/mo)"
"navitas-600a-ac-controller-upgrade-kit","Navitas 600A AC Controller Upgrade Kit","how much is a controller for a golf cart","C03923 (10/mo)"
"universal-48v-to-12v-30a-voltage-reducer","Universal 48V/36V to 12V 30A Voltage Reducer","universal 48v/36v to 12v 30a voltage reducer","spec sheet"
"universal-48v-to-12v-30a-voltage-reducer","Universal 48V/36V to 12V 30A Voltage Reducer","golf buggy battery","C00045 (260/mo)"
"universal-48v-to-12v-30a-voltage-reducer","Universal 48V/36V to 12V 30A Voltage Reducer","key-switch triggered","spec sheet"
"universal-48v-to-12v-30a-voltage-reducer","Universal 48V/36V to 12V 30A Voltage Reducer","waterproof cast aluminum housing","spec sheet"
"universal-48v-to-12v-30a-voltage-reducer","Universal 48V/36V to 12V 30A Voltage Reducer","diy cart builders adding lights audio or horns","spec sheet"
"universal-48v-to-12v-30a-voltage-reducer","Universal 48V/36V to 12V 30A Voltage Reducer","golf buggy accessories australia","C00108 (110/mo)"
"universal-48v-to-12v-30a-voltage-reducer","Universal 48V/36V to 12V 30A Voltage Reducer","48v to 12v converter","spec sheet"
"universal-48v-to-12v-30a-voltage-reducer","Universal 48V/36V to 12V 30A Voltage Reducer","golf buggy voltage reducer","spec sheet"
"universal-48v-to-12v-30a-voltage-reducer","Universal 48V/36V to 12V 30A Voltage Reducer","12v accessory power","spec sheet"
"universal-48v-to-12v-30a-voltage-reducer","Universal 48V/36V to 12V 30A Voltage Reducer","dc converter","spec sheet"
"universal-48v-to-12v-30a-voltage-reducer","Universal 48V/36V to 12V 30A Voltage Reducer","12v accessories for golf cart","C08660 (0/mo)"
"madjax-alpha-lux-street-legal-led-light-kit","MadJax Alpha Lux Street Legal LED Light Kit","madjax alpha lux street legal led light kit","spec sheet"
"madjax-alpha-lux-street-legal-led-light-kit","MadJax Alpha Lux Street Legal LED Light Kit","madjax golf buggy accessory","spec sheet"
"madjax-alpha-lux-street-legal-led-light-kit","MadJax Alpha Lux Street Legal LED Light Kit","golf buggy accessory","spec sheet"
"madjax-alpha-lux-street-legal-led-light-kit","MadJax Alpha Lux Street Legal LED Light Kit","automotive turn signals","spec sheet"
"madjax-alpha-lux-street-legal-led-light-kit","MadJax Alpha Lux Street Legal LED Light Kit","hazard lights","spec sheet"
"madjax-alpha-lux-street-legal-led-light-kit","MadJax Alpha Lux Street Legal LED Light Kit","brake switch included","spec sheet"
"madjax-alpha-lux-street-legal-led-light-kit","MadJax Alpha Lux Street Legal LED Light Kit","gated estate drivers driving at night","spec sheet"
"madjax-alpha-lux-street-legal-led-light-kit","MadJax Alpha Lux Street Legal LED Light Kit","golf buggy accessories australia","C00108 (110/mo)"
"madjax-alpha-lux-street-legal-led-light-kit","MadJax Alpha Lux Street Legal LED Light Kit","golf buggy led lights","spec sheet"
"madjax-alpha-lux-street-legal-led-light-kit","MadJax Alpha Lux Street Legal LED Light Kit","led light kit","spec sheet"
"madjax-alpha-lux-street-legal-led-light-kit","MadJax Alpha Lux Street Legal LED Light Kit","turn signal kit","spec sheet"
"madjax-alpha-lux-street-legal-led-light-kit","MadJax Alpha Lux Street Legal LED Light Kit","hazard light kit","spec sheet"
"heavy-duty-4-wheel-hydraulic-disc-brake-kit","Heavy Duty 4-Wheel Hydraulic Disc Brake Kit","heavy duty 4-wheel hydraulic disc brake kit","spec sheet"
"heavy-duty-4-wheel-hydraulic-disc-brake-kit","Heavy Duty 4-Wheel Hydraulic Disc Brake Kit","golf buggy accessory","spec sheet"
"heavy-duty-4-wheel-hydraulic-disc-brake-kit","Heavy Duty 4-Wheel Hydraulic Disc Brake Kit","dual-piston calipers","spec sheet"
"heavy-duty-4-wheel-hydraulic-disc-brake-kit","Heavy Duty 4-Wheel Hydraulic Disc Brake Kit","stainless steel lines","spec sheet"
"heavy-duty-4-wheel-hydraulic-disc-brake-kit","Heavy Duty 4-Wheel Hydraulic Disc Brake Kit","direct bolt-on","spec sheet"
"heavy-duty-4-wheel-hydraulic-disc-brake-kit","Heavy Duty 4-Wheel Hydraulic Disc Brake Kit","heavy utility and fast lifted cart owners","spec sheet"
"heavy-duty-4-wheel-hydraulic-disc-brake-kit","Heavy Duty 4-Wheel Hydraulic Disc Brake Kit","golf buggy accessories australia","C00108 (110/mo)"
"heavy-duty-4-wheel-hydraulic-disc-brake-kit","Heavy Duty 4-Wheel Hydraulic Disc Brake Kit","golf buggy brake kit","spec sheet"
"heavy-duty-4-wheel-hydraulic-disc-brake-kit","Heavy Duty 4-Wheel Hydraulic Disc Brake Kit","hydraulic disc brakes","spec sheet"
"heavy-duty-4-wheel-hydraulic-disc-brake-kit","Heavy Duty 4-Wheel Hydraulic Disc Brake Kit","dual piston calipers","spec sheet"
"heavy-duty-4-wheel-hydraulic-disc-brake-kit","Heavy Duty 4-Wheel Hydraulic Disc Brake Kit","bolt-on brake kit","spec sheet"
"all-weather-heavy-duty-pvc-enclosure","All-Weather Heavy-Duty PVC Enclosure","all-weather heavy-duty pvc enclosure","spec sheet"
"all-weather-heavy-duty-pvc-enclosure","All-Weather Heavy-Duty PVC Enclosure","golf buggy accessory","spec sheet"
"all-weather-heavy-duty-pvc-enclosure","All-Weather Heavy-Duty PVC Enclosure","roll-up clear vinyl windows","spec sheet"
"all-weather-heavy-duty-pvc-enclosure","All-Weather Heavy-Duty PVC Enclosure","heavy duty zippers","spec sheet"
"all-weather-heavy-duty-pvc-enclosure","All-Weather Heavy-Duty PVC Enclosure","universal fit options","spec sheet"
"all-weather-heavy-duty-pvc-enclosure","All-Weather Heavy-Duty PVC Enclosure","golfers playing in rain","spec sheet"
"all-weather-heavy-duty-pvc-enclosure","All-Weather Heavy-Duty PVC Enclosure","winter drivers","spec sheet"
"all-weather-heavy-duty-pvc-enclosure","All-Weather Heavy-Duty PVC Enclosure","golf buggy accessories australia","C00108 (110/mo)"
"all-weather-heavy-duty-pvc-enclosure","All-Weather Heavy-Duty PVC Enclosure","golf buggy enclosure","spec sheet"
"all-weather-heavy-duty-pvc-enclosure","All-Weather Heavy-Duty PVC Enclosure","all weather enclosure","spec sheet"
"all-weather-heavy-duty-pvc-enclosure","All-Weather Heavy-Duty PVC Enclosure","roll up vinyl enclosure","spec sheet"
"all-weather-heavy-duty-pvc-enclosure","All-Weather Heavy-Duty PVC Enclosure","golf buggy rain cover","spec sheet"
"all-terrain-23x10-5-12-wheel-tyre-combo","All-Terrain 23x10.5-12 Wheel & Tyre Combo (Set of 4)","all-terrain 23x10.5-12 wheel & tyre combo set of 4","spec sheet"
"all-terrain-23x10-5-12-wheel-tyre-combo","All-Terrain 23x10.5-12 Wheel & Tyre Combo (Set of 4)","golf buggy accessory","spec sheet"
"all-terrain-23x10-5-12-wheel-tyre-combo","All-Terrain 23x10.5-12 Wheel & Tyre Combo (Set of 4)","12-inch machined alloy rims","spec sheet"
"all-terrain-23x10-5-12-wheel-tyre-combo","All-Terrain 23x10.5-12 Wheel & Tyre Combo (Set of 4)","6-ply off-road tread","spec sheet"
"all-terrain-23x10-5-12-wheel-tyre-combo","All-Terrain 23x10.5-12 Wheel & Tyre Combo (Set of 4)","lifted cart owners","spec sheet"
"all-terrain-23x10-5-12-wheel-tyre-combo","All-Terrain 23x10.5-12 Wheel & Tyre Combo (Set of 4)","property buyers","spec sheet"
"all-terrain-23x10-5-12-wheel-tyre-combo","All-Terrain 23x10.5-12 Wheel & Tyre Combo (Set of 4)","golf buggy accessories australia","C00108 (110/mo)"
"all-terrain-23x10-5-12-wheel-tyre-combo","All-Terrain 23x10.5-12 Wheel & Tyre Combo (Set of 4)","all terrain wheel tyre combo","spec sheet"
"all-terrain-23x10-5-12-wheel-tyre-combo","All-Terrain 23x10.5-12 Wheel & Tyre Combo (Set of 4)","golf buggy wheels and tyres","C00173 (70/mo)"
"all-terrain-23x10-5-12-wheel-tyre-combo","All-Terrain 23x10.5-12 Wheel & Tyre Combo (Set of 4)","all terrain tyres","spec sheet"
"all-terrain-23x10-5-12-wheel-tyre-combo","All-Terrain 23x10.5-12 Wheel & Tyre Combo (Set of 4)","12 inch alloy wheels","spec sheet"
"all-terrain-23x10-5-12-wheel-tyre-combo","All-Terrain 23x10.5-12 Wheel & Tyre Combo (Set of 4)","23x10.5-12 tyres","spec sheet"
"all-terrain-23x10-5-12-wheel-tyre-combo","All-Terrain 23x10.5-12 Wheel & Tyre Combo (Set of 4)","golf cart tyres","C00057 (210/mo)"
"all-terrain-23x10-5-12-wheel-tyre-combo","All-Terrain 23x10.5-12 Wheel & Tyre Combo (Set of 4)","golf cart wheels","C00044 (260/mo)"
"foldable-tinted-acrylic-windshield-system","Foldable Tinted Acrylic Windshield System","foldable tinted acrylic windshield system","spec sheet"
"foldable-tinted-acrylic-windshield-system","Foldable Tinted Acrylic Windshield System","golf buggy accessory","spec sheet"
"foldable-tinted-acrylic-windshield-system","Foldable Tinted Acrylic Windshield System","high-impact acrylic","spec sheet"
"foldable-tinted-acrylic-windshield-system","Foldable Tinted Acrylic Windshield System","snug noise-reduction clips","spec sheet"
"foldable-tinted-acrylic-windshield-system","Foldable Tinted Acrylic Windshield System","uv protection","spec sheet"
"foldable-tinted-acrylic-windshield-system","Foldable Tinted Acrylic Windshield System","club car ezgo and yamaha owners","spec sheet"
"foldable-tinted-acrylic-windshield-system","Foldable Tinted Acrylic Windshield System","golf buggy accessories australia","C00108 (110/mo)"
"foldable-tinted-acrylic-windshield-system","Foldable Tinted Acrylic Windshield System","golf buggy windshield","spec sheet"
"foldable-tinted-acrylic-windshield-system","Foldable Tinted Acrylic Windshield System","foldable windshield","spec sheet"
"foldable-tinted-acrylic-windshield-system","Foldable Tinted Acrylic Windshield System","tinted acrylic windshield","spec sheet"
"foldable-tinted-acrylic-windshield-system","Foldable Tinted Acrylic Windshield System","uv protection windshield","spec sheet"
"heavy-duty-solenoid-albright-48vdc-200a","Heavy Duty Solenoid Albright 48VDC 200A","heavy duty solenoid albright 48vdc 200a","spec sheet"
"heavy-duty-solenoid-albright-48vdc-200a","Heavy Duty Solenoid Albright 48VDC 200A","albright golf buggy accessory","spec sheet"
"heavy-duty-solenoid-albright-48vdc-200a","Heavy Duty Solenoid Albright 48VDC 200A","golf buggy accessory","spec sheet"
"heavy-duty-solenoid-albright-48vdc-200a","Heavy Duty Solenoid Albright 48VDC 200A","continuous duty rating","spec sheet"
"heavy-duty-solenoid-albright-48vdc-200a","Heavy Duty Solenoid Albright 48VDC 200A","silver alloy contacts","spec sheet"
"heavy-duty-solenoid-albright-48vdc-200a","Heavy Duty Solenoid Albright 48VDC 200A","carts experiencing ignition or starting issues","spec sheet"
"heavy-duty-solenoid-albright-48vdc-200a","Heavy Duty Solenoid Albright 48VDC 200A","golf buggy accessories australia","C00108 (110/mo)"
"heavy-duty-solenoid-albright-48vdc-200a","Heavy Duty Solenoid Albright 48VDC 200A","golf buggy solenoid","spec sheet"
"heavy-duty-solenoid-albright-48vdc-200a","Heavy Duty Solenoid Albright 48VDC 200A","48v solenoid","spec sheet"
"heavy-duty-solenoid-albright-48vdc-200a","Heavy Duty Solenoid Albright 48VDC 200A","200 amp solenoid","spec sheet"
"heavy-duty-solenoid-albright-48vdc-200a","Heavy Duty Solenoid Albright 48VDC 200A","albright solenoid","spec sheet"
"replacement-mgi-ai-zip-remote-controller","Replacement MGI Ai & Zip Remote Controller Unit","replacement mgi ai & zip remote controller unit","spec sheet"
"replacement-mgi-ai-zip-remote-controller","Replacement MGI Ai & Zip Remote Controller Unit","mgi golf buggy accessory","spec sheet"
"replacement-mgi-ai-zip-remote-controller","Replacement MGI Ai & Zip Remote Controller Unit","golf buggy accessory","spec sheet"
"replacement-mgi-ai-zip-remote-controller","Replacement MGI Ai & Zip Remote Controller Unit","pre-programmed pairing capability","spec sheet"
"replacement-mgi-ai-zip-remote-controller","Replacement MGI Ai & Zip Remote Controller Unit","usb-c rechargeable","spec sheet"
"replacement-mgi-ai-zip-remote-controller","Replacement MGI Ai & Zip Remote Controller Unit","mgi buggy owners who lost or damaged their remote","spec sheet"
"replacement-mgi-ai-zip-remote-controller","Replacement MGI Ai & Zip Remote Controller Unit","golf buggy accessories australia","C00108 (110/mo)"
"replacement-mgi-ai-zip-remote-controller","Replacement MGI Ai & Zip Remote Controller Unit","golf trolley remote","C00295 (40/mo)"
"replacement-mgi-ai-zip-remote-controller","Replacement MGI Ai & Zip Remote Controller Unit","mgi remote control","spec sheet"
"replacement-mgi-ai-zip-remote-controller","Replacement MGI Ai & Zip Remote Controller Unit","replacement remote controller","spec sheet"
"replacement-mgi-ai-zip-remote-controller","Replacement MGI Ai & Zip Remote Controller Unit","usb-c rechargeable remote","spec sheet"
"golf-cart-side-mirrors-integrated-led-indicators","Golf Cart Side Mirrors with Integrated LED Indicators","golf cart side mirrors with integrated led indicators","spec sheet"
"golf-cart-side-mirrors-integrated-led-indicators","Golf Cart Side Mirrors with Integrated LED Indicators","golf buggy accessory","spec sheet"
"golf-cart-side-mirrors-integrated-led-indicators","Golf Cart Side Mirrors with Integrated LED Indicators","convex glass for wide angle view","spec sheet"
"golf-cart-side-mirrors-integrated-led-indicators","Golf Cart Side Mirrors with Integrated LED Indicators","integrated led amber indicators","spec sheet"
"golf-cart-side-mirrors-integrated-led-indicators","Golf Cart Side Mirrors with Integrated LED Indicators","road-registered or estate golf buggy users","spec sheet"
"golf-cart-side-mirrors-integrated-led-indicators","Golf Cart Side Mirrors with Integrated LED Indicators","golf buggy accessories australia","C00108 (110/mo)"
"golf-cart-side-mirrors-integrated-led-indicators","Golf Cart Side Mirrors with Integrated LED Indicators","golf buggy side mirrors","spec sheet"
"golf-cart-side-mirrors-integrated-led-indicators","Golf Cart Side Mirrors with Integrated LED Indicators","led indicator mirrors","spec sheet"
"golf-cart-side-mirrors-integrated-led-indicators","Golf Cart Side Mirrors with Integrated LED Indicators","convex side mirrors","spec sheet"
"golf-cart-side-mirrors-integrated-led-indicators","Golf Cart Side Mirrors with Integrated LED Indicators","estate golf buggy mirrors","spec sheet"
"heavy-duty-rear-flip-seat-kit-2-to-4","Heavy Duty Rear Flip Seat Kit (Converts 2 to 4 Seater)","heavy duty rear flip seat kit converts 2 to 4 seater","spec sheet"
"heavy-duty-rear-flip-seat-kit-2-to-4","Heavy Duty Rear Flip Seat Kit (Converts 2 to 4 Seater)","golf buggy accessory","spec sheet"
"heavy-duty-rear-flip-seat-kit-2-to-4","Heavy Duty Rear Flip Seat Kit (Converts 2 to 4 Seater)","folds flat into flatbed cargo tray","spec sheet"
"heavy-duty-rear-flip-seat-kit-2-to-4","Heavy Duty Rear Flip Seat Kit (Converts 2 to 4 Seater)","powder-coated steel frame","spec sheet"
"heavy-duty-rear-flip-seat-kit-2-to-4","Heavy Duty Rear Flip Seat Kit (Converts 2 to 4 Seater)","owners wanting to expand 2-seater capacity to 4","spec sheet"
"heavy-duty-rear-flip-seat-kit-2-to-4","Heavy Duty Rear Flip Seat Kit (Converts 2 to 4 Seater)","golf buggy accessories australia","C00108 (110/mo)"
"heavy-duty-rear-flip-seat-kit-2-to-4","Heavy Duty Rear Flip Seat Kit (Converts 2 to 4 Seater)","rear flip seat kit","spec sheet"
"heavy-duty-rear-flip-seat-kit-2-to-4","Heavy Duty Rear Flip Seat Kit (Converts 2 to 4 Seater)","2 to 4 seater conversion","spec sheet"
"heavy-duty-rear-flip-seat-kit-2-to-4","Heavy Duty Rear Flip Seat Kit (Converts 2 to 4 Seater)","golf buggy rear seat","spec sheet"
"heavy-duty-rear-flip-seat-kit-2-to-4","Heavy Duty Rear Flip Seat Kit (Converts 2 to 4 Seater)","flatbed rear seat","spec sheet"
"heavy-duty-rear-flip-seat-kit-2-to-4","Heavy Duty Rear Flip Seat Kit (Converts 2 to 4 Seater)","golf cart folding rear seat","C02499 (20/mo)"
"heavy-duty-rear-flip-seat-kit-2-to-4","Heavy Duty Rear Flip Seat Kit (Converts 2 to 4 Seater)","golf cart rear seat kit","C02511 (20/mo)"
"heavy-duty-rear-flip-seat-kit-2-to-4","Heavy Duty Rear Flip Seat Kit (Converts 2 to 4 Seater)","golf cart rear seat","C02510 (20/mo)"
"heavy-duty-tow-hitch-ball-assembly","Heavy Duty Tow Hitch & Ball Assembly","heavy duty tow hitch & ball assembly","spec sheet"
"heavy-duty-tow-hitch-ball-assembly","Heavy Duty Tow Hitch & Ball Assembly","golf buggy accessory","spec sheet"
"heavy-duty-tow-hitch-ball-assembly","Heavy Duty Tow Hitch & Ball Assembly","2-inch receiver","spec sheet"
"heavy-duty-tow-hitch-ball-assembly","Heavy Duty Tow Hitch & Ball Assembly","powder coated steel","spec sheet"
"heavy-duty-tow-hitch-ball-assembly","Heavy Duty Tow Hitch & Ball Assembly","mounting hardware included","spec sheet"
"heavy-duty-tow-hitch-ball-assembly","Heavy Duty Tow Hitch & Ball Assembly","farm cart owners pulling trailers or mowers","spec sheet"
"heavy-duty-tow-hitch-ball-assembly","Heavy Duty Tow Hitch & Ball Assembly","golf buggy accessories australia","C00108 (110/mo)"
"heavy-duty-tow-hitch-ball-assembly","Heavy Duty Tow Hitch & Ball Assembly","golf buggy tow hitch","spec sheet"
"heavy-duty-tow-hitch-ball-assembly","Heavy Duty Tow Hitch & Ball Assembly","2 inch receiver hitch","spec sheet"
"heavy-duty-tow-hitch-ball-assembly","Heavy Duty Tow Hitch & Ball Assembly","trailer hitch for golf buggy","spec sheet"
"heavy-duty-tow-hitch-ball-assembly","Heavy Duty Tow Hitch & Ball Assembly","tow ball assembly","spec sheet"
"golf-cart-solar-charging-panel-expansion-kit","Golf Cart Solar Charging Panel Expansion Kit (175W)","golf cart solar charging panel expansion kit 175w","spec sheet"
"golf-cart-solar-charging-panel-expansion-kit","Golf Cart Solar Charging Panel Expansion Kit (175W)","golf buggy solar charging","spec sheet"
"golf-cart-solar-charging-panel-expansion-kit","Golf Cart Solar Charging Panel Expansion Kit (175W)","golf buggy battery","C00045 (260/mo)"
"golf-cart-solar-charging-panel-expansion-kit","Golf Cart Solar Charging Panel Expansion Kit (175W)","flexible rooftop panel","spec sheet"
"golf-cart-solar-charging-panel-expansion-kit","Golf Cart Solar Charging Panel Expansion Kit (175W)","mppt charge controller 36v/48v","spec sheet"
"golf-cart-solar-charging-panel-expansion-kit","Golf Cart Solar Charging Panel Expansion Kit (175W)","acreage cart owners parked away from power","spec sheet"
"golf-cart-solar-charging-panel-expansion-kit","Golf Cart Solar Charging Panel Expansion Kit (175W)","golf buggy accessories australia","C00108 (110/mo)"
"golf-cart-solar-charging-panel-expansion-kit","Golf Cart Solar Charging Panel Expansion Kit (175W)","solar panel for golf buggy","spec sheet"
"golf-cart-solar-charging-panel-expansion-kit","Golf Cart Solar Charging Panel Expansion Kit (175W)","mppt charge controller","spec sheet"
"golf-cart-solar-charging-panel-expansion-kit","Golf Cart Solar Charging Panel Expansion Kit (175W)","solar golf cart","C00728 (20/mo)"
"golf-cart-solar-charging-panel-expansion-kit","Golf Cart Solar Charging Panel Expansion Kit (175W)","solar powered golf buggy","C01139 (20/mo)"
"golf-cart-solar-charging-panel-expansion-kit","Golf Cart Solar Charging Panel Expansion Kit (175W)","solar charge golf cart","C02022 (20/mo)"
"golf-cart-solar-charging-panel-expansion-kit","Golf Cart Solar Charging Panel Expansion Kit (175W)","golf cart solar power","C02934 (10/mo)"
"golf-cart-solar-charging-panel-expansion-kit","Golf Cart Solar Charging Panel Expansion Kit (175W)","solar powered golf carts for sale","C03178 (10/mo)"
"waterproof-marine-grade-bluetooth-soundbar","Waterproof Marine Grade Bluetooth Soundbar (26-inch)","waterproof marine grade bluetooth soundbar 26-inch","spec sheet"
"waterproof-marine-grade-bluetooth-soundbar","Waterproof Marine Grade Bluetooth Soundbar (26-inch)","golf buggy accessory","spec sheet"
"waterproof-marine-grade-bluetooth-soundbar","Waterproof Marine Grade Bluetooth Soundbar (26-inch)","ip67 waterproof","spec sheet"
"waterproof-marine-grade-bluetooth-soundbar","Waterproof Marine Grade Bluetooth Soundbar (26-inch)","integrated rgb lights","spec sheet"
"waterproof-marine-grade-bluetooth-soundbar","Waterproof Marine Grade Bluetooth Soundbar (26-inch)","direct clamp to roll cage","spec sheet"
"waterproof-marine-grade-bluetooth-soundbar","Waterproof Marine Grade Bluetooth Soundbar (26-inch)","resort and lifestyle cart drivers","spec sheet"
"waterproof-marine-grade-bluetooth-soundbar","Waterproof Marine Grade Bluetooth Soundbar (26-inch)","golf buggy accessories australia","C00108 (110/mo)"
"waterproof-marine-grade-bluetooth-soundbar","Waterproof Marine Grade Bluetooth Soundbar (26-inch)","golf buggy sound system","spec sheet"
"waterproof-marine-grade-bluetooth-soundbar","Waterproof Marine Grade Bluetooth Soundbar (26-inch)","bluetooth soundbar","spec sheet"
"waterproof-marine-grade-bluetooth-soundbar","Waterproof Marine Grade Bluetooth Soundbar (26-inch)","waterproof golf buggy speaker","spec sheet"
"waterproof-marine-grade-bluetooth-soundbar","Waterproof Marine Grade Bluetooth Soundbar (26-inch)","ip67 soundbar","spec sheet"
"retractable-seatbelt-system-set","Retractable Seatbelt System Set (Front & Rear)","retractable seatbelt system set front & rear","spec sheet"
"retractable-seatbelt-system-set","Retractable Seatbelt System Set (Front & Rear)","golf buggy accessory","spec sheet"
"retractable-seatbelt-system-set","Retractable Seatbelt System Set (Front & Rear)","3-point lap & shoulder harness","spec sheet"
"retractable-seatbelt-system-set","Retractable Seatbelt System Set (Front & Rear)","bracket kit included","spec sheet"
"retractable-seatbelt-system-set","Retractable Seatbelt System Set (Front & Rear)","e-mark certified","spec sheet"
"retractable-seatbelt-system-set","Retractable Seatbelt System Set (Front & Rear)","families with kids","spec sheet"
"retractable-seatbelt-system-set","Retractable Seatbelt System Set (Front & Rear)","estate road compliance","spec sheet"
"retractable-seatbelt-system-set","Retractable Seatbelt System Set (Front & Rear)","golf buggy accessories australia","C00108 (110/mo)"
"retractable-seatbelt-system-set","Retractable Seatbelt System Set (Front & Rear)","golf buggy seat belts","spec sheet"
"retractable-seatbelt-system-set","Retractable Seatbelt System Set (Front & Rear)","retractable seatbelts","spec sheet"
"retractable-seatbelt-system-set","Retractable Seatbelt System Set (Front & Rear)","golf cart seat belt kit","C02515 (20/mo)"
"retractable-seatbelt-system-set","Retractable Seatbelt System Set (Front & Rear)","golf cart retractable seat belts","C04336 (10/mo)"
"lockable-dash-glove-box-storage-system","Lockable Dash Glove Box Storage System","lockable dash glove box storage system","spec sheet"
"lockable-dash-glove-box-storage-system","Lockable Dash Glove Box Storage System","golf buggy accessory","spec sheet"
"lockable-dash-glove-box-storage-system","Lockable Dash Glove Box Storage System","carbon fiber finish","spec sheet"
"lockable-dash-glove-box-storage-system","Lockable Dash Glove Box Storage System","dual keys","spec sheet"
"lockable-dash-glove-box-storage-system","Lockable Dash Glove Box Storage System","golfers leaving valuables at the club or resort","spec sheet"
"lockable-dash-glove-box-storage-system","Lockable Dash Glove Box Storage System","golf buggy accessories australia","C00108 (110/mo)"
"lockable-dash-glove-box-storage-system","Lockable Dash Glove Box Storage System","golf buggy glove box","spec sheet"
"lockable-dash-glove-box-storage-system","Lockable Dash Glove Box Storage System","lockable dash storage","spec sheet"
"lockable-dash-glove-box-storage-system","Lockable Dash Glove Box Storage System","dual key glove box","spec sheet"
"lockable-dash-glove-box-storage-system","Lockable Dash Glove Box Storage System","dash storage box","spec sheet"
"heavy-duty-sand-bottle-assembly-dual-set","Heavy Duty Sand Bottle Assembly (Dual Set)","heavy duty sand bottle assembly dual set","spec sheet"
"heavy-duty-sand-bottle-assembly-dual-set","Heavy Duty Sand Bottle Assembly (Dual Set)","golf buggy accessory","spec sheet"
"heavy-duty-sand-bottle-assembly-dual-set","Heavy Duty Sand Bottle Assembly (Dual Set)","rattle-free bracket mounts","spec sheet"
"heavy-duty-sand-bottle-assembly-dual-set","Heavy Duty Sand Bottle Assembly (Dual Set)","easy-pour curved neck design","spec sheet"
"heavy-duty-sand-bottle-assembly-dual-set","Heavy Duty Sand Bottle Assembly (Dual Set)","private golf cart owners","spec sheet"
"heavy-duty-sand-bottle-assembly-dual-set","Heavy Duty Sand Bottle Assembly (Dual Set)","course operators","spec sheet"
"heavy-duty-sand-bottle-assembly-dual-set","Heavy Duty Sand Bottle Assembly (Dual Set)","golf buggy accessories australia","C00108 (110/mo)"
"heavy-duty-sand-bottle-assembly-dual-set","Heavy Duty Sand Bottle Assembly (Dual Set)","golf buggy sand bottle","spec sheet"
"heavy-duty-sand-bottle-assembly-dual-set","Heavy Duty Sand Bottle Assembly (Dual Set)","dual sand bottle set","spec sheet"
"heavy-duty-sand-bottle-assembly-dual-set","Heavy Duty Sand Bottle Assembly (Dual Set)","divot sand bottle","spec sheet"
"heavy-duty-sand-bottle-assembly-dual-set","Heavy Duty Sand Bottle Assembly (Dual Set)","sand bottle holder","spec sheet"
"mgi-zip-navigator","MGI ZIP Navigator","mgi navigator ai","semrush"
"mgi-zip-navigator","MGI ZIP Navigator","mgi navigator accessories","semrush"
"mgi-zip-navigator","MGI ZIP Navigator","mgi navigator remote","semrush"
"mgi-zip-navigator","MGI ZIP Navigator","mgi navigator ai gps","semrush"
"mgi-zip-navigator","MGI ZIP Navigator","mgi navigator remote control","semrush"
"mgi-zip-navigator","MGI ZIP Navigator","mgi navigator remote control charging","semrush"
"mgi-zip-navigator","MGI ZIP Navigator","mgi navigator ai gps+ review","semrush"
"mgi-ai-500-electric-buggy","MGI Ai 500 Electric Buggy","mgi ai 500 review","semrush"
"mgi-ai-500-electric-buggy","MGI Ai 500 Electric Buggy","mgi ai golf buggy","semrush"
"mgi-ai-500-electric-buggy","MGI Ai 500 Electric Buggy","mgi ai 500 australia","generated"
"mgi-ai-500-electric-buggy","MGI Ai 500 Electric Buggy","mgi ai 500 delivery australia","generated"
"mgi-ai-500-electric-buggy","MGI Ai 500 Electric Buggy","mgi ai 500 best price","generated"
"mgi-ai-500-electric-buggy","MGI Ai 500 Electric Buggy","mgi ai 500 order online","generated"
"mgi-ai-500-electric-buggy","MGI Ai 500 Electric Buggy","mgi ai 500 deal","generated"
"mgi-ai-navigator-halo","MGI Ai Navigator Halo","mgi ai navigator halo australia","generated"
"mgi-ai-navigator-halo","MGI Ai Navigator Halo","mgi ai navigator halo delivery australia","generated"
"mgi-ai-navigator-halo","MGI Ai Navigator Halo","mgi ai navigator halo best price","generated"
"mgi-ai-navigator-halo","MGI Ai Navigator Halo","mgi ai navigator halo order online","generated"
"mgi-ai-navigator-halo","MGI Ai Navigator Halo","mgi ai navigator halo deal","generated"
"mgi-ai-navigator-halo","MGI Ai Navigator Halo","mgi ai navigator halo in stock","generated"
"mgi-ai-navigator-halo","MGI Ai Navigator Halo","shop mgi ai navigator halo","generated"
"mgi-zip-x3","MGI ZIP X3","mgi x3 review","semrush"
"mgi-zip-x3","MGI ZIP X3","mgi zip x3 review","semrush"
"mgi-zip-x3","MGI ZIP X3","mgi zip x3 battery replacement","semrush"
"mgi-zip-x3","MGI ZIP X3","mgi zip x3 best price","semrush"
"mgi-zip-x3","MGI ZIP X3","mgi zip x3 buggy price","semrush"
"mgi-zip-x3","MGI ZIP X3","mgi zip x3 lithium electric trolley","semrush"
"mgi-zip-x3","MGI ZIP X3","mgi zip x3 australia","generated"
"mgi-e-boost-black","MGI E-Boost - Black","mgi golf buggy electric","semrush"
"mgi-e-boost-black","MGI E-Boost - Black","mgi golf trolley","semrush"
"mgi-e-boost-black","MGI E-Boost - Black","mgi buggy with remote","semrush"
"mgi-e-boost-black","MGI E-Boost - Black","electric mgi buggy","semrush"
"mgi-e-boost-black","MGI E-Boost - Black","mgi trolleys","semrush"
"mgi-e-boost-black","MGI E-Boost - Black","mgi golf buggy with remote","semrush"
"mgi-e-boost-black","MGI E-Boost - Black","best mgi golf buggy","semrush"
"mgi-e-boost-navy","MGI E-Boost - Navy","mgi buggy for sale","semrush"
"mgi-e-boost-navy","MGI E-Boost - Navy","mgi buggy remote","semrush"
"mgi-e-boost-navy","MGI E-Boost - Navy","mgi buggy seat","semrush"
"mgi-e-boost-navy","MGI E-Boost - Navy","mgi golf buggy prices","semrush"
"mgi-e-boost-navy","MGI E-Boost - Navy","mgi golf buggy review","semrush"
"mgi-e-boost-navy","MGI E-Boost - Navy","mgi golf buggy seat","semrush"
"mgi-e-boost-navy","MGI E-Boost - Navy","mgi golf buggy spares","semrush"
"mgi-e-boost-white","MGI E-Boost - White","mgi golf buggy wheels","semrush"
"mgi-e-boost-white","MGI E-Boost - White","battery for mgi golf buggy","semrush"
"mgi-e-boost-white","MGI E-Boost - White","mgi golf trolley review","semrush"
"mgi-e-boost-white","MGI E-Boost - White","mgi buggy prices","semrush"
"mgi-e-boost-white","MGI E-Boost - White","mgi buggy review","semrush"
"mgi-e-boost-white","MGI E-Boost - White","mgi golf buggy comparison","semrush"
"mgi-e-boost-white","MGI E-Boost - White","mgi golf buggy for sale australia","semrush"
"clicgear-model-4-5-buggy-black","Clicgear Model 4.5 Buggy - Black","clicgear","semrush"
"clicgear-model-4-5-buggy-black","Clicgear Model 4.5 Buggy - Black","clicgear golf buggies","semrush"
"clicgear-model-4-5-buggy-black","Clicgear Model 4.5 Buggy - Black","clicgear buggy accessories","semrush"
"clicgear-model-4-5-buggy-black","Clicgear Model 4.5 Buggy - Black","clic gear buggy","semrush"
"clicgear-model-4-5-buggy-black","Clicgear Model 4.5 Buggy - Black","clicgear 4.0 accessories","semrush"
"clicgear-model-4-5-buggy-black","Clicgear Model 4.5 Buggy - Black","buy clicgear buggy","semrush"
"clicgear-model-4-5-buggy-black","Clicgear Model 4.5 Buggy - Black","clicgear 4.0 silver","semrush"
"clicgear-model-4-0-buggy-silver","Clicgear Model 4.0 Buggy - Silver","best clicgear accessories","semrush"
"clicgear-model-4-0-buggy-silver","Clicgear Model 4.0 Buggy - Silver","clicgear 4.0 accessories australia","semrush"
"clicgear-model-4-0-buggy-silver","Clicgear Model 4.0 Buggy - Silver","clic buggy","semrush"
"clicgear-model-4-0-buggy-silver","Clicgear Model 4.0 Buggy - Silver","clicgear 4.0 black","semrush"
"clicgear-model-4-0-buggy-silver","Clicgear Model 4.0 Buggy - Silver","clicgear buggies","semrush"
"clicgear-model-4-0-buggy-silver","Clicgear Model 4.0 Buggy - Silver","buy clicgear","semrush"
"clicgear-model-4-0-buggy-silver","Clicgear Model 4.0 Buggy - Silver","clic gear","semrush"
"clicgear-model-4-0-buggy-matte-white","Clicgear Model 4.0 Buggy - Matte White","clic golf trolley","semrush"
"clicgear-model-4-0-buggy-matte-white","Clicgear Model 4.0 Buggy - Matte White","clic golf buggy","semrush"
"clicgear-model-4-0-buggy-matte-white","Clicgear Model 4.0 Buggy - Matte White","clicgear 4.0 blue","semrush"
"clicgear-model-4-0-buggy-matte-white","Clicgear Model 4.0 Buggy - Matte White","clicgear 4.0 review","semrush"
"clicgear-model-4-0-buggy-matte-white","Clicgear Model 4.0 Buggy - Matte White","clicgear 4.0 matte white australia","generated"
"clicgear-model-4-0-buggy-matte-white","Clicgear Model 4.0 Buggy - Matte White","clicgear 4.0 matte white delivery australia","generated"
"clicgear-model-4-0-buggy-matte-white","Clicgear Model 4.0 Buggy - Matte White","clicgear 4.0 matte white best price","generated"
"clicgear-model-4-0-buggy-soft-pink","Clicgear Model 4.0 Buggy - Soft Pink","clicgear 4.0 soft pink australia","generated"
"clicgear-model-4-0-buggy-soft-pink","Clicgear Model 4.0 Buggy - Soft Pink","clicgear 4.0 soft pink delivery australia","generated"
"clicgear-model-4-0-buggy-soft-pink","Clicgear Model 4.0 Buggy - Soft Pink","clicgear 4.0 soft pink best price","generated"
"clicgear-model-4-0-buggy-soft-pink","Clicgear Model 4.0 Buggy - Soft Pink","clicgear 4.0 soft pink order online","generated"
"clicgear-model-4-0-buggy-soft-pink","Clicgear Model 4.0 Buggy - Soft Pink","clicgear 4.0 soft pink deal","generated"
"clicgear-model-4-0-buggy-soft-pink","Clicgear Model 4.0 Buggy - Soft Pink","clicgear 4.0 soft pink in stock","generated"
"clicgear-model-4-0-buggy-soft-pink","Clicgear Model 4.0 Buggy - Soft Pink","shop clicgear 4.0 soft pink","generated"
"clicgear-model-4-0-buggy-teal","Clicgear Model 4.0 Buggy - Teal","clicgear 4.0 teal australia","generated"
"clicgear-model-4-0-buggy-teal","Clicgear Model 4.0 Buggy - Teal","clicgear 4.0 teal delivery australia","generated"
"clicgear-model-4-0-buggy-teal","Clicgear Model 4.0 Buggy - Teal","clicgear 4.0 teal best price","generated"
"clicgear-model-4-0-buggy-teal","Clicgear Model 4.0 Buggy - Teal","clicgear 4.0 teal order online","generated"
"clicgear-model-4-0-buggy-teal","Clicgear Model 4.0 Buggy - Teal","clicgear 4.0 teal deal","generated"
"clicgear-model-4-0-buggy-teal","Clicgear Model 4.0 Buggy - Teal","clicgear 4.0 teal in stock","generated"
"clicgear-model-4-0-buggy-teal","Clicgear Model 4.0 Buggy - Teal","shop clicgear 4.0 teal","generated"
"rovic-rv1s-swivel-2-0-buggy-light-blue","Rovic RV1S Swivel 2.0 Buggy - Light Blue","rovic golf buggy accessories","semrush"
"rovic-rv1s-swivel-2-0-buggy-light-blue","Rovic RV1S Swivel 2.0 Buggy - Light Blue","rovic rv1c accessories","semrush"
"rovic-rv1s-swivel-2-0-buggy-light-blue","Rovic RV1S Swivel 2.0 Buggy - Light Blue","rovic golf trolley accessories","semrush"
"rovic-rv1s-swivel-2-0-buggy-light-blue","Rovic RV1S Swivel 2.0 Buggy - Light Blue","rovic accessories","semrush"
"rovic-rv1s-swivel-2-0-buggy-light-blue","Rovic RV1S Swivel 2.0 Buggy - Light Blue","rovic rv1s accessories","semrush"
"rovic-rv1s-swivel-2-0-buggy-light-blue","Rovic RV1S Swivel 2.0 Buggy - Light Blue","rovic buggy accessories","semrush"
"rovic-rv1s-swivel-2-0-buggy-light-blue","Rovic RV1S Swivel 2.0 Buggy - Light Blue","rovic golf buggy australia","semrush"
"rovic-rv1c-compact-2-0-buggy-silver-black","Rovic RV1C Compact 2.0 Buggy - Silver/Black","rovic golf trolley","semrush"
"rovic-rv1c-compact-2-0-buggy-silver-black","Rovic RV1C Compact 2.0 Buggy - Silver/Black","rovic buggy","semrush"
"rovic-rv1c-compact-2-0-buggy-silver-black","Rovic RV1C Compact 2.0 Buggy - Silver/Black","rovic","semrush"
"rovic-rv1c-compact-2-0-buggy-silver-black","Rovic RV1C Compact 2.0 Buggy - Silver/Black","rovic 2.0 golf buggy","semrush"
"rovic-rv1c-compact-2-0-buggy-silver-black","Rovic RV1C Compact 2.0 Buggy - Silver/Black","golf buggy rovic","semrush"
"rovic-rv1c-compact-2-0-buggy-silver-black","Rovic RV1C Compact 2.0 Buggy - Silver/Black","rovic golf buggies","semrush"
"rovic-rv1c-compact-2-0-buggy-silver-black","Rovic RV1C Compact 2.0 Buggy - Silver/Black","rovic golf","semrush"
"mgi-lithium-24v-13ah-battery","MGI Lithium 24v 13Ah Battery","golf buggy battery replacement price","semrush"
"mgi-lithium-24v-13ah-battery","MGI Lithium 24v 13Ah Battery","electric golf buggy battery","semrush"
"mgi-lithium-24v-13ah-battery","MGI Lithium 24v 13Ah Battery","mgi golf battery","semrush"
"mgi-lithium-24v-13ah-battery","MGI Lithium 24v 13Ah Battery","battery golf buggy for sale","semrush"
"mgi-lithium-24v-13ah-battery","MGI Lithium 24v 13Ah Battery","golf trolley battery","semrush"
"mgi-lithium-24v-13ah-battery","MGI Lithium 24v 13Ah Battery","mgi lithium battery","semrush"
"mgi-lithium-24v-13ah-battery","MGI Lithium 24v 13Ah Battery","mgi 12v lithium battery charger","semrush"
"mgi-lithium-24v-250wh-battery","MGI Lithium 24V 250Wh Battery","mgi battery charging time","semrush"
"mgi-lithium-24v-250wh-battery","MGI Lithium 24V 250Wh Battery","mgi battery replacement price","semrush"
"mgi-lithium-24v-250wh-battery","MGI Lithium 24V 250Wh Battery","mgi golf batteries","semrush"
"mgi-lithium-24v-250wh-battery","MGI Lithium 24V 250Wh Battery","mgi remote battery","semrush"
"mgi-lithium-24v-250wh-battery","MGI Lithium 24V 250Wh Battery","mgi remote battery replacement","semrush"
"mgi-lithium-24v-250wh-battery","MGI Lithium 24V 250Wh Battery","battery buggy price","semrush"
"mgi-lithium-24v-250wh-battery","MGI Lithium 24V 250Wh Battery","battery operated golf trolley","semrush"
"mgi-2024-zip-24v-250wh-lithium-battery","MGI 2024 Zip 24V 250Wh Lithium Battery","battery powered golf trolley","semrush"
"mgi-2024-zip-24v-250wh-lithium-battery","MGI 2024 Zip 24V 250Wh Lithium Battery","electric golf trolley battery","semrush"
"mgi-2024-zip-24v-250wh-lithium-battery","MGI 2024 Zip 24V 250Wh Lithium Battery","electric golf trolley with lithium battery","semrush"
"mgi-2024-zip-24v-250wh-lithium-battery","MGI 2024 Zip 24V 250Wh Lithium Battery","golf battery car","semrush"
"mgi-2024-zip-24v-250wh-lithium-battery","MGI 2024 Zip 24V 250Wh Lithium Battery","golf trolley battery charger","semrush"
"mgi-2024-zip-24v-250wh-lithium-battery","MGI 2024 Zip 24V 250Wh Lithium Battery","golf trolley battery replacement","semrush"
"mgi-2024-zip-24v-250wh-lithium-battery","MGI 2024 Zip 24V 250Wh Lithium Battery","battery golf buggies australia","semrush"
"mgi-2024-zip-24v-299wh-lithium-battery","MGI 2024 Zip 24V 299Wh Lithium Battery","battery golf trolleys for sale","semrush"
"mgi-2024-zip-24v-299wh-lithium-battery","MGI 2024 Zip 24V 299Wh Lithium Battery","battery powered golf buggies for sale","semrush"
"mgi-2024-zip-24v-299wh-lithium-battery","MGI 2024 Zip 24V 299Wh Lithium Battery","mgi lithium batteries","semrush"
"mgi-2024-zip-24v-299wh-lithium-battery","MGI 2024 Zip 24V 299Wh Lithium Battery","mgi battery for sale","semrush"
"mgi-2024-zip-24v-299wh-lithium-battery","MGI 2024 Zip 24V 299Wh Lithium Battery","battery golf buggy reviews","semrush"
"mgi-2024-zip-24v-299wh-lithium-battery","MGI 2024 Zip 24V 299Wh Lithium Battery","golf trolley 12v battery charger","semrush"
"mgi-2024-zip-24v-299wh-lithium-battery","MGI 2024 Zip 24V 299Wh Lithium Battery","12v golf buggy batteries","semrush"
"mgi-lithium-12v-299wh-battery","MGI Lithium 12v 299Wh BATTERY","best electric golf buggy battery","semrush"
"mgi-lithium-12v-299wh-battery","MGI Lithium 12v 299Wh BATTERY","best electric golf trolley battery","semrush"
"mgi-lithium-12v-299wh-battery","MGI Lithium 12v 299Wh BATTERY","best golf buggy battery","semrush"
"mgi-lithium-12v-299wh-battery","MGI Lithium 12v 299Wh BATTERY","best golf trolley battery reviews","semrush"
"mgi-lithium-12v-299wh-battery","MGI Lithium 12v 299Wh BATTERY","electric golf trolley 36 hole lithium battery","semrush"
"mgi-lithium-12v-299wh-battery","MGI Lithium 12v 299Wh BATTERY","electric golf trolley batteries cheapest","semrush"
"mgi-lithium-12v-299wh-battery","MGI Lithium 12v 299Wh BATTERY","electric golf trolley no battery","semrush"
"mgi-lithium-24v-smart-charger-ai-and-zip-series","MGI Lithium 24v Smart Charger - Ai and Zip Series","mgi remote charger","semrush"
"mgi-lithium-24v-smart-charger-ai-and-zip-series","MGI Lithium 24v Smart Charger - Ai and Zip Series","golf trolley charger","semrush"
"mgi-lithium-24v-smart-charger-ai-and-zip-series","MGI Lithium 24v Smart Charger - Ai and Zip Series","golf buggy lithium battery charger","semrush"
"mgi-lithium-24v-smart-charger-ai-and-zip-series","MGI Lithium 24v Smart Charger - Ai and Zip Series","golf trolley battery charger australia","semrush"
"mgi-lithium-24v-smart-charger-ai-and-zip-series","MGI Lithium 24v Smart Charger - Ai and Zip Series","best golf trolley battery charger","semrush"
"mgi-lithium-24v-smart-charger-ai-and-zip-series","MGI Lithium 24v Smart Charger - Ai and Zip Series","mgi golf buggy charger","semrush"
"mgi-lithium-24v-smart-charger-ai-and-zip-series","MGI Lithium 24v Smart Charger - Ai and Zip Series","mgi navigator charger","semrush"
"mgi-e-series-charger","MGI E Series Charger","mgi navigator golf buggy remote charging","semrush"
"mgi-e-series-charger","MGI E Series Charger","mgi zip navigator remote control charger cable","semrush"
"mgi-e-series-charger","MGI E Series Charger","mgi zip navigator remote charging","semrush"
"mgi-e-series-charger","MGI E Series Charger","mgi e series charger australia","generated"
"mgi-e-series-charger","MGI E Series Charger","mgi e series charger delivery australia","generated"
"mgi-e-series-charger","MGI E Series Charger","mgi e series charger best price","generated"
"mgi-e-series-charger","MGI E Series Charger","mgi e series charger order online","generated"
"mgi-phone-holder","MGI Phone Holder","mgi phone holder australia","generated"
"mgi-phone-holder","MGI Phone Holder","mgi phone holder delivery australia","generated"
"mgi-phone-holder","MGI Phone Holder","mgi phone holder best price","generated"
"mgi-phone-holder","MGI Phone Holder","mgi phone holder order online","generated"
"mgi-phone-holder","MGI Phone Holder","mgi phone holder deal","generated"
"mgi-phone-holder","MGI Phone Holder","mgi phone holder in stock","generated"
"mgi-phone-holder","MGI Phone Holder","shop mgi phone holder","generated"
"mgi-zip-series-gps-holder","MGI Zip Series GPS Holder","mgi ai navigator gps+ buggy black","semrush"
"mgi-zip-series-gps-holder","MGI Zip Series GPS Holder","mgi gps navigator","semrush"
"mgi-zip-series-gps-holder","MGI Zip Series GPS Holder","mgi ai navigator gps","semrush"
"mgi-zip-series-gps-holder","MGI Zip Series GPS Holder","mgi ai navigator gps+ accessories","semrush"
"mgi-zip-series-gps-holder","MGI Zip Series GPS Holder","mg gps","semrush"
"mgi-zip-series-gps-holder","MGI Zip Series GPS Holder","mgi ai navigator gps+ motorised buggy","semrush"
"mgi-zip-series-gps-holder","MGI Zip Series GPS Holder","mgi ai navigator gps+ remote","semrush"
"mgi-umbrella-holder","MGI Umbrella Holder","golf trolley brolly holder","semrush"
"mgi-umbrella-holder","MGI Umbrella Holder","mgi umbrella holder australia","generated"
"mgi-umbrella-holder","MGI Umbrella Holder","mgi umbrella holder delivery australia","generated"
"mgi-umbrella-holder","MGI Umbrella Holder","mgi umbrella holder order online","generated"
"mgi-umbrella-holder","MGI Umbrella Holder","mgi umbrella holder deal","generated"
"mgi-umbrella-holder","MGI Umbrella Holder","mgi umbrella holder in stock","generated"
"mgi-umbrella-holder","MGI Umbrella Holder","shop mgi umbrella holder","generated"
"mgi-umbrella-holder-extender","MGI Umbrella Holder Extender","mgi umbrella holder extender australia","generated"
"mgi-umbrella-holder-extender","MGI Umbrella Holder Extender","mgi umbrella holder extender delivery australia","generated"
"mgi-umbrella-holder-extender","MGI Umbrella Holder Extender","mgi umbrella holder extender order online","generated"
"mgi-umbrella-holder-extender","MGI Umbrella Holder Extender","mgi umbrella holder extender deal","generated"
"mgi-umbrella-holder-extender","MGI Umbrella Holder Extender","mgi umbrella holder extender in stock","generated"
"mgi-umbrella-holder-extender","MGI Umbrella Holder Extender","shop mgi umbrella holder extender","generated"
"mgi-umbrella-holder-extender","MGI Umbrella Holder Extender","mgi umbrella holder extender cost","generated"
"mgi-telescopic-umbrella","MGI Telescopic Umbrella","mgi telescopic umbrella australia","generated"
"mgi-telescopic-umbrella","MGI Telescopic Umbrella","mgi telescopic umbrella delivery australia","generated"
"mgi-telescopic-umbrella","MGI Telescopic Umbrella","mgi telescopic umbrella order online","generated"
"mgi-telescopic-umbrella","MGI Telescopic Umbrella","mgi telescopic umbrella deal","generated"
"mgi-telescopic-umbrella","MGI Telescopic Umbrella","mgi telescopic umbrella in stock","generated"
"mgi-telescopic-umbrella","MGI Telescopic Umbrella","shop mgi telescopic umbrella","generated"
"mgi-telescopic-umbrella","MGI Telescopic Umbrella","mgi telescopic umbrella cost","generated"
"mgi-drink-bottle-holder","MGI Drink Bottle Holder","mgi drink bottle holder australia","generated"
"mgi-drink-bottle-holder","MGI Drink Bottle Holder","mgi drink bottle holder delivery australia","generated"
"mgi-drink-bottle-holder","MGI Drink Bottle Holder","mgi drink bottle holder best price","generated"
"mgi-drink-bottle-holder","MGI Drink Bottle Holder","mgi drink bottle holder order online","generated"
"mgi-drink-bottle-holder","MGI Drink Bottle Holder","mgi drink bottle holder deal","generated"
"mgi-drink-bottle-holder","MGI Drink Bottle Holder","mgi drink bottle holder in stock","generated"
"mgi-drink-bottle-holder","MGI Drink Bottle Holder","shop mgi drink bottle holder","generated"
"mgi-multipurpose-hook","MGI Multipurpose Hook","mgi remote clip replacement","semrush"
"mgi-multipurpose-hook","MGI Multipurpose Hook","mgi at navigator remote control clip","semrush"
"mgi-multipurpose-hook","MGI Multipurpose Hook","mgi at navigator remote control clip australia","semrush"
"mgi-multipurpose-hook","MGI Multipurpose Hook","mgi navigator nvr750c remote control clip","semrush"
"mgi-multipurpose-hook","MGI Multipurpose Hook","mgi navigator nvr750c remote control clipl","semrush"
"mgi-multipurpose-hook","MGI Multipurpose Hook","mgi navigator remote control clipl","semrush"
"mgi-multipurpose-hook","MGI Multipurpose Hook","mgi multipurpose hook australia","generated"
"mgi-scorecard-holder","MGI Scorecard Holder","mgi scorecard holder australia","generated"
"mgi-scorecard-holder","MGI Scorecard Holder","mgi scorecard holder delivery australia","generated"
"mgi-scorecard-holder","MGI Scorecard Holder","mgi scorecard holder order online","generated"
"mgi-scorecard-holder","MGI Scorecard Holder","mgi scorecard holder deal","generated"
"mgi-scorecard-holder","MGI Scorecard Holder","mgi scorecard holder in stock","generated"
"mgi-scorecard-holder","MGI Scorecard Holder","shop mgi scorecard holder","generated"
"mgi-scorecard-holder","MGI Scorecard Holder","mgi scorecard holder cost","generated"
"mgi-seat","MGI Seat","golf buggy with seat for sale","semrush"
"mgi-seat","MGI Seat","mgi ai seat","semrush"
"mgi-seat","MGI Seat","3 wheel golf buggy with seat","semrush"
"mgi-seat","MGI Seat","electric golf trolley seats","semrush"
"mgi-seat","MGI Seat","three wheel golf buggy with seat","semrush"
"mgi-seat","MGI Seat","best golf buggy with seat","semrush"
"mgi-seat","MGI Seat","universal golf trolley seat","semrush"
"mgi-rain-cover","MGI Rain Cover","mgi 2024 zip navigator all terrain","semrush"
"mgi-rain-cover","MGI Rain Cover","mgi 2024 zip navigator all terrain motorised buggy","semrush"
"mgi-rain-cover","MGI Rain Cover","mgi all terrain golf buggy","semrush"
"mgi-rain-cover","MGI Rain Cover","mgi zip navigator all terrain for sale","semrush"
"mgi-rain-cover","MGI Rain Cover","mgi zip navigator all terrain review","semrush"
"mgi-rain-cover","MGI Rain Cover","mgi zip navigator at - all terrain review","semrush"
"mgi-rain-cover","MGI Rain Cover","mgi zip navigator vs all terrain","semrush"
"mgi-wheel-covers","MGI Wheel Covers","golf buggy third wheel","semrush"
"mgi-wheel-covers","MGI Wheel Covers","big wheel golf buggy","semrush"
"mgi-wheel-covers","MGI Wheel Covers","electric golf buggy wheels","semrush"
"mgi-wheel-covers","MGI Wheel Covers","electric golf trolley wheels","semrush"
"mgi-wheel-covers","MGI Wheel Covers","golf buggy alloy wheels","semrush"
"mgi-wheel-covers","MGI Wheel Covers","golf buggy front wheel","semrush"
"mgi-wheel-covers","MGI Wheel Covers","golf buggy wheels australia","semrush"
"mgi-rear-wheels","MGI Rear Wheels","golf trolley front wheel","semrush"
"mgi-rear-wheels","MGI Rear Wheels","golf trolley wheels for sale","semrush"
"mgi-rear-wheels","MGI Rear Wheels","motorised golf buggy wheels","semrush"
"mgi-rear-wheels","MGI Rear Wheels","3 wheel electric buggy","semrush"
"mgi-rear-wheels","MGI Rear Wheels","3 wheel golf buggy reviews","semrush"
"mgi-rear-wheels","MGI Rear Wheels","3 wheel golf trolley reviews","semrush"
"mgi-rear-wheels","MGI Rear Wheels","3 wheel golf trolley sports direct","semrush"
"mgi-cooler-bag","MGI Cooler Bag","mgi cooler bag australia","generated"
"mgi-cooler-bag","MGI Cooler Bag","mgi cooler bag delivery australia","generated"
"mgi-cooler-bag","MGI Cooler Bag","mgi cooler bag order online","generated"
"mgi-cooler-bag","MGI Cooler Bag","mgi cooler bag deal","generated"
"mgi-cooler-bag","MGI Cooler Bag","mgi cooler bag in stock","generated"
"mgi-cooler-bag","MGI Cooler Bag","shop mgi cooler bag","generated"
"mgi-cooler-bag","MGI Cooler Bag","mgi cooler bag cost","generated"
"mgi-travel-bag","MGI Travel Bag","mgi travel bag australia","generated"
"mgi-travel-bag","MGI Travel Bag","mgi travel bag delivery australia","generated"
"mgi-travel-bag","MGI Travel Bag","mgi travel bag order online","generated"
"mgi-travel-bag","MGI Travel Bag","mgi travel bag deal","generated"
"mgi-travel-bag","MGI Travel Bag","mgi travel bag in stock","generated"
"mgi-travel-bag","MGI Travel Bag","shop mgi travel bag","generated"
"mgi-travel-bag","MGI Travel Bag","mgi travel bag cost","generated"
"mgi-accessories-bag","MGI Accessories Bag","mgi golf accessories","semrush"
"mgi-accessories-bag","MGI Accessories Bag","mgi ai accessories","semrush"
"mgi-accessories-bag","MGI Accessories Bag","mgi ai navigator accessories","semrush"
"mgi-accessories-bag","MGI Accessories Bag","mgi navigator at accessories","semrush"
"mgi-accessories-bag","MGI Accessories Bag","best mgi zip navigator accessories","semrush"
"mgi-accessories-bag","MGI Accessories Bag","golf trolley accessories holder","semrush"
"mgi-accessories-bag","MGI Accessories Bag","universal golf trolley accessories","semrush"
"mgi-fireproof-charging-box","MGI Fireproof Charging Box","mgi fireproof charging box australia","generated"
"mgi-fireproof-charging-box","MGI Fireproof Charging Box","mgi fireproof charging box delivery australia","generated"
"mgi-fireproof-charging-box","MGI Fireproof Charging Box","mgi fireproof charging box order online","generated"
"mgi-fireproof-charging-box","MGI Fireproof Charging Box","mgi fireproof charging box deal","generated"
"mgi-fireproof-charging-box","MGI Fireproof Charging Box","mgi fireproof charging box in stock","generated"
"mgi-fireproof-charging-box","MGI Fireproof Charging Box","shop mgi fireproof charging box","generated"
"mgi-fireproof-charging-box","MGI Fireproof Charging Box","mgi fireproof charging box cost","generated"
"mgi-halo-eye","MGI Halo Eye","mgi halo eye australia","generated"
"mgi-halo-eye","MGI Halo Eye","mgi halo eye delivery australia","generated"
"mgi-halo-eye","MGI Halo Eye","mgi halo eye order online","generated"
"mgi-halo-eye","MGI Halo Eye","mgi halo eye deal","generated"
"mgi-halo-eye","MGI Halo Eye","mgi halo eye in stock","generated"
"mgi-halo-eye","MGI Halo Eye","shop mgi halo eye","generated"
"mgi-halo-eye","MGI Halo Eye","mgi halo eye cost","generated"
"clicgear-soft-seat-cover","Clicgear Soft Seat Cover","clicgear soft seat cover australia","generated"
"clicgear-soft-seat-cover","Clicgear Soft Seat Cover","clicgear soft seat cover delivery australia","generated"
"clicgear-soft-seat-cover","Clicgear Soft Seat Cover","clicgear soft seat cover best price","generated"
"clicgear-soft-seat-cover","Clicgear Soft Seat Cover","clicgear soft seat cover order online","generated"
"clicgear-soft-seat-cover","Clicgear Soft Seat Cover","clicgear soft seat cover deal","generated"
"clicgear-soft-seat-cover","Clicgear Soft Seat Cover","clicgear soft seat cover in stock","generated"
"clicgear-soft-seat-cover","Clicgear Soft Seat Cover","shop clicgear soft seat cover","generated"
"rovic-rv1c-1s-seat","Rovic RV1C/1S Seat","rovic rv1c 1s seat australia","generated"
"rovic-rv1c-1s-seat","Rovic RV1C/1S Seat","rovic rv1c 1s seat delivery australia","generated"
"rovic-rv1c-1s-seat","Rovic RV1C/1S Seat","rovic rv1c 1s seat best price","generated"
"rovic-rv1c-1s-seat","Rovic RV1C/1S Seat","rovic rv1c 1s seat order online","generated"
"rovic-rv1c-1s-seat","Rovic RV1C/1S Seat","rovic rv1c 1s seat deal","generated"
"rovic-rv1c-1s-seat","Rovic RV1C/1S Seat","rovic rv1c 1s seat in stock","generated"
"rovic-rv1c-1s-seat","Rovic RV1C/1S Seat","shop rovic rv1c 1s seat","generated"
