"url","page_type","role","keyword","cluster_id","monthly_volume","kd","intent","in_bank"
"/","home","primary","buggies for sale","C00014","590","14","Transactional","yes"
"/","home","supporting","golf buggy","C00001","6600","17","Commercial","yes"
"/shop/","shop hub","primary","golf buggy for sale","C00004","1900","14","Transactional","yes"
"/shop/","shop hub","supporting","golf buggies for sale australia","C00120","110","15","Transactional","yes"
"/shop/","shop hub","supporting","buy golf buggy","C00156","90","12","Transactional","yes"
"/shop/","shop hub","supporting","best golf buggy australia","C00114","110","9","Commercial","yes"
"/shop/","shop hub","supporting","golf buggy sales","C00004","1900","14","Transactional","yes"
"/shop/","shop hub","supporting","golf buggy price","C00342","30","","Transactional","yes"
"/shop/electric-golf-buggies/","category","primary","electric golf buggy","C00006","1900","36","Informational, Commercial","yes"
"/shop/electric-golf-buggies/","category","supporting","electric golf buggy for sale","C00028","390","17","Transactional","yes"
"/shop/electric-golf-buggies/","category","supporting","electric golf buggies australia","C00099","140","24","Commercial","yes"
"/shop/electric-golf-buggies/","category","supporting","best electric golf buggy australia","C00096","140","20","Commercial","yes"
"/shop/electric-golf-buggies/","category","supporting","electric golf buggy with remote","C00037","320","10","Commercial","yes"
"/shop/electric-golf-buggies/","category","supporting","remote control electric golf buggy","C00043","260","5","Commercial","yes"
"/shop/electric-golf-buggies/","category","supporting","electric golf cart","C00012","720","15","Commercial","yes"
"/shop/luxury-4-seater/","category","primary","4 seater golf buggy for sale","C00324","30","","Transactional","yes"
"/shop/luxury-4-seater/","category","supporting","6 seater golf buggy","C00764","20","","Commercial","yes"
"/shop/luxury-4-seater/","category","supporting","6 seater golf buggy for sale","C00765","20","","Transactional","yes"
"/shop/luxury-4-seater/","category","supporting","4 seater golf cart","C00081","140","0","Commercial","yes"
"/shop/luxury-4-seater/","category","supporting","4 seater electric golf buggy","C00757","20","","Commercial","yes"
"/shop/luxury-4-seater/","category","supporting","4 seat golf buggy for sale","C00755","20","","Transactional","yes"
"/shop/luxury-4-seater/","category","supporting","4 passenger electric golf cart","C00602","20","","Commercial","yes"
"/shop/luxury-4-seater/","category","supporting","luxury 6 seater golf cart","C14943","20","","Commercial","yes"
"/shop/traditional-2-seater/","category","primary","2 seater golf buggy for sale","C00323","30","","Transactional","yes"
"/shop/traditional-2-seater/","category","supporting","2 seater golf buggy","C00322","30","","Commercial","yes"
"/shop/traditional-2-seater/","category","supporting","electric golf buggy 2 seater","C00889","20","","Commercial","yes"
"/shop/traditional-2-seater/","category","supporting","two seater golf buggy","C01157","20","","Commercial","yes"
"/shop/traditional-2-seater/","category","supporting","2 seat golf buggy","C00321","30","","Commercial","yes"
"/shop/traditional-2-seater/","category","supporting","2 seater golf cart","C00374","30","","Commercial","yes"
"/shop/traditional-2-seater/","category","supporting","2 person golf carts for sale","C00433","20","3","Transactional","yes"
"/shop/off-road-4x4/","category","primary","off road golf buggy","C00281","40","","Commercial","yes"
"/shop/off-road-4x4/","category","supporting","off road golf cart","C00255","50","","Commercial","yes"
"/shop/off-road-4x4/","category","supporting","4x4 golf cart for sale","C00761","20","","Transactional","yes"
"/shop/off-road-4x4/","category","supporting","4x4 electric golf cart","C00607","20","","Commercial","yes"
"/shop/off-road-4x4/","category","supporting","lifted golf cart","C01500","20","","Commercial","yes"
"/shop/off-road-4x4/","category","supporting","lifted golf buggy","","","","","no (editorial)"
"/shop/commercial-utility/","category","primary","farm buggies for sale","C00218","50","6","Transactional","yes"
"/shop/commercial-utility/","category","supporting","utility buggy for sale","C01160","20","","Transactional","yes"
"/shop/commercial-utility/","category","supporting","electric utility buggy","C00515","20","","Commercial","yes"
"/shop/commercial-utility/","category","supporting","utility golf buggy","C03194","10","","Commercial","yes"
"/shop/commercial-utility/","category","supporting","farm buggy for sale australia","C00925","20","","Transactional","yes"
"/shop/commercial-utility/","category","supporting","utility golf cart","C00206","70","","Transactional","yes"
"/shop/mechanical-petrol/","category","primary","petrol golf buggy for sale","C00259","40","2","Transactional","yes"
"/shop/mechanical-petrol/","category","supporting","petrol golf buggy","C00209","50","1","Commercial","yes"
"/shop/mechanical-petrol/","category","supporting","petrol golf carts for sale","C00035","320","6","Transactional","yes"
"/shop/mechanical-petrol/","category","supporting","petrol golf cart","C00066","170","3","Commercial","yes"
"/shop/mechanical-petrol/","category","supporting","gas golf carts for sale","C00935","20","","Transactional","yes"
"/shop/mechanical-petrol/","category","supporting","petrol powered golf cart","C00741","20","","Commercial","yes"
"/shop/walk-behind-buggies/","category","primary","golf trolley","C00009","880","13","Commercial","yes"
"/shop/walk-behind-buggies/","category","supporting","remote control golf buggy","C00017","480","12","Commercial","yes"
"/shop/walk-behind-buggies/","category","supporting","golf push buggy","C00016","480","10","Commercial","yes"
"/shop/walk-behind-buggies/","category","supporting","electric golf trolley","C00049","260","25","Commercial","yes"
"/shop/walk-behind-buggies/","category","supporting","motorised golf buggy","C00029","390","20","Informational, Commercial","yes"
"/shop/walk-behind-buggies/","category","supporting","electric golf caddy","C00063","210","19","Commercial","yes"
"/shop/walk-behind-buggies/","category","supporting","golf trolley for sale","C00152","90","11","Transactional","yes"
"/shop/batteries-chargers/","category","primary","golf buggy battery","C00045","260","6","Informational, Commercial","yes"
"/shop/batteries-chargers/","category","supporting","golf buggy battery lithium","C00046","260","6","Commercial","yes"
"/shop/batteries-chargers/","category","supporting","golf buggy battery replacement","C00135","90","3","Commercial","yes"
"/shop/batteries-chargers/","category","supporting","golf buggy charger","C00204","70","","Commercial","yes"
"/shop/batteries-chargers/","category","supporting","golf cart batteries","","","","","no (editorial)"
"/shop/accessories-spare-parts/","category","primary","golf buggy accessories","C00023","390","4","Commercial","yes"
"/shop/accessories-spare-parts/","category","supporting","golf buggy accessories australia","C00108","110","6","Commercial","yes"
"/shop/accessories-spare-parts/","category","supporting","golf buggy wheels","C00034","320","4","Informational, Commercial","yes"
"/shop/accessories-spare-parts/","category","supporting","golf buggy tyres","C00182","70","6","Commercial","yes"
"/shop/accessories-spare-parts/","category","supporting","golf cart accessories","C00024","390","6","Commercial","yes"
"/shop/accessories-spare-parts/","category","supporting","golf buggy parts australia","","90","10","","kept on purpose (removed from the bank in Phase 0: parts / repair / manuals)"
"/shop/accessories-spare-parts/","category","supporting","golf cart parts australia","","110","20","","kept on purpose (removed from the bank in Phase 0: parts / repair / manuals)"
"/shop/accessories-spare-parts/","category","supporting","golf cart parts","","260","30","","kept on purpose (removed from the bank in Phase 0: parts / repair / manuals)"
"/shop/junior-golf-buggies/","category","primary","junior golf buggy","","110","9","","kept on purpose (removed from the bank in Phase 0: held: junior range (owner-initiated coming-soon page only))"
"/shop/junior-golf-buggies/","category","supporting","kids golf buggy","","110","7","","kept on purpose (removed from the bank in Phase 0: held: junior range (owner-initiated coming-soon page only))"
"/shop/junior-golf-buggies/","category","supporting","kids golf cart","","90","24","","kept on purpose (removed from the bank in Phase 0: held: junior range (owner-initiated coming-soon page only))"
"/shop/junior-golf-buggies/","category","supporting","childrens golf buggy","C00269","40","10","Commercial","yes"
"/shop/junior-golf-buggies/","category","supporting","junior golf buggy australia","","20","","","kept on purpose (removed from the bank in Phase 0: held: junior range (owner-initiated coming-soon page only))"
"/shop/junior-golf-buggies/","category","supporting","junior golf carts for sale","","20","","","kept on purpose (removed from the bank in Phase 0: held: junior range (owner-initiated coming-soon page only))"
"/shop/junior-golf-buggies/","category","supporting","junior golf buggies","","20","","","kept on purpose (removed from the bank in Phase 0: held: junior range (owner-initiated coming-soon page only))"
"/delivery/gold-coast/","delivery city","primary","golf buggy for sale gold coast","C00138","90","5","Transactional","yes"
"/delivery/gold-coast/","delivery city","supporting","golf buggy gold coast","C00102","110","4","Commercial","yes"
"/delivery/gold-coast/","delivery city","supporting","golf buggies gold coast","C00102","110","4","Commercial","yes"
"/delivery/gold-coast/","delivery city","supporting","golf carts gold coast","C00055","210","6","Commercial","yes"
"/delivery/gold-coast/","delivery city","supporting","golf carts for sale gold coast","C00106","110","6","Transactional","yes"
"/delivery/gold-coast/","delivery city","supporting","electric golf buggy for sale gold coast","C00891","20","","Transactional","yes"
"/delivery/gold-coast/","delivery city","supporting","yamaha golf carts gold coast","C02358","20","","Navigational","yes"
"/delivery/brisbane/","delivery city","primary","golf buggy for sale brisbane","C00067","170","3","Transactional","yes"
"/delivery/brisbane/","delivery city","supporting","golf buggy for sale qld","C00112","110","8","Transactional","yes"
"/delivery/brisbane/","delivery city","supporting","golf buggies for sale brisbane","C00067","170","3","Transactional","yes"
"/delivery/brisbane/","delivery city","supporting","golf carts for sale brisbane","C00052","210","6","Transactional","yes"
"/delivery/brisbane/","delivery city","supporting","golf carts for sale qld","C00051","210","5","Transactional","yes"
"/delivery/brisbane/","delivery city","supporting","electric golf buggies brisbane","C00330","30","","Commercial","yes"
"/delivery/brisbane/","delivery city","supporting","golf buggy batteries brisbane","C00525","20","","Commercial","yes"
"/delivery/brisbane/","delivery city","supporting","golf cart batteries brisbane","C00056","210","6","Commercial","yes"
"/delivery/sydney/","delivery city","primary","golf buggy for sale sydney","C00134","90","2","Transactional","yes"
"/delivery/sydney/","delivery city","supporting","golf buggy for sale nsw","C00142","90","6","Transactional","yes"
"/delivery/sydney/","delivery city","supporting","golf buggies for sale sydney","C00134","90","2","Transactional","yes"
"/delivery/sydney/","delivery city","supporting","golf carts for sale sydney","C00089","140","9","Transactional","yes"
"/delivery/sydney/","delivery city","supporting","electric golf buggies sydney","C00333","30","","Commercial","yes"
"/delivery/sydney/","delivery city","supporting","motorised golf buggies sydney","C00352","30","","Commercial","yes"
"/delivery/sydney/","delivery city","supporting","petrol golf carts for sale sydney","C01093","20","","Transactional","yes"
"/delivery/sydney/","delivery city","supporting","yamaha golf carts sydney","C02363","20","","Navigational","yes"
"/delivery/melbourne/","delivery city","primary","golf buggy for sale melbourne","C00270","40","11","Transactional","yes"
"/delivery/melbourne/","delivery city","supporting","golf buggies for sale victoria","C00136","90","4","Transactional","yes"
"/delivery/melbourne/","delivery city","supporting","golf carts for sale melbourne","C00054","210","6","Transactional","yes"
"/delivery/melbourne/","delivery city","supporting","golf carts for sale victoria","C00107","110","6","Transactional","yes"
"/delivery/melbourne/","delivery city","supporting","electric golf buggies melbourne","C00331","30","","Commercial","yes"
"/delivery/melbourne/","delivery city","supporting","golf buggy batteries melbourne","C00274","40","","Commercial","yes"
"/delivery/melbourne/","delivery city","supporting","yamaha golf carts melbourne","C00188","70","10","Navigational","yes"
"/delivery/adelaide/","delivery city","primary","golf buggy for sale adelaide","C00285","40","","Transactional","yes"
"/delivery/adelaide/","delivery city","supporting","golf buggies adelaide","C00178","70","5","Commercial","yes"
"/delivery/adelaide/","delivery city","supporting","golf carts for sale adelaide","C00082","140","6","Transactional","yes"
"/delivery/adelaide/","delivery city","supporting","golf carts for sale south australia","C00384","30","","Transactional","yes"
"/delivery/adelaide/","delivery city","supporting","buggy for sale south australia","C00826","20","","Transactional","yes"
"/delivery/adelaide/","delivery city","supporting","golf cars adelaide","C00223","50","6","Commercial","yes"
"/delivery/adelaide/","delivery city","supporting","electric golf buggies adelaide","C00329","30","","Commercial","yes"
"/delivery/adelaide/","delivery city","supporting","electric golf buggy for sale adelaide","C00334","30","","Transactional","yes"
"/delivery/perth/","delivery city","primary","golf buggy for sale perth","C00130","90","0","Transactional","yes"
"/delivery/perth/","delivery city","supporting","golf buggies perth","C00243","50","18","Commercial","yes"
"/delivery/perth/","delivery city","supporting","golf carts for sale perth","C00053","210","6","Transactional","yes"
"/delivery/perth/","delivery city","supporting","golf carts for sale wa","C00215","50","5","Transactional","yes"
"/delivery/perth/","delivery city","supporting","electric golf buggy for sale perth","C00225","50","7","Transactional","yes"
"/delivery/perth/","delivery city","supporting","electric golf buggies perth","C00332","30","","Commercial","yes"
"/delivery/perth/","delivery city","supporting","motorised golf buggies perth","C00351","30","","Commercial","yes"
"/delivery/perth/","delivery city","supporting","golf carts perth","C00148","90","9","Commercial","yes"
"/shop/luxury-4-seater/atlas-4-passenger-lifted-lithium-buggy/","product","primary","atlas golf carts for sale","C01505","20","","Transactional","yes"
"/shop/luxury-4-seater/atlas-4-passenger-lifted-lithium-buggy/","product","supporting","atlas golf carts reviews","C01506","20","","Commercial","yes"
"/shop/luxury-4-seater/evolution-d5-ranger-4-plus-2/","product","primary","evolution d5 golf cart for sale","C06358","0","","Transactional","yes"
"/shop/luxury-4-seater/evolution-d5-ranger-4-plus-2/","product","supporting","evolution d5 golf cart price","C03908","10","","Transactional","yes"
"/shop/luxury-4-seater/evolution-d5-ranger-4-plus-2/","product","supporting","buy evolution d5 golf cart","C06047","0","","Transactional","yes"
"/shop/luxury-4-seater/evolution-d5-ranger-4-plus-2/","product","supporting","evolution d5 golf cart cost","C11989","0","","Transactional","yes"
"/shop/luxury-4-seater/evolution-d5-ranger-4-plus-2/","product","supporting","evolution d5 golf cart reviews","C11990","0","","Commercial","yes"
"/shop/luxury-4-seater/evolution-d5-ranger-4-plus-2/","product","supporting","evolution 6 seater golf cart","C03330","10","","Commercial","yes"
"/shop/luxury-4-seater/evolution-d5-ranger-4-plus-2/","product","supporting","evolution d5 golf carts","C01535","20","","Navigational","yes"
"/shop/luxury-4-seater/club-car-onward-4-passenger-lithium/","product","primary","club car onward for sale","C01841","20","","Transactional","yes"
"/shop/luxury-4-seater/club-car-onward-4-passenger-lithium/","product","supporting","club car onward 4 passenger for sale","C03663","10","","Transactional","yes"
"/shop/luxury-4-seater/club-car-onward-4-passenger-lithium/","product","supporting","club car onward 4 passenger price","C03664","10","","Transactional","yes"
"/shop/luxury-4-seater/club-car-onward-4-passenger-lithium/","product","supporting","club car onward 4 seater","C03665","10","","Commercial","yes"
"/shop/luxury-4-seater/club-car-onward-4-passenger-lithium/","product","supporting","club car onward price","C01843","20","","Transactional","yes"
"/shop/luxury-4-seater/club-car-onward-4-passenger-lithium/","product","supporting","club car onward 4 passenger","C01839","20","","Commercial","yes"
"/shop/luxury-4-seater/club-car-onward-4-passenger-lithium/","product","supporting","onward golf cart for sale","C07456","0","","Transactional","yes"
"/shop/luxury-4-seater/tara-roadster-2-plus-2-lifted/","product","primary","tara golf carts price","C01147","20","","Transactional","yes"
"/shop/luxury-4-seater/tara-roadster-2-plus-2-lifted/","product","supporting","tara roadster 2 golf cart reviews","C01149","20","","Commercial","yes"
"/shop/luxury-4-seater/tara-roadster-2-plus-2-lifted/","product","supporting","tara roadster 2 golf cart","C01148","20","","Navigational","yes"
"/shop/luxury-4-seater/ezgo-express-l6-lithium/","product","primary","ezgo express l6 for sale","C10880","0","","Transactional","yes"
"/shop/luxury-4-seater/ezgo-express-l6-lithium/","product","supporting","ezgo express l6 price","C11108","0","","Transactional","yes"
"/shop/luxury-4-seater/ezgo-express-l6-lithium/","product","supporting","ezgo 6 seater golf cart","C01605","20","","Commercial","yes"
"/shop/luxury-4-seater/lvtong-4-seater-resort-cruiser/","product","primary","resort buggy for sale","C01112","20","","Transactional","yes"
"/shop/luxury-4-seater/lvtong-4-seater-resort-cruiser/","product","supporting","4 seater electric golf cart","C00604","20","","Commercial","yes"
"/shop/luxury-4-seater/lvtong-4-seater-resort-cruiser/","product","supporting","4 seat electric golf cart","C00603","20","","Commercial","yes"
"/shop/luxury-4-seater/lvtong-4-seater-resort-cruiser/","product","supporting","lv tong electric golf carts","C14957","10","","Commercial","yes"
"/shop/luxury-4-seater/lvtong-4-seater-resort-cruiser/","product","supporting","lvtong maintenance free battery","C14964","0","","Commercial","yes"
"/shop/traditional-2-seater/club-car-tempo-lithium-2025/","product","primary","club car tempo for sale","C01859","20","","Transactional","yes"
"/shop/traditional-2-seater/club-car-tempo-lithium-2025/","product","supporting","club car tempo price","C01868","20","","Transactional","yes"
"/shop/traditional-2-seater/club-car-tempo-lithium-2025/","product","supporting","club car tempo electric","C01858","20","","Commercial","yes"
"/shop/traditional-2-seater/club-car-tempo-lithium-2025/","product","supporting","tempo golf cart for sale","C14962","10","","Transactional","yes"
"/shop/traditional-2-seater/ezgo-rxv-elite-lithium/","product","primary","ezgo rxv elite for sale","C03792","10","","Transactional","yes"
"/shop/traditional-2-seater/ezgo-rxv-elite-lithium/","product","supporting","ezgo elite golf cart for sale","C01615","20","","Transactional","yes"
"/shop/traditional-2-seater/ezgo-rxv-elite-lithium/","product","supporting","ezgo elite golf cart price","C01616","20","","Transactional","yes"
"/shop/traditional-2-seater/ezgo-rxv-elite-lithium/","product","supporting","ezgo rxv golf cart for sale","C01695","20","","Transactional","yes"
"/shop/traditional-2-seater/ezgo-rxv-elite-lithium/","product","supporting","ezgo rxv golf cart price","C01696","20","","Transactional","yes"
"/shop/traditional-2-seater/ezgo-rxv-elite-lithium/","product","supporting","ezgo rxv electric golf cart","C01690","20","","Commercial","yes"
"/shop/traditional-2-seater/ezgo-rxv-elite-lithium/","product","supporting","ezgo rxv","C00293","40","","Navigational","yes"
"/shop/traditional-2-seater/yamaha-drive2-ac-lithium/","product","primary","yamaha drive2 golf cart for sale","C02166","20","","Transactional","yes"
"/shop/traditional-2-seater/yamaha-drive2-ac-lithium/","product","supporting","yamaha drive 2 golf cart for sale","C02163","20","","Transactional","yes"
"/shop/traditional-2-seater/yamaha-drive2-ac-lithium/","product","supporting","yamaha drive 2 golf cart price","C02164","20","","Transactional","yes"
"/shop/traditional-2-seater/yamaha-drive2-ac-lithium/","product","supporting","yamaha drive 2 electric golf cart","C04063","10","","Commercial","yes"
"/shop/traditional-2-seater/yamaha-drive2-ac-lithium/","product","supporting","yamaha electric carts","C00183","70","7","Commercial","yes"
"/shop/traditional-2-seater/yamaha-drive2-ac-lithium/","product","supporting","electric golf cart yamaha","C02100","20","","Commercial","yes"
"/shop/traditional-2-seater/tara-spirit-pro-2-seater/","product","primary","tara electric golf cart","C02924","10","","Commercial","yes"
"/shop/traditional-2-seater/tara-spirit-pro-2-seater/","product","supporting","2 seater electric golf carts","C00210","50","4","Commercial","yes"
"/shop/traditional-2-seater/tara-spirit-pro-2-seater/","product","supporting","2 seat electric golf cart","C00598","20","","Commercial","yes"
"/shop/traditional-2-seater/lvtong-2-passenger-golf-buggy/","product","primary","2 person electric golf cart","C00432","20","1","Commercial","yes"
"/shop/traditional-2-seater/lvtong-2-passenger-golf-buggy/","product","supporting","2 person golf cart","C00426","20","0","Commercial","yes"
"/shop/traditional-2-seater/lvtong-2-passenger-golf-buggy/","product","supporting","two seater electric golf cart","C00732","20","","Commercial","yes"
"/shop/traditional-2-seater/lvtong-2-passenger-golf-buggy/","product","supporting","lv tong australia golf carts","C14956","10","","Commercial","yes"
"/shop/traditional-2-seater/evolution-classic-2-plus/","product","primary","evolution golf carts for sale","C00922","20","","Transactional","yes"
"/shop/traditional-2-seater/evolution-classic-2-plus/","product","supporting","evolution 2 seater golf carts","C03328","10","","Commercial","yes"
"/shop/traditional-2-seater/evolution-classic-2-plus/","product","supporting","evolution golf carts near me","C01174","20","","Transactional","yes"
"/shop/off-road-4x4/atlas-4-seater-heavy-duty-lifted-350a/","product","primary","atlas golf carts price","C00389","30","","Transactional","yes"
"/shop/off-road-4x4/atlas-4-seater-heavy-duty-lifted-350a/","product","supporting","atlas golf cart price range","C09176","0","","Transactional","yes"
"/shop/off-road-4x4/atlas-4-seater-heavy-duty-lifted-350a/","product","supporting","atlas golf carts for sale near me","C09178","0","","Transactional","yes"
"/shop/off-road-4x4/atlas-4-seater-heavy-duty-lifted-350a/","product","supporting","atlas golf cart reviews consumer reports","C09177","0","","Commercial","yes"
"/shop/off-road-4x4/evolution-d-max-gt4-off-road/","product","primary","evolution electric golf cart","C02893","10","","Commercial","yes"
"/shop/off-road-4x4/evolution-d-max-gt4-off-road/","product","supporting","evolution golf cart reviews","C00682","20","","Commercial","yes"
"/shop/off-road-4x4/ezgo-express-s4-lifted-high-torque/","product","primary","ezgo express s4 for sale","C10883","0","","Transactional","yes"
"/shop/off-road-4x4/ezgo-express-s4-lifted-high-torque/","product","supporting","ezgo express s4 price","C10885","0","","Transactional","yes"
"/shop/off-road-4x4/ezgo-express-s4-lifted-high-torque/","product","supporting","ezgo express s4 reviews","C11116","0","","Commercial","yes"
"/shop/off-road-4x4/ezgo-express-s4-lifted-high-torque/","product","supporting","ezgo golf cart lifted","C03754","10","","Commercial","yes"
"/shop/off-road-4x4/ezgo-express-s4-lifted-high-torque/","product","supporting","ezgo express s4 elite for sale","C11111","0","","Transactional","yes"
"/shop/off-road-4x4/lvtong-rough-terrain-lifted-buggy/","product","primary","all terrain golf cart for sale","C02963","10","","Transactional","yes"
"/shop/off-road-4x4/club-car-onward-lifted-efi-petrol/","product","primary","club car onward lifted","C03669","10","","Commercial","yes"
"/shop/off-road-4x4/club-car-onward-lifted-efi-petrol/","product","supporting","club car onward lifted 4 passenger","C03670","10","","Commercial","yes"
"/shop/off-road-4x4/club-car-onward-lifted-efi-petrol/","product","supporting","club car lifted golf carts","C03392","10","","Commercial","yes"
"/shop/off-road-4x4/tara-roadster-4-off-road/","product","primary","roadster golf cart for sale","C03161","10","","Transactional","yes"
"/shop/commercial-utility/club-car-carryall-700-electric-utility/","product","primary","club car carryall 700 for sale","C01800","20","","Transactional","yes"
"/shop/commercial-utility/club-car-carryall-700-electric-utility/","product","supporting","club car carryall 700 price","C01801","20","","Transactional","yes"
"/shop/commercial-utility/club-car-carryall-700-electric-utility/","product","supporting","club car utility golf cart","C01880","20","","Commercial","yes"
"/shop/commercial-utility/ezgo-cushman-hauler-pro-lithium/","product","primary","cushman utility cart for sale","C03409","10","","Transactional","yes"
"/shop/commercial-utility/ezgo-cushman-hauler-pro-lithium/","product","supporting","cushman electric utility cart","C03408","10","","Commercial","yes"
"/shop/commercial-utility/ezgo-cushman-hauler-pro-lithium/","product","supporting","cushman electric cart","C00631","20","","Commercial","yes"
"/shop/commercial-utility/ezgo-cushman-hauler-pro-lithium/","product","supporting","cushman utility cart","C01513","20","","Commercial","yes"
"/shop/commercial-utility/ezgo-cushman-hauler-pro-lithium/","product","supporting","cushman electric golf cart","C02860","10","","Commercial","yes"
"/shop/commercial-utility/yamaha-umax-rally-efi-petrol/","product","primary","yamaha umax utility cart for sale","C13468","0","","Transactional","yes"
"/shop/commercial-utility/yamaha-umax-rally-efi-petrol/","product","supporting","yamaha umax utility cart","C13467","0","","Commercial","yes"
"/shop/commercial-utility/evolution-700-heavy-commercial-utility/","product","primary","evolution golf cart price","C00921","20","","Transactional","yes"
"/shop/commercial-utility/evolution-700-heavy-commercial-utility/","product","supporting","evolution golf cart dealers","C03049","10","","Transactional","yes"
"/shop/commercial-utility/lvtong-commercial-flatbed-cargo-buggy/","product","primary","flatbed golf cart for sale","C06381","0","","Transactional","yes"
"/shop/commercial-utility/lvtong-commercial-flatbed-cargo-buggy/","product","supporting","electric flatbed golf cart","C05314","0","","Commercial","yes"
"/shop/commercial-utility/lvtong-commercial-flatbed-cargo-buggy/","product","supporting","electric cargo golf cart","C05313","0","","Commercial","yes"
"/shop/commercial-utility/lvtong-commercial-flatbed-cargo-buggy/","product","supporting","cargo golf cart for sale","C06095","0","","Transactional","yes"
"/shop/commercial-utility/lvtong-commercial-flatbed-cargo-buggy/","product","supporting","cargo buggy for sale","C06094","0","","Transactional","yes"
"/shop/commercial-utility/lvtong-commercial-flatbed-cargo-buggy/","product","supporting","electric buggy with tray","C04733","0","","Commercial","yes"
"/shop/commercial-utility/lvtong-commercial-flatbed-cargo-buggy/","product","supporting","golf buggy with tray for sale","C06537","0","","Transactional","yes"
"/shop/commercial-utility/club-car-transporter-6-commercial/","product","primary","club car transporter golf carts for sale","C10413","0","","Transactional","yes"
"/shop/commercial-utility/club-car-transporter-6-commercial/","product","supporting","club car golf buggy for sale","C00116","110","12","Transactional","yes"
"/shop/commercial-utility/club-car-transporter-6-commercial/","product","supporting","club car golf buggy","C00050","260","38","Commercial","yes"
"/shop/mechanical-petrol/yamaha-drive2-quiettech-efi-petrol/","product","primary","yamaha petrol golf buggy for sale","C01173","20","","Transactional","yes"
"/shop/mechanical-petrol/yamaha-drive2-quiettech-efi-petrol/","product","supporting","yamaha petrol golf cart for sale","C00409","30","","Transactional","yes"
"/shop/mechanical-petrol/yamaha-drive2-quiettech-efi-petrol/","product","supporting","yamaha petrol golf cart price","C00171","70","0","Transactional","yes"
"/shop/mechanical-petrol/yamaha-drive2-quiettech-efi-petrol/","product","supporting","yamaha efi golf cart for sale","C02167","20","","Transactional","yes"
"/shop/mechanical-petrol/yamaha-drive2-quiettech-efi-petrol/","product","supporting","yamaha efi golf cart price","C02168","20","","Transactional","yes"
"/shop/mechanical-petrol/yamaha-drive2-quiettech-efi-petrol/","product","supporting","yamaha gas golf cart for sale","C02211","20","","Transactional","yes"
"/shop/mechanical-petrol/club-car-tempo-efi-petrol/","product","primary","club car petrol golf buggy","C00859","20","","Commercial","yes"
"/shop/mechanical-petrol/club-car-tempo-efi-petrol/","product","supporting","club car petrol golf cart","C01844","20","","Commercial","yes"
"/shop/mechanical-petrol/club-car-tempo-efi-petrol/","product","supporting","club car petrol golf carts for sale","C06168","0","","Transactional","yes"
"/shop/mechanical-petrol/club-car-tempo-efi-petrol/","product","supporting","club car tempo gas","C03683","10","","Commercial","yes"
"/shop/mechanical-petrol/ezgo-freedom-rxv-gas/","product","primary","ezgo freedom rxv for sale","C01621","20","","Transactional","yes"
"/shop/mechanical-petrol/ezgo-freedom-rxv-gas/","product","supporting","ezgo gas golf cart for sale","C03718","10","","Transactional","yes"
"/shop/mechanical-petrol/ezgo-freedom-rxv-gas/","product","supporting","ezgo rxv gas golf cart","C03794","10","","Commercial","yes"
"/shop/mechanical-petrol/ezgo-freedom-rxv-gas/","product","supporting","ezgo freedom rxv price australia","C08803","0","","Transactional","yes"
"/shop/mechanical-petrol/ezgo-freedom-rxv-gas/","product","supporting","ezgo freedom golf cart for sale","C10888","0","","Transactional","yes"
"/shop/mechanical-petrol/ezgo-freedom-rxv-gas/","product","supporting","ezgo rxv freedom ex1 gas","C10914","0","","Commercial","yes"
"/shop/mechanical-petrol/cushman-hauler-1200-gas-utility/","product","primary","cushman golf cart for sale","C00866","20","","Transactional","yes"
"/shop/mechanical-petrol/cushman-hauler-1200-gas-utility/","product","supporting","cushman carts for sale","C01511","20","","Transactional","yes"
"/shop/mechanical-petrol/cushman-hauler-1200-gas-utility/","product","supporting","cushman buggy for sale","C06209","0","","Transactional","yes"
"/shop/mechanical-petrol/cushman-hauler-1200-gas-utility/","product","supporting","cushman cart models","C03700","10","","Commercial","yes"
"/shop/mechanical-petrol/yamaha-umax-one-efi-utility/","product","primary","yamaha umax golf cart for sale","C04230","10","","Transactional","yes"
"/shop/mechanical-petrol/club-car-carryall-300-petrol/","product","primary","club car carryall for sale","C01802","20","","Transactional","yes"
"/shop/mechanical-petrol/club-car-carryall-300-petrol/","product","supporting","club car carryall price","C01803","20","","Transactional","yes"
"/shop/walk-behind-buggies/mgi-ai-navigator-gps-remote-buggy/","product","primary","mgi ai navigator gps+ remote golf buggy","C02638","20","","Commercial","yes"
"/shop/walk-behind-buggies/mgi-ai-navigator-gps-remote-buggy/","product","supporting","mgi ai navigator gps+ buggy","C00095","140","19","Informational, Transactional","yes"
"/shop/walk-behind-buggies/mgi-ai-navigator-gps-remote-buggy/","product","supporting","mgi golf buggy remote control","C00366","30","","Commercial","yes"
"/shop/walk-behind-buggies/mgi-ai-navigator-gps-remote-buggy/","product","supporting","mgi ai navigator gps+ review","C00421","30","","Commercial","yes"
"/shop/walk-behind-buggies/mgi-ai-navigator-gps-remote-buggy/","product","supporting","mgi navigator","C00030","390","21","Informational, Transactional","yes"
"/shop/walk-behind-buggies/mgi-ai-navigator-gps-remote-buggy/","product","supporting","mgi ai navigator gps+","C00032","390","26","Informational, Transactional","yes"
"/shop/walk-behind-buggies/mgi-zip-navigator-all-terrain/","product","primary","mgi zip navigator all terrain motorised golf buggy","C01271","20","","Commercial","yes"
"/shop/walk-behind-buggies/mgi-zip-navigator-all-terrain/","product","supporting","mgi navigator all terrain","C00076","170","18","Commercial","yes"
"/shop/walk-behind-buggies/mgi-zip-navigator-all-terrain/","product","supporting","mgi navigator all terrain golf buggy reviews","C07925","0","","Commercial","yes"
"/shop/walk-behind-buggies/mgi-zip-navigator-all-terrain/","product","supporting","mgi zip navigator","C00007","1600","13","Informational, Transactional","yes"
"/shop/walk-behind-buggies/mgi-zip-navigator-all-terrain/","product","supporting","mgi zip navigator all terrain","C00018","480","14","Informational, Transactional","yes"
"/shop/walk-behind-buggies/mgi-2024-zip-x5-36-hole-lithium/","product","primary","mgi zip x5 motorised golf buggy","C03228","10","","Commercial","yes"
"/shop/walk-behind-buggies/mgi-2024-zip-x5-36-hole-lithium/","product","supporting","mgi zip x5 review","C00301","40","","Commercial","yes"
"/shop/walk-behind-buggies/mgi-2024-zip-x5-36-hole-lithium/","product","supporting","mgi zip x5 best price","C02723","20","","Transactional","yes"
"/shop/walk-behind-buggies/mgi-2024-zip-x5-36-hole-lithium/","product","supporting","mgi zip x5 electric golf cart","C01293","20","","Commercial","yes"
"/shop/walk-behind-buggies/powakaddy-fx7-gps-lithium/","product","primary","powakaddy fx7 gps electric golf trolley","C03262","10","","Commercial","yes"
"/shop/walk-behind-buggies/powakaddy-fx7-gps-lithium/","product","supporting","powakaddy fx7 gps","C01328","20","","Commercial","yes"
"/shop/walk-behind-buggies/powakaddy-fx7-gps-lithium/","product","supporting","powakaddy fx7 review","C01329","20","","Commercial","yes"
"/shop/walk-behind-buggies/powakaddy-fx7-gps-lithium/","product","supporting","powakaddy electric golf buggies","C01327","20","","Commercial","yes"
"/shop/walk-behind-buggies/powakaddy-fx7-gps-lithium/","product","supporting","powakaddy golf trolley","C01330","20","","Commercial","yes"
"/shop/walk-behind-buggies/powakaddy-fx7-gps-lithium/","product","supporting","fx7 powakaddy","C01323","20","","Navigational","yes"
"/shop/walk-behind-buggies/powakaddy-fx7-gps-lithium/","product","supporting","powakaddy fx7 ebs","C03261","10","","Navigational","yes"
"/shop/walk-behind-buggies/robera-pro-follow-remote-golf-buggy/","product","primary","follow me remote control golf trolley","C03856","10","","Commercial","yes"
"/shop/walk-behind-buggies/robera-pro-follow-remote-golf-buggy/","product","supporting","follow me golf buggy australia","C00338","30","","Commercial","yes"
"/shop/walk-behind-buggies/robera-pro-follow-remote-golf-buggy/","product","supporting","follow golf buggy","C00931","20","","Commercial","yes"
"/shop/walk-behind-buggies/robera-pro-follow-remote-golf-buggy/","product","supporting","best follow me golf cart","C00620","20","","Commercial","yes"
"/shop/walk-behind-buggies/robera-pro-follow-remote-golf-buggy/","product","supporting","electric follow golf cart","C00638","20","","Commercial","yes"
"/shop/walk-behind-buggies/mgi-zip-x1-lithium-buggy/","product","primary","mgi zip x1 motorised golf buggy","C01285","20","","Commercial","yes"
"/shop/walk-behind-buggies/mgi-zip-x1-lithium-buggy/","product","supporting","mgi zip x1 review","C00425","30","","Commercial","yes"
"/shop/walk-behind-buggies/mgi-zip-x1-lithium-buggy/","product","supporting","mgi zip x1 price","C02709","20","","Transactional","yes"
"/shop/walk-behind-buggies/mgi-zip-x1-lithium-buggy/","product","supporting","mgi x1 electric golf trolley","C01260","20","","Commercial","yes"
"/shop/walk-behind-buggies/mgi-zip-x1-lithium-buggy/","product","supporting","mgi zip x1","C00093","140","14","Informational, Commercial","yes"
"/shop/batteries-chargers/eco-battery-48v-105ah-lithium-conversion-kit/","product","primary","golf cart electric conversion kit","C01977","20","","Commercial","yes"
"/shop/batteries-chargers/eco-battery-48v-105ah-lithium-conversion-kit/","product","supporting","electric golf cart conversion","C01976","20","","Commercial","yes"
"/shop/batteries-chargers/eco-battery-48v-105ah-lithium-conversion-kit/","product","supporting","golf push cart electric conversion kit","C02013","20","","Commercial","yes"
"/shop/batteries-chargers/roypow-48v-105ah-lithium-battery-pack/","product","primary","electric golf buggy lithium battery","C00501","20","","Commercial","yes"
"/shop/batteries-chargers/invicta-48v-50ah-lithium-drop-in-module/","product","primary","electric buggy 48v","C00496","20","","Commercial","yes"
"/shop/batteries-chargers/trojan-t-875-8v-deep-cycle-lead-acid-battery/","product","primary","lead acid battery for golf trolley","C02797","10","","Commercial","yes"
"/shop/batteries-chargers/delta-q-quiq-48v-smart-on-board-charger/","product","primary","on board golf cart charger","C02021","20","","Commercial","yes"
"/shop/batteries-chargers/delta-q-quiq-48v-smart-on-board-charger/","product","supporting","golf cart charger","C00175","70","2","Commercial","yes"
"/shop/batteries-chargers/delta-q-quiq-48v-smart-on-board-charger/","product","supporting","golf cart charger for sale","C00966","20","","Transactional","yes"
"/shop/batteries-chargers/club-car-eric-48v-high-frequency-charger/","product","primary","club car golf cart battery charger","C01809","20","","Commercial","yes"
"/shop/batteries-chargers/club-car-eric-48v-high-frequency-charger/","product","supporting","club car golf buggy charger","C04680","0","","Commercial","yes"
"/shop/batteries-chargers/mgi-24v-lithium-battery-36-hole/","product","primary","mgi golf buggy lithium battery","C01298","20","","Commercial","yes"
"/shop/batteries-chargers/mgi-24v-lithium-battery-36-hole/","product","supporting","mgi golf buggy battery","C00185","70","8","Informational, Transactional","yes"
"/shop/batteries-chargers/mgi-24v-lithium-battery-36-hole/","product","supporting","mgi zip navigator battery","C00253","50","","Commercial","yes"
"/shop/batteries-chargers/mgi-24v-lithium-battery-36-hole/","product","supporting","lithium battery for golf trolley","C00563","20","","Commercial","yes"
"/shop/accessories-spare-parts/curtis-1268-400a-programmable-motor-controller/","product","primary","electric golf cart controller","C03890","10","","Commercial","yes"
"/shop/accessories-spare-parts/curtis-1268-400a-programmable-motor-controller/","product","supporting","electric golf cart motor controller","C03895","10","","Commercial","yes"
"/shop/accessories-spare-parts/curtis-1268-400a-programmable-motor-controller/","product","supporting","electric golf cart speed controller","C01993","20","","Commercial","yes"
"/shop/accessories-spare-parts/curtis-1268-400a-programmable-motor-controller/","product","supporting","golf buggy controller","","20","","","kept on purpose (removed from the bank in Phase 0: unclassified: no intent modifier (held for review))"
"/shop/accessories-spare-parts/curtis-1268-400a-programmable-motor-controller/","product","supporting","golf buggy speed controller","","20","","","kept on purpose (removed from the bank in Phase 0: unclassified: no intent modifier (held for review))"
"/shop/accessories-spare-parts/curtis-1268-400a-programmable-motor-controller/","product","supporting","48v golf cart controller","","20","","","kept on purpose (removed from the bank in Phase 0: unclassified: no intent modifier (held for review))"
"/shop/accessories-spare-parts/navitas-600a-ac-controller-upgrade-kit/","product","primary","golf cart controllers for sale","C12045","0","","Transactional","yes"
"/shop/accessories-spare-parts/navitas-600a-ac-controller-upgrade-kit/","product","supporting","best golf cart controller","C11855","0","","Commercial","yes"
"/shop/accessories-spare-parts/navitas-600a-ac-controller-upgrade-kit/","product","supporting","how much is a controller for a golf cart","C03923","10","","Transactional","yes"
"/shop/accessories-spare-parts/navitas-600a-ac-controller-upgrade-kit/","product","supporting","golf cart controller replacement","","10","","","kept on purpose (removed from the bank in Phase 0: parts / repair / manuals)"
"/shop/batteries-chargers/universal-48v-to-12v-30a-voltage-reducer/","product","primary","best golf cart dc converter","C11856","0","","Commercial","yes"
"/shop/batteries-chargers/universal-48v-to-12v-30a-voltage-reducer/","product","supporting","12v accessories for golf cart","C08660","0","","Commercial","yes"
"/shop/batteries-chargers/universal-48v-to-12v-30a-voltage-reducer/","product","supporting","golf cart dc converter","","20","","","kept on purpose (removed from the bank in Phase 0: unclassified: no intent modifier (held for review))"
"/shop/accessories-spare-parts/madjax-alpha-lux-street-legal-led-light-kit/","product","primary","golf cart lights","C00275","40","","Commercial","yes"
"/shop/accessories-spare-parts/madjax-alpha-lux-street-legal-led-light-kit/","product","supporting","golf cart turn signal kit","","10","","","kept on purpose (removed from the bank in Phase 0: unclassified: no intent modifier (held for review))"
"/shop/accessories-spare-parts/madjax-alpha-lux-street-legal-led-light-kit/","product","supporting","universal golf cart headlight kit","","10","","","kept on purpose (removed from the bank in Phase 0: unclassified: no intent modifier (held for review))"
"/shop/accessories-spare-parts/heavy-duty-4-wheel-hydraulic-disc-brake-kit/","product","primary","golf cart brake parts","","10","","","kept on purpose (removed from the bank in Phase 0: parts / repair / manuals)"
"/shop/accessories-spare-parts/all-weather-heavy-duty-pvc-enclosure/","product","primary","golf buggy enclosures for sale","C06499","0","","Transactional","yes"
"/shop/accessories-spare-parts/all-weather-heavy-duty-pvc-enclosure/","product","supporting","golf buggy enclosures","","20","","","kept on purpose (removed from the bank in Phase 0: unclassified: no intent modifier (held for review))"
"/shop/accessories-spare-parts/all-terrain-23x10-5-12-wheel-tyre-combo/","product","primary","golf cart wheels and tyres","C00132","90","0","Commercial","yes"
"/shop/accessories-spare-parts/all-terrain-23x10-5-12-wheel-tyre-combo/","product","supporting","golf cart tyres","C00057","210","6","Commercial","yes"
"/shop/accessories-spare-parts/all-terrain-23x10-5-12-wheel-tyre-combo/","product","supporting","golf cart wheels","C00044","260","5","Commercial","yes"
"/shop/accessories-spare-parts/all-terrain-23x10-5-12-wheel-tyre-combo/","product","supporting","golf cart wheels and rims","C00041","260","2","Commercial","yes"
"/shop/accessories-spare-parts/all-terrain-23x10-5-12-wheel-tyre-combo/","product","supporting","golf buggy tyres wheels","C00173","70","0","Commercial","yes"
"/shop/accessories-spare-parts/all-terrain-23x10-5-12-wheel-tyre-combo/","product","supporting","all terrain golf cart tires","C02434","20","","Commercial","yes"
"/shop/accessories-spare-parts/all-terrain-23x10-5-12-wheel-tyre-combo/","product","supporting","replacement golf buggy wheels","","20","","","kept on purpose (removed from the bank in Phase 0: parts / repair / manuals)"
"/shop/accessories-spare-parts/foldable-tinted-acrylic-windshield-system/","product","primary","golf cart windshield parts","","20","","","kept on purpose (removed from the bank in Phase 0: parts / repair / manuals)"
"/shop/accessories-spare-parts/heavy-duty-solenoid-albright-48vdc-200a/","product","primary","48v golf cart solenoid","","20","","","kept on purpose (removed from the bank in Phase 0: parts / repair / manuals)"
"/shop/accessories-spare-parts/heavy-duty-solenoid-albright-48vdc-200a/","product","supporting","48 volt golf cart solenoid","","20","","","kept on purpose (removed from the bank in Phase 0: parts / repair / manuals)"
"/shop/accessories-spare-parts/heavy-duty-solenoid-albright-48vdc-200a/","product","supporting","golf cart solenoid replacement","","20","","","kept on purpose (removed from the bank in Phase 0: parts / repair / manuals)"
"/shop/accessories-spare-parts/replacement-mgi-ai-zip-remote-controller/","product","primary","mgi remote golf buggy","C00241","50","17","Informational, Transactional","yes"
"/shop/accessories-spare-parts/replacement-mgi-ai-zip-remote-controller/","product","supporting","mgi golf buggy remote control replacement","","20","","","kept on purpose (removed from the bank in Phase 0: parts / repair / manuals)"
"/shop/accessories-spare-parts/replacement-mgi-ai-zip-remote-controller/","product","supporting","mgi zip navigator replacement remote","","20","","","kept on purpose (removed from the bank in Phase 0: parts / repair / manuals)"
"/shop/accessories-spare-parts/golf-cart-side-mirrors-integrated-led-indicators/","product","primary","golf cart mirrors near me","C01479","20","","Transactional","yes"
"/shop/accessories-spare-parts/heavy-duty-rear-flip-seat-kit-2-to-4/","product","primary","golf cart rear flip seat","C02509","20","","Commercial","yes"
"/shop/accessories-spare-parts/heavy-duty-rear-flip-seat-kit-2-to-4/","product","supporting","golf cart folding rear seat","C02499","20","","Commercial","yes"
"/shop/accessories-spare-parts/heavy-duty-rear-flip-seat-kit-2-to-4/","product","supporting","golf cart rear seat kit","C02511","20","","Commercial","yes"
"/shop/accessories-spare-parts/heavy-duty-rear-flip-seat-kit-2-to-4/","product","supporting","golf cart rear seat","C02510","20","","Commercial","yes"
"/shop/accessories-spare-parts/heavy-duty-rear-flip-seat-kit-2-to-4/","product","supporting","golf cart rear seat replacement parts","","10","","","kept on purpose (removed from the bank in Phase 0: parts / repair / manuals)"
"/shop/batteries-chargers/golf-cart-solar-charging-panel-expansion-kit/","product","primary","solar charging golf cart","C00727","20","","Commercial","yes"
"/shop/batteries-chargers/golf-cart-solar-charging-panel-expansion-kit/","product","supporting","solar golf cart","C00728","20","","Commercial","yes"
"/shop/batteries-chargers/golf-cart-solar-charging-panel-expansion-kit/","product","supporting","solar powered golf buggy","C01139","20","","Commercial","yes"
"/shop/batteries-chargers/golf-cart-solar-charging-panel-expansion-kit/","product","supporting","solar charge golf cart","C02022","20","","Commercial","yes"
"/shop/batteries-chargers/golf-cart-solar-charging-panel-expansion-kit/","product","supporting","golf cart solar power","C02934","10","","Commercial","yes"
"/shop/batteries-chargers/golf-cart-solar-charging-panel-expansion-kit/","product","supporting","solar powered golf carts for sale","C03178","10","","Transactional","yes"
"/shop/accessories-spare-parts/waterproof-marine-grade-bluetooth-soundbar/","product","primary","golf cart speaker mounts","","20","","","kept on purpose (removed from the bank in Phase 0: unclassified: no intent modifier (held for review))"
"/shop/accessories-spare-parts/waterproof-marine-grade-bluetooth-soundbar/","product","supporting","bluetooth golf cart","","20","","","kept on purpose (removed from the bank in Phase 0: unclassified: no intent modifier (held for review))"
"/shop/accessories-spare-parts/waterproof-marine-grade-bluetooth-soundbar/","product","supporting","golf cart with stereo","","20","","","kept on purpose (removed from the bank in Phase 0: unclassified: no intent modifier (held for review))"
"/shop/accessories-spare-parts/retractable-seatbelt-system-set/","product","primary","golf cart seat belts","C02516","20","","Commercial","yes"
"/shop/accessories-spare-parts/retractable-seatbelt-system-set/","product","supporting","golf cart seat belt kit","C02515","20","","Commercial","yes"
"/shop/accessories-spare-parts/retractable-seatbelt-system-set/","product","supporting","golf cart retractable seat belts","C04336","10","","Commercial","yes"
"/shop/accessories-spare-parts/retractable-seatbelt-system-set/","product","supporting","do golf carts have seat belts","","20","","","kept on purpose (removed from the bank in Phase 0: intent rule: Informational only (no allowed page type))"
"/shop/accessories-spare-parts/heavy-duty-sand-bottle-assembly-dual-set/","product","primary","golf sand bottle","","110","9","","kept on purpose (removed from the bank in Phase 0: off-topic: other vehicle, product or meaning)"
"/shop/accessories-spare-parts/heavy-duty-sand-bottle-assembly-dual-set/","product","supporting","what is a sand bottle used for in golf","","10","","","kept on purpose (removed from the bank in Phase 0: off-topic: other vehicle, product or meaning)"
"/shop/brand/club-car/","brand","primary","club car golf carts","C00020","480","20","Commercial","yes"
"/shop/brand/club-car/","brand","supporting","club car golf carts for sale","C00090","140","9","Transactional","yes"
"/shop/brand/club-car/","brand","supporting","club car golf carts australia","C00380","30","","Navigational","yes"
"/shop/brand/club-car/","brand","supporting","clubcar golf carts","C00392","30","","Navigational","yes"
"/shop/brand/club-car/","brand","supporting","club car electric cart","C00031","390","22","Commercial","yes"
"/shop/brand/club-car/","brand","supporting","club car buggy","C00857","20","","Navigational","yes"
"/shop/brand/club-car/","brand","supporting","club car electric golf cart","C00279","40","","Commercial","yes"
"/shop/brand/mgi/","brand","primary","mgi golf buggy","C00005","1900","20","Informational, Transactional","yes"
"/shop/brand/mgi/","brand","supporting","mgi golf cart","C00010","880","19","Informational, Transactional","yes"
"/shop/brand/mgi/","brand","supporting","mgi golf buggy australia","C00019","480","17","Informational, Transactional","yes"
"/shop/brand/mgi/","brand","supporting","mgi buggy","C00061","210","17","Informational, Transactional","yes"
"/shop/brand/mgi/","brand","supporting","mgi electric golf buggy","C00075","170","17","Transactional","yes"
"/shop/brand/mgi/","brand","supporting","mgi golf buggy for sale","C00162","90","20","Transactional","yes"
"/shop/brand/mgi/","brand","supporting","mgi electric golf buggy australia","C00094","140","15","Transactional","yes"
"/shop/brand/e-z-go/","brand","primary","ezgo golf buggy","C00064","210","21","Commercial","yes"
"/shop/brand/e-z-go/","brand","supporting","ezgo golf carts australia","C00146","90","8","Navigational, Commercial","yes"
"/shop/brand/e-z-go/","brand","supporting","ezgo golf cart","C00033","390","33","Commercial","yes"
"/shop/brand/e-z-go/","brand","supporting","ezgo golf cart for sale","C00133","90","1","Transactional","yes"
"/shop/brand/e-z-go/","brand","supporting","ezgo golf buggy for sale","C00181","70","6","Transactional","yes"
"/shop/brand/e-z-go/","brand","supporting","ezgo golf carts for sale australia","C01461","20","","Transactional","yes"
"/shop/brand/e-z-go/","brand","supporting","ezgo electric cart","C00292","40","","Commercial","yes"
"/shop/brand/yamaha/","brand","primary","yamaha golf carts for sale","C00077","170","19","Transactional","yes"
"/shop/brand/yamaha/","brand","supporting","yamaha golf cart","C00027","390","14","Informational, Navigational","yes"
"/shop/brand/yamaha/","brand","supporting","yamaha golf carts australia","C00154","90","11","Commercial","yes"
"/shop/brand/yamaha/","brand","supporting","yamaha golf buggy","C00149","90","9","Commercial","yes"
"/shop/brand/yamaha/","brand","supporting","yamaha golf cart prices australia","C00187","70","8","Transactional","yes"
"/shop/brand/yamaha/","brand","supporting","yamaha petrol golf cart","C00176","70","3","Informational, Transactional","yes"
"/shop/brand/yamaha/","brand","supporting","buy yamaha golf cart","C02091","20","","Transactional","yes"
"/shop/brand/evolution/","brand","primary","buy evolution golf cart","C06048","0","","Transactional","yes"
"/shop/brand/evolution/","brand","supporting","evolution golf carts","C00277","40","","Navigational","yes"
"/shop/brand/evolution/","brand","supporting","evolution golf carts australia","C00382","30","","Navigational","yes"
"/shop/brand/evolution/","brand","supporting","new evolution golf cart","C05586","0","","Commercial","yes"
"/shop/brand/evolution/","brand","supporting","evolution electric golf cart reviews","C05460","0","","Commercial","yes"
"/shop/brand/lvtong/","brand","primary","lvtong golf carts","C14934","210","5","Navigational","yes"
"/shop/brand/lvtong/","brand","supporting","lvtong golf cart reviews","C14936","50","0","Commercial","yes"
"/shop/brand/lvtong/","brand","supporting","lvtong golf cart for sale","C14947","20","","Transactional","yes"
"/shop/brand/lvtong/","brand","supporting","lvtong golf cart price","C14948","20","","Transactional","yes"
"/shop/brand/lvtong/","brand","supporting","lvtong golf buggy","C14946","20","","Commercial","yes"
"/shop/brand/lvtong/","brand","supporting","lvtong buggy","C14944","20","","Commercial","yes"
"/shop/brand/lvtong/","brand","supporting","lvtong carts","C14945","20","","Commercial","yes"
"/shop/brand/tara/","brand","primary","tara golf buggy","C07689","0","","Navigational","yes"
"/shop/brand/tara/","brand","supporting","tara ev golf cart","C03187","10","","Navigational","yes"
"/shop/brand/tara/","brand","supporting","tara golf carts","C14937","50","3","Navigational","yes"
"/shop/brand/tara/","brand","supporting","tara golf cart reviews","C14950","20","","Commercial","yes"
"/shop/brand/atlas/","brand","primary","atlas golf carts","C00388","30","","Navigational","yes"
"/shop/brand/atlas/","brand","supporting","atlas golf carts australia","C03348","10","","Navigational","yes"
"/shop/brand/atlas/","brand","supporting","atlas golf buggy","C05873","0","","Navigational","yes"
"/shop/brand/atlas/","brand","supporting","atlas golf carts near me","C03400","10","","Transactional","yes"
"/shop/brand/cushman/","brand","primary","cushman electric cart for sale","C05291","0","","Transactional","yes"
"/shop/brand/cushman/","brand","supporting","cushman golf buggy","C00865","20","","Navigational","yes"
"/shop/brand/cushman/","brand","supporting","cushman golf cart","C01512","20","","Navigational","yes"
"/shop/brand/cushman/","brand","supporting","cushman cart","C01510","20","","Navigational","yes"
"/shop/brand/cushman/","brand","supporting","cushman buggies","C03024","10","","Navigational","yes"
"/shop/brand/cushman/","brand","supporting","cushman gas golf cart","C09238","0","","Commercial","yes"
"/shop/brand/powakaddy/","brand","primary","powakaddy golf buggy","C00199","70","18","Navigational, Commercial","yes"
"/shop/brand/powakaddy/","brand","supporting","powakaddy buggy","C01324","20","","Navigational","yes"
"/shop/brand/powakaddy/","brand","supporting","powakaddy golf carts","C03264","10","","Navigational","yes"
"/shop/brand/powakaddy/","brand","supporting","powakaddy trolley","C01340","20","","Commercial","yes"
"/shop/brand/powakaddy/","brand","supporting","best powakaddy trolley","C03242","10","","Commercial","yes"
"/shop/brand/powakaddy/","brand","supporting","electric golf trolley powakaddy","C01322","20","","Commercial","yes"
"/shop/brand/robera/","brand","primary","robera golf buggy","C07568","0","","Navigational","yes"
"/shop/brand/robera/","brand","supporting","robera golf trolley","C05078","0","","Commercial","yes"
"/shop/brand/robera/","brand","supporting","follow me golf cart reviews","C14941","20","21","Commercial","yes"
"/shop/brand/robera/","brand","supporting","follow golf cart reviews","C14940","20","21","Commercial","yes"
"/blog/buying-a-4-seater-golf-buggy-in-australia-rules-and-guide/","guide","primary","4 seat golf cart","C00254","50","","Commercial","yes"
"/blog/buying-a-4-seater-golf-buggy-in-australia-rules-and-guide/","guide","supporting","6 seater golf cart","C01432","20","","Commercial","yes"
"/blog/buying-a-4-seater-golf-buggy-in-australia-rules-and-guide/","guide","supporting","6 seat golf buggy","C00762","20","","Commercial","yes"
"/blog/buying-a-4-seater-golf-buggy-in-australia-rules-and-guide/","guide","supporting","six seater golf cart","C01435","20","","Commercial","yes"
"/blog/lifted-4x4-golf-carts-acreage-and-farm-performance/","guide","primary","four wheel drive golf carts","C01519","20","","Commercial","yes"
"/blog/lifted-4x4-golf-carts-acreage-and-farm-performance/","guide","supporting","4wd electric golf cart","C00606","20","","Commercial","yes"
"/blog/lifted-4x4-golf-carts-acreage-and-farm-performance/","guide","supporting","four wheel drive electric golf cart","C00690","20","","Commercial","yes"
"/blog/lifted-4x4-golf-carts-acreage-and-farm-performance/","guide","supporting","lifted electric golf cart","C02907","10","","Commercial","yes"
"/blog/lifted-4x4-golf-carts-acreage-and-farm-performance/","guide","supporting","custom lifted golf cart","C01516","20","","Commercial","yes"
"/blog/golf-buggy-maintenance-checklist-australian-climates/","guide","primary","golf buggy service","C00211","50","4","Commercial","yes"
"/blog/golf-buggy-maintenance-checklist-australian-climates/","guide","supporting","golf cart service","C00212","50","4","Commercial","yes"
"/blog/commercial-utility-golf-buggies-resorts-and-industrial-parks/","guide","primary","electric golf cart utility vehicle","C00291","40","","Commercial","yes"
"/blog/commercial-utility-golf-buggies-resorts-and-industrial-parks/","guide","supporting","golf cart utility vehicle","C01527","20","","Commercial","yes"
"/blog/commercial-utility-golf-buggies-resorts-and-industrial-parks/","guide","supporting","golf buggy utility vehicle","C03073","10","","Commercial","yes"
"/blog/remote-control-golf-buggy-australia-buyers-guide/","guide","primary","remote controlled golf buggy","C00179","70","6","Commercial","yes"
"/blog/remote-control-golf-buggy-australia-buyers-guide/","guide","supporting","remote control golf buggy australia","C00262","40","5","Commercial","yes"
"/blog/remote-control-golf-buggy-australia-buyers-guide/","guide","supporting","remote golf buggy australia","C00284","40","","Commercial","yes"
"/blog/remote-control-golf-buggy-australia-buyers-guide/","guide","supporting","remote control golf caddy","C00201","70","25","Commercial","yes"
"/blog/best-push-golf-buggy-australia-3-wheel-vs-4-wheel-review/","guide","primary","best golf push buggy australia","C00226","50","7","Commercial","yes"
"/blog/best-push-golf-buggy-australia-3-wheel-vs-4-wheel-review/","guide","supporting","best golf push buggy","C00244","50","20","Commercial","yes"
"/blog/best-push-golf-buggy-australia-3-wheel-vs-4-wheel-review/","guide","supporting","3 wheel golf buggy","C00060","210","17","Commercial","yes"
"/blog/best-push-golf-buggy-australia-3-wheel-vs-4-wheel-review/","guide","supporting","three wheel golf buggy","C00058","210","7","Commercial","yes"
"/blog/best-push-golf-buggy-australia-3-wheel-vs-4-wheel-review/","guide","supporting","4 wheel golf buggy","C00268","40","9","Commercial","yes"
"/blog/best-push-golf-buggy-australia-3-wheel-vs-4-wheel-review/","guide","supporting","3 wheel golf push buggy","C00303","30","","Commercial","yes"
"/blog/foldable-golf-buggy-buyers-guide-boot-space-weight/","guide","primary","foldable golf buggy","C00111","110","7","Commercial","yes"
"/blog/foldable-golf-buggy-buyers-guide-boot-space-weight/","guide","supporting","folding golf buggy","C00140","90","6","Commercial","yes"
"/blog/foldable-golf-buggy-buyers-guide-boot-space-weight/","guide","supporting","compact golf buggy","C00184","70","8","Commercial","yes"
"/blog/foldable-golf-buggy-buyers-guide-boot-space-weight/","guide","supporting","folding golf buggy australia","C00439","20","7","Commercial","yes"
"/blog/motorised-vs-push-golf-buggy-health-stamina-benefits/","guide","primary","push or electric golf trolley","C02811","10","","Commercial","yes"
"/blog/must-have-golf-buggy-accessories-and-spares-australia/","guide","primary","golf cart accessories australia","C00121","110","15","Commercial","yes"
"/blog/must-have-golf-buggy-accessories-and-spares-australia/","guide","supporting","universal golf buggy accessories","C00302","30","7","Commercial","yes"
"/blog/heavy-duty-off-road-golf-buggy-rural-acreage-guide/","guide","primary","electric off road golf cart","C00662","20","","Commercial","yes"
"/blog/heavy-duty-off-road-golf-buggy-rural-acreage-guide/","guide","supporting","off road lifted golf carts","C01501","20","","Commercial","yes"
"/blog/heavy-duty-off-road-golf-buggy-rural-acreage-guide/","guide","supporting","custom off road golf cart","C03415","10","","Commercial","yes"
"/blog/electric-utility-buggy-price-guide-australia/","guide","primary","electric farm buggy australia","C00883","20","","Commercial","yes"
"/blog/electric-utility-buggy-price-guide-australia/","guide","supporting","electric golf cart for farm use","C02873","10","","Commercial","yes"
"/blog/electric-golf-buggy-troubleshooting-and-replacement-parts/","guide","primary","electric golf cart has power but won t move","C01982","20","","Commercial","yes"
"/blog/how-to-choose-the-right-electric-golf-buggy-in-australia/","guide","primary","which golf cart is best","C03833","10","","Commercial","yes"
"/blog/how-to-choose-the-right-electric-golf-buggy-in-australia/","guide","supporting","which golf carts are the best","C03834","10","","Commercial","yes"
"/blog/how-to-choose-the-right-electric-golf-buggy-in-australia/","guide","supporting","which golf cart brand is best","C03832","10","","Commercial","yes"
"/blog/how-to-choose-the-right-electric-golf-buggy-in-australia/","guide","supporting","best new golf carts","C14938","20","2","Commercial","yes"
"/blog/how-to-choose-the-right-electric-golf-buggy-in-australia/","guide","supporting","best value golf carts","C14939","20","4","Commercial","yes"
"/blog/how-to-choose-the-right-electric-golf-buggy-in-australia/","guide","supporting","best quality golf carts","C14955","10","","Commercial","yes"
"/blog/how-to-choose-the-right-electric-golf-buggy-in-australia/","guide","supporting","best luxury golf carts","C14953","10","","Commercial","yes"
"/blog/golf-buggy-registration-australia-conditional-road-access/","guide","primary","street legal golf cart","C01531","20","","Commercial","yes"
"/blog/golf-buggy-registration-australia-conditional-road-access/","guide","supporting","electric golf cart road legal","C00651","20","","Commercial","yes"
"/blog/golf-buggy-registration-australia-conditional-road-access/","guide","supporting","street legal 4 seater golf cart","C03342","10","","Commercial","yes"
"/blog/golf-buggy-registration-australia-conditional-road-access/","guide","supporting","electric buggy for adults road legal","C03033","10","","Commercial","yes"
"/blog/electric-golf-buggy-maintenance-schedule-australia/","guide","primary","servicing electric golf buggy","C05085","0","","Commercial","yes"
"/blog/electric-golf-buggy-range-test-one-charge-australia/","guide","primary","electric golf cart range","C00648","20","","Commercial","yes"
"/blog/electric-golf-buggy-range-test-one-charge-australia/","guide","supporting","electric golf cart distance range","C05341","0","","Commercial","yes"
"/blog/best-golf-trolley-australia-push-motorized-remote-comparison/","guide","primary","best golf trolley","C01178","20","","Commercial","yes"
"/blog/best-golf-trolley-australia-push-motorized-remote-comparison/","guide","supporting","best electric golf trolley with gps","C00596","20","","Commercial","yes"
"/blog/best-golf-trolley-australia-push-motorized-remote-comparison/","guide","supporting","best electric golf caddy","C01346","20","","Commercial","yes"
"/blog/transporting-towing-golf-buggy-australia-trailers-tie-downs/","guide","primary","electric buggy with trailer","C00498","20","","Commercial","yes"
"/blog/ac-vs-dc-golf-buggy-motors-torque-efficiency-australia/","guide","primary","electric motorized golf cart","C00163","90","21","Commercial","yes"
"/blog/ac-vs-dc-golf-buggy-motors-torque-efficiency-australia/","guide","supporting","electric motor for golf push cart","C03905","10","","Commercial","yes"
"/blog/mgi-golf-buggy-accessories-guide-australia/","guide","primary","mgi buggy accessories","C00289","40","","Commercial","yes"
"/blog/mgi-golf-buggy-accessories-guide-australia/","guide","supporting","mgi golf trolley accessories","C01240","20","","Commercial","yes"
"/blog/mgi-golf-buggy-accessories-guide-australia/","guide","supporting","mgi electric golf buggy accessories","C01221","20","","Commercial","yes"
"/blog/mgi-golf-buggy-accessories-guide-australia/","guide","supporting","mgi golf cart accessories","C01234","20","","Commercial","yes"
"/blog/solar-panels-on-golf-buggies-australia-feasibility-guide/","guide","primary","solar powered golf carts","C02923","10","","Commercial","yes"
"/blog/solar-panels-on-golf-buggies-australia-feasibility-guide/","guide","supporting","solar golf buggies","C07642","0","","Commercial","yes"
"/blog/solar-panels-on-golf-buggies-australia-feasibility-guide/","guide","supporting","solar panel golf carts","C05650","0","","Commercial","yes"
"/blog/used-golf-carts-for-sale-australia-what-we-check/","guide","primary","used golf carts for sale","","390","10","","kept on purpose (removed from the bank in Phase 0: used / second-hand / marketplace)"
"/blog/used-golf-carts-for-sale-australia-what-we-check/","guide","supporting","used golf carts","","260","7","","kept on purpose (removed from the bank in Phase 0: used / second-hand / marketplace)"
"/blog/used-golf-carts-for-sale-australia-what-we-check/","guide","supporting","used golf cart","","210","6","","kept on purpose (removed from the bank in Phase 0: used / second-hand / marketplace)"
"/blog/used-golf-carts-for-sale-australia-what-we-check/","guide","supporting","2nd hand golf carts for sale","","480","13","","kept on purpose (removed from the bank in Phase 0: used / second-hand / marketplace)"
"/blog/used-golf-carts-for-sale-australia-what-we-check/","guide","supporting","used golf carts on sale","","320","10","","kept on purpose (removed from the bank in Phase 0: used / second-hand / marketplace)"
"/blog/used-golf-carts-for-sale-australia-what-we-check/","guide","supporting","for sale used golf carts","","320","13","","kept on purpose (removed from the bank in Phase 0: used / second-hand / marketplace)"
"/blog/used-golf-carts-for-sale-australia-what-we-check/","guide","supporting","cart golf used","","210","3","","kept on purpose (removed from the bank in Phase 0: used / second-hand / marketplace)"
"/blog/second-hand-golf-buggy-value-guide-australia/","guide","primary","second hand golf buggies for sale","","170","5","","kept on purpose (removed from the bank in Phase 0: used / second-hand / marketplace)"
"/blog/second-hand-golf-buggy-value-guide-australia/","guide","supporting","second hand golf carts","","210","10","","kept on purpose (removed from the bank in Phase 0: used / second-hand / marketplace)"
"/blog/second-hand-golf-buggy-value-guide-australia/","guide","supporting","2nd hand golf carts","","210","9","","kept on purpose (removed from the bank in Phase 0: used / second-hand / marketplace)"
"/blog/second-hand-golf-buggy-value-guide-australia/","guide","supporting","second hand golf buggy","","70","5","","kept on purpose (removed from the bank in Phase 0: used / second-hand / marketplace)"
"/blog/second-hand-golf-buggy-value-guide-australia/","guide","supporting","used golf buggies","","210","6","","kept on purpose (removed from the bank in Phase 0: used / second-hand / marketplace)"
"/blog/second-hand-golf-buggy-value-guide-australia/","guide","supporting","golf buggy for sale used","","320","0","","kept on purpose (removed from the bank in Phase 0: used / second-hand / marketplace)"
"/blog/second-hand-golf-buggy-value-guide-australia/","guide","supporting","used golf buggy for sale","","320","6","","kept on purpose (removed from the bank in Phase 0: used / second-hand / marketplace)"
"/blog/used-petrol-golf-buggy-prices-australia/","guide","primary","used gas golf cart prices","","390","3","","kept on purpose (removed from the bank in Phase 0: used / second-hand / marketplace)"
"/blog/used-petrol-golf-buggy-prices-australia/","guide","supporting","used gas golf cart","","10","","","kept on purpose (removed from the bank in Phase 0: used / second-hand / marketplace)"
"/blog/used-petrol-golf-buggy-prices-australia/","guide","supporting","used petrol golf cart","","","","","no (editorial)"
"/blog/used-petrol-golf-buggy-prices-australia/","guide","supporting","second hand petrol golf buggy","","","","","no (editorial)"
"/blog/used-petrol-golf-buggy-prices-australia/","guide","supporting","used golf cart petrol","","","","","no (editorial)"
"/blog/reconditioned-vs-new-golf-buggy-cost-comparison/","guide","primary","used golf buggy for sale","","320","6","","kept on purpose (removed from the bank in Phase 0: used / second-hand / marketplace)"
"/blog/reconditioned-vs-new-golf-buggy-cost-comparison/","guide","supporting","golf buggy for sale used","","320","0","","kept on purpose (removed from the bank in Phase 0: used / second-hand / marketplace)"
"/blog/reconditioned-vs-new-golf-buggy-cost-comparison/","guide","supporting","used golf carts for sale australia","","140","9","","kept on purpose (removed from the bank in Phase 0: used / second-hand / marketplace)"
"/blog/reconditioned-vs-new-golf-buggy-cost-comparison/","guide","supporting","reconditioned golf buggy","","","","","no (editorial)"
"/blog/reconditioned-vs-new-golf-buggy-cost-comparison/","guide","supporting","refurbished golf cart australia","","","","","no (editorial)"
"/blog/reconditioned-vs-new-golf-buggy-cost-comparison/","guide","supporting","second hand electric golf buggy","","20","","","kept on purpose (removed from the bank in Phase 0: used / second-hand / marketplace)"
"/blog/reconditioned-vs-new-golf-buggy-cost-comparison/","guide","supporting","used electric golf cart for sale","","20","","","kept on purpose (removed from the bank in Phase 0: used / second-hand / marketplace)"
"/blog/golf-caddy-australia-buyers-guide/","guide","primary","golf caddy","","1000","10","","kept on purpose (removed from the bank in Phase 0: intent rule: Informational only (no allowed page type))"
"/blog/golf-caddy-australia-buyers-guide/","guide","supporting","golf caddy australia","","","","","no (editorial)"
"/blog/golf-caddy-australia-buyers-guide/","guide","supporting","golf caddie trolley","","","","","no (editorial)"
"/blog/golf-caddy-australia-buyers-guide/","guide","supporting","motorised golf caddy","C00070","170","10","Commercial","yes"
"/blog/golf-caddy-australia-buyers-guide/","guide","supporting","golf caddy for sale","C01356","20","","Transactional","yes"
"/blog/golf-carts-for-sale-brisbane-buyers-guide/","guide","primary","electric golf carts brisbane","C00660","20","","Commercial","yes"
"/blog/golf-carts-for-sale-brisbane-buyers-guide/","guide","supporting","motorised golf buggies brisbane","C01061","20","","Commercial","yes"
"/blog/golf-carts-for-sale-brisbane-buyers-guide/","guide","supporting","electric golf carts queensland","C05412","0","","Commercial","yes"
"/blog/golf-carts-for-sale-melbourne-buyers-guide/","guide","primary","golf carts melbourne","C00203","70","28","Commercial","yes"
"/blog/golf-carts-for-sale-melbourne-buyers-guide/","guide","supporting","golf carts melbourne australia","C00168","90","41","Commercial","yes"
"/blog/golf-carts-for-sale-melbourne-buyers-guide/","guide","supporting","electric golf carts melbourne","C00316","30","","Commercial","yes"
"/blog/golf-carts-for-sale-melbourne-buyers-guide/","guide","supporting","golf carts victoria","C00144","90","7","Commercial","yes"
"/blog/golf-carts-for-sale-perth-wa-buyers-guide/","guide","primary","electric golf carts perth","C00663","20","","Commercial","yes"
"/blog/golf-carts-for-sale-perth-wa-buyers-guide/","guide","supporting","golf trolley perth","C01020","20","","Commercial","yes"
"/blog/golf-carts-for-sale-perth-wa-buyers-guide/","guide","supporting","electric golf buggies perth wa","C00887","20","","Commercial","yes"
"/blog/golf-carts-for-sale-perth-wa-buyers-guide/","guide","supporting","4 seat golf carts perth","C03345","10","","Commercial","yes"
"/blog/golf-carts-for-sale-sydney-nsw-buyers-guide/","guide","primary","electric golf carts sydney","C05417","0","","Commercial","yes"
"/blog/golf-carts-for-sale-sydney-nsw-buyers-guide/","guide","supporting","electric golf buggies sydney area","C06261","0","","Commercial","yes"
"/blog/golf-carts-for-sale-sydney-nsw-buyers-guide/","guide","supporting","sydney golf carts utility vehicles","C09693","0","","Commercial","yes"
"/blog/golf-carts-for-sale-adelaide-sa-buyers-guide/","guide","primary","electric golf carts adelaide","C00659","20","","Commercial","yes"
"/blog/golf-carts-for-sale-adelaide-sa-buyers-guide/","guide","supporting","motorised golf buggies adelaide","C01059","20","","Commercial","yes"
"/blog/golf-carts-for-sale-adelaide-sa-buyers-guide/","guide","supporting","battery powered golf carts adelaide","C05896","0","","Commercial","yes"
"/blog/golf-carts-for-sale-adelaide-sa-buyers-guide/","guide","supporting","electric golf buggies south australia","C06260","0","","Commercial","yes"
"/blog/golf-carts-for-sale-adelaide-sa-buyers-guide/","guide","supporting","golf trolley adelaide","C07166","0","","Commercial","yes"
"/blog/electric-buggy-australia-what-it-means/","guide","primary","electric buggy","C00011","720","5","Commercial","yes"
"/blog/electric-buggy-australia-what-it-means/","guide","supporting","electric buggy australia","C00224","50","7","Commercial","yes"
"/blog/electric-buggy-australia-what-it-means/","guide","supporting","electric buggies","","140","4","","kept on purpose (removed from the bank in Phase 0: intent rule: Informational only (no allowed page type))"
"/blog/electric-buggy-australia-what-it-means/","guide","supporting","electric golf buggy price","C00895","20","","Transactional","yes"
"/blog/electric-buggy-australia-what-it-means/","guide","supporting","electric buggy for sale","C00880","20","","Transactional","yes"
"/blog/electric-buggy-australia-what-it-means/","guide","supporting","what is an electric buggy","","20","","","kept on purpose (removed from the bank in Phase 0: intent rule: Informational only (no allowed page type))"
"/blog/electric-buggy-australia-what-it-means/","guide","supporting","electric buggy prices","","","","","no (editorial)"
"/blog/golf-push-cart-vs-electric-trolley-australia/","guide","primary","golf push cart","C00013","590","11","Commercial","yes"
"/blog/golf-push-cart-vs-electric-trolley-australia/","guide","supporting","golf push carts","C00013","590","11","Commercial","yes"
"/blog/golf-push-cart-vs-electric-trolley-australia/","guide","supporting","push cart golf","C00013","590","11","Commercial","yes"
"/blog/golf-push-cart-vs-electric-trolley-australia/","guide","supporting","push golf cart australia","","","","","no (editorial)"
"/blog/golf-push-cart-vs-electric-trolley-australia/","guide","supporting","golf push trolley","C00310","30","","Commercial","yes"
"/blog/golf-push-cart-vs-electric-trolley-australia/","guide","supporting","manual golf trolley","C00566","20","","Commercial","yes"
"/blog/golf-cart-with-remote-control-australia-guide/","guide","primary","golf cart with remote","C00026","390","13","Commercial","yes"
"/blog/golf-cart-with-remote-control-australia-guide/","guide","supporting","golf buggy with remote control","","","","","no (editorial)"
"/blog/golf-cart-with-remote-control-australia-guide/","guide","supporting","remote golf buggy","C00021","480","24","Commercial","yes"
"/blog/golf-cart-with-remote-control-australia-guide/","guide","supporting","remote control motorised golf buggy","C01062","20","","Commercial","yes"
"/blog/golf-cart-with-remote-control-australia-guide/","guide","supporting","electric golf trolley with remote","C00278","40","","Commercial","yes"
"/blog/electric-golf-buggy-australia-complete-guide/","guide","primary","electric golf cart australia","C00200","70","24","Commercial","yes"
"/blog/golf-car-vs-golf-buggy-vs-golf-cart-australia/","guide","primary","golf car","","1900","43","","kept on purpose (removed from the bank in Phase 0: intent rule: Informational only (no allowed page type))"
"/blog/golf-car-vs-golf-buggy-vs-golf-cart-australia/","guide","supporting","golf cars","C00002","5400","40","Commercial","yes"
"/blog/golf-car-vs-golf-buggy-vs-golf-cart-australia/","guide","supporting","golf cars & carts","C00002","5400","40","Commercial","yes"
"/blog/golf-car-vs-golf-buggy-vs-golf-cart-australia/","guide","supporting","golf cars for sale","C00003","2400","11","Transactional","yes"
"/blog/golf-car-vs-golf-buggy-vs-golf-cart-australia/","guide","supporting","golf car australia","C00022","480","30","Commercial","yes"
"/blog/golf-car-vs-golf-buggy-vs-golf-cart-australia/","guide","supporting","golf car company","","","","","no (editorial)"
"/blog/golf-car-vs-golf-buggy-vs-golf-cart-australia/","guide","supporting","what is a golf car","","10","41","","kept on purpose (removed from the bank in Phase 0: intent rule: Informational only (no allowed page type))"
"/blog/mgi-vs-motocaddy-electric-golf-trolley-australia/","guide","primary","mgi vs motocaddy","","20","","","kept on purpose (removed from the bank in Phase 0: off-topic: no golf buggy/cart/trolley anchor)"
"/blog/mgi-vs-motocaddy-electric-golf-trolley-australia/","guide","supporting","motocaddy vs mgi","","20","","","kept on purpose (removed from the bank in Phase 0: off-topic: no golf buggy/cart/trolley anchor)"
"/blog/mgi-vs-motocaddy-electric-golf-trolley-australia/","guide","supporting","best electric golf trolley australia","C11603","0","","Commercial","yes"
"/blog/mgi-vs-motocaddy-electric-golf-trolley-australia/","guide","supporting","mgi electric golf trolley","C01224","20","","Commercial","yes"
"/blog/mgi-vs-motocaddy-electric-golf-trolley-australia/","guide","supporting","motocaddy australia","","390","15","","kept on purpose (removed from the bank in Phase 0: off-topic: no golf buggy/cart/trolley anchor)"
"/blog/mgi-vs-motocaddy-electric-golf-trolley-australia/","guide","supporting","which electric golf trolley to buy","","","","","no (editorial)"
"/blog/clicgear-vs-mgi-push-buggy-comparison-australia/","guide","primary","clicgear buggy","","720","12","","kept on purpose (removed from the bank in Phase 0: off-topic: no golf buggy/cart/trolley anchor)"
"/blog/clicgear-vs-mgi-push-buggy-comparison-australia/","guide","supporting","clicgear golf buggy","","320","15","","kept on purpose (removed from the bank in Phase 0: competitor brand or retailer (not stocked))"
"/blog/clicgear-vs-mgi-push-buggy-comparison-australia/","guide","supporting","clicgear golf cart","","140","17","","kept on purpose (removed from the bank in Phase 0: competitor brand or retailer (not stocked))"
"/blog/clicgear-vs-mgi-push-buggy-comparison-australia/","guide","supporting","golf buggy clicgear","","140","9","","kept on purpose (removed from the bank in Phase 0: competitor brand or retailer (not stocked))"
"/blog/clicgear-vs-mgi-push-buggy-comparison-australia/","guide","supporting","clicgear vs mgi","","","","","no (editorial)"
"/blog/clicgear-vs-mgi-push-buggy-comparison-australia/","guide","supporting","clicgear australia","","110","7","","kept on purpose (removed from the bank in Phase 0: off-topic: no golf buggy/cart/trolley anchor)"
"/blog/clicgear-vs-mgi-push-buggy-comparison-australia/","guide","supporting","manual vs electric golf buggy","","","","","no (editorial)"
"/blog/powakaddy-vs-mgi-electric-golf-trolley-australia/","guide","primary","compare electric golf trolleys","C00489","20","","Commercial","yes"
"/blog/powakaddy-vs-mgi-electric-golf-trolley-australia/","guide","supporting","electric golf trolley comparison","C00504","20","","Commercial","yes"
"/blog/powakaddy-vs-mgi-electric-golf-trolley-australia/","guide","supporting","compare electric golf carts","C02857","10","","Commercial","yes"
"/blog/best-electric-golf-trolley-brands-australia/","guide","primary","best electric golf trolley","C00307","30","","Commercial","yes"
"/blog/best-electric-golf-trolley-brands-australia/","guide","supporting","what is the best electric golf buggy australia","C00097","140","21","Commercial","yes"
"/blog/best-electric-golf-trolley-brands-australia/","guide","supporting","best golf trolley australia","C11628","0","","Commercial","yes"
"/blog/best-electric-golf-trolley-brands-australia/","guide","supporting","electric golf trolley australia","C00272","40","","Commercial","yes"
"/blog/best-electric-golf-trolley-brands-australia/","guide","supporting","top electric golf buggy","","","","","no (editorial)"
"/blog/best-electric-golf-trolley-brands-australia/","guide","supporting","best motorised golf buggy","C00326","30","","Commercial","yes"
"/blog/junior-golf-buggy-australia-guide/","guide","primary","junior golf trolley","","20","","","kept on purpose (removed from the bank in Phase 0: held: junior range (owner-initiated coming-soon page only))"
"/blog/junior-golf-buggy-australia-guide/","guide","supporting","youth golf trolley","","","","","no (editorial)"
"/blog/junior-golf-buggy-australia-guide/","guide","supporting","junior golf trolley australia","","","","","no (editorial)"
"/blog/junior-golf-buggy-australia-guide/","guide","supporting","golf buggy for juniors","","","","","no (editorial)"
"/blog/junior-golf-buggy-australia-guide/","guide","supporting","small golf buggy australia","","","","","no (editorial)"
"/blog/junior-golf-buggy-australia-guide/","guide","supporting","3 wheel junior golf trolley","","20","","","kept on purpose (removed from the bank in Phase 0: held: junior range (owner-initiated coming-soon page only))"
"/blog/junior-golf-buggy-australia-guide/","guide","supporting","golf trolley junior","","20","","","kept on purpose (removed from the bank in Phase 0: held: junior range (owner-initiated coming-soon page only))"
"/blog/how-much-does-a-golf-cart-cost-australia/","guide","primary","golf cart prices australia","C00267","40","8","Commercial","yes"
"/blog/how-much-does-a-golf-cart-cost-australia/","guide","supporting","how much does an electric golf cart cost","C00429","20","0","Commercial","yes"
"/blog/golf-buggy-parts-and-spares-australia-guide/","guide","primary","golf buggy parts","","210","6","","kept on purpose (removed from the bank in Phase 0: parts / repair / manuals)"
"/blog/golf-buggy-parts-and-spares-australia-guide/","guide","supporting","golf buggy spare parts","","20","0","","kept on purpose (removed from the bank in Phase 0: parts / repair / manuals)"
"/blog/golf-buggy-parts-and-spares-australia-guide/","guide","supporting","buggy spare parts","","140","6","","kept on purpose (removed from the bank in Phase 0: off-topic: no golf buggy/cart/trolley anchor)"
"/blog/golf-buggy-parts-and-spares-australia-guide/","guide","supporting","golf cart parts australia","","110","20","","kept on purpose (removed from the bank in Phase 0: parts / repair / manuals)"
"/blog/golf-buggy-parts-and-spares-australia-guide/","guide","supporting","golf buggy parts australia","","90","10","","kept on purpose (removed from the bank in Phase 0: parts / repair / manuals)"
"/blog/golf-buggy-parts-and-spares-australia-guide/","guide","supporting","electric golf buggy parts","","20","24","","kept on purpose (removed from the bank in Phase 0: parts / repair / manuals)"
"/blog/golf-buggy-parts-and-spares-australia-guide/","guide","supporting","golf buggy spares australia","","","","","no (editorial)"
"/blog/golf-buggy-seat-covers-and-upholstery-australia/","guide","primary","golf buggy seat covers","C00065","170","0","Commercial","yes"
"/blog/golf-buggy-seat-covers-and-upholstery-australia/","guide","supporting","golf cart seat covers","","","","","no (editorial)"
"/blog/golf-buggy-seat-covers-and-upholstery-australia/","guide","supporting","golf buggy seat","","50","","","kept on purpose (removed from the bank in Phase 0: intent rule: Informational only (no allowed page type))"
"/blog/golf-buggy-seat-covers-and-upholstery-australia/","guide","supporting","golf cart seat covers australia","","","","","no (editorial)"
"/blog/golf-buggy-seat-covers-and-upholstery-australia/","guide","supporting","buggy seat protection","","","","","no (editorial)"
"/blog/golf-buggy-seat-covers-and-upholstery-australia/","guide","supporting","golf cart upholstery","","20","","","kept on purpose (removed from the bank in Phase 0: unclassified: no intent modifier (held for review))"
"/blog/golf-buggy-seat-covers-and-upholstery-australia/","guide","supporting","golf buggy seat replacement","","20","","","kept on purpose (removed from the bank in Phase 0: parts / repair / manuals)"
"/blog/golf-buggy-with-seat-options-explained-australia/","guide","primary","golf buggy with seat","C00036","320","9","Commercial","yes"
"/blog/golf-buggy-with-seat-options-explained-australia/","guide","supporting","golf buggy seat kit","","","","","no (editorial)"
"/blog/golf-buggy-with-seat-options-explained-australia/","guide","supporting","rear flip seat golf cart","","","","","no (editorial)"
"/blog/golf-buggy-with-seat-options-explained-australia/","guide","supporting","2 to 4 seater conversion","","","","","no (editorial)"
"/blog/golf-buggy-with-seat-options-explained-australia/","guide","supporting","golf buggy extra seat","","","","","no (editorial)"
"/blog/golf-buggy-with-seat-options-explained-australia/","guide","supporting","golf cart seat kit australia","","","","","no (editorial)"
"/blog/golf-buggy-fleet-purchase-guide-australia/","guide","primary","golf buggy fleet australia","","","","","no (editorial)"
"/blog/golf-buggy-fleet-purchase-guide-australia/","guide","supporting","golf cart fleet","","20","","","kept on purpose (removed from the bank in Phase 0: unclassified: no intent modifier (held for review))"
"/blog/golf-buggy-fleet-purchase-guide-australia/","guide","supporting","commercial golf buggies australia","","","","","no (editorial)"
"/blog/golf-buggy-fleet-purchase-guide-australia/","guide","supporting","golf club buggy fleet","","","","","no (editorial)"
"/blog/golf-buggy-fleet-purchase-guide-australia/","guide","supporting","resort golf buggies","","","","","no (editorial)"
"/blog/golf-buggy-fleet-purchase-guide-australia/","guide","supporting","bulk golf cart purchase","","","","","no (editorial)"
"/blog/golf-buggy-fleet-purchase-guide-australia/","guide","supporting","wholesale golf buggies australia","","","","","no (editorial)"
"/blog/eofy-golf-buggy-deals-australia-buying-guide/","guide","primary","golf buggy eofy deals","","","","","no (editorial)"
"/blog/eofy-golf-buggy-deals-australia-buying-guide/","guide","supporting","end of financial year golf buggy australia","","","","","no (editorial)"
"/blog/eofy-golf-buggy-deals-australia-buying-guide/","guide","supporting","business golf buggy purchase tax","","","","","no (editorial)"
"/blog/eofy-golf-buggy-deals-australia-buying-guide/","guide","supporting","golf buggy finance in 4","","","","","no (editorial)"
"/blog/eofy-golf-buggy-deals-australia-buying-guide/","guide","supporting","golf cart eofy sale australia","","","","","no (editorial)"
"/blog/eofy-golf-buggy-deals-australia-buying-guide/","guide","supporting","buy golf buggy before 30 june","","","","","no (editorial)"
"/blog/golf-buggies-for-retirement-villages-australia/","guide","primary","golf buggies for retirement villages","","","","","no (editorial)"
"/blog/golf-buggies-for-retirement-villages-australia/","guide","supporting","golf buggy over 55 lifestyle community","","","","","no (editorial)"
"/blog/golf-buggies-for-retirement-villages-australia/","guide","supporting","retirement village golf cart australia","","","","","no (editorial)"
"/blog/golf-buggies-for-retirement-villages-australia/","guide","supporting","golf buggy for elderly residents","","","","","no (editorial)"
"/blog/golf-buggies-for-retirement-villages-australia/","guide","supporting","quiet electric buggy retirement village","","","","","no (editorial)"
"/blog/golf-buggies-for-retirement-villages-australia/","guide","supporting","golf cart for gated retirement community","","","","","no (editorial)"
"/blog/golf-buggy-tyres-explained-australia/","guide","primary","golf buggy tyres australia","C02486","20","","Commercial","yes"
"/blog/golf-buggy-tyres-explained-australia/","guide","supporting","all terrain golf cart tyres","","","","","no (editorial)"
"/blog/golf-buggy-tyres-explained-australia/","guide","supporting","turf tyres golf buggy","","","","","no (editorial)"
"/blog/golf-buggy-tyres-explained-australia/","guide","supporting","golf buggy tyre pressure guide","","","","","no (editorial)"
"/blog/golf-buggy-tyres-explained-australia/","guide","supporting","golf cart wheel and tyre combo australia","","","","","no (editorial)"
"/blog/golf-buggy-tyres-explained-australia/","guide","supporting","best tyres for off road golf buggy","","","","","no (editorial)"
"/blog/golf-buggy-brakes-explained-australia/","guide","primary","golf buggy brakes","","","","","no (editorial)"
"/blog/golf-buggy-brakes-explained-australia/","guide","supporting","golf cart disc brake kit australia","","","","","no (editorial)"
"/blog/golf-buggy-brakes-explained-australia/","guide","supporting","electromagnetic brake golf buggy","","","","","no (editorial)"
"/blog/golf-buggy-brakes-explained-australia/","guide","supporting","golf buggy drum brakes","","","","","no (editorial)"
"/blog/golf-buggy-brakes-explained-australia/","guide","supporting","golf cart brake upgrade","","","","","no (editorial)"
"/blog/golf-buggy-brakes-explained-australia/","guide","supporting","golf buggy hydraulic brake conversion","","","","","no (editorial)"
"/blog/golf-buggy-chargers-explained-australia/","guide","primary","golf buggy charger australia","","","","","no (editorial)"
"/blog/golf-buggy-chargers-explained-australia/","guide","supporting","golf cart charger amperage","","","","","no (editorial)"
"/blog/golf-buggy-chargers-explained-australia/","guide","supporting","lithium golf buggy charger australia","","","","","no (editorial)"
"/blog/golf-buggy-chargers-explained-australia/","guide","supporting","golf buggy charge time","","","","","no (editorial)"
"/blog/golf-buggy-chargers-explained-australia/","guide","supporting","solar charger golf buggy australia","","","","","no (editorial)"
"/blog/how-golf-buggy-ordering-invoicing-delivery-works/","guide","primary","how to buy a golf buggy online australia","","","","","no (editorial)"
"/blog/how-golf-buggy-ordering-invoicing-delivery-works/","guide","supporting","golf buggy invoice australia","","","","","no (editorial)"
"/blog/how-golf-buggy-ordering-invoicing-delivery-works/","guide","supporting","golf cart delivery australia","","","","","no (editorial)"
"/blog/how-golf-buggy-ordering-invoicing-delivery-works/","guide","supporting","golf buggy order tracking","","","","","no (editorial)"
"/blog/how-golf-buggy-ordering-invoicing-delivery-works/","guide","supporting","buy golf buggy online payment options","","","","","no (editorial)"
"/blog/how-golf-buggy-ordering-invoicing-delivery-works/","guide","supporting","golf buggy enclosed freight australia","","","","","no (editorial)"
"/blog/paying-for-a-golf-buggy-in-crypto-btc-usdt-guide/","guide","primary","pay for golf buggy bitcoin","","","","","no (editorial)"
"/blog/paying-for-a-golf-buggy-in-crypto-btc-usdt-guide/","guide","supporting","golf buggy usdt payment","","","","","no (editorial)"
"/blog/paying-for-a-golf-buggy-in-crypto-btc-usdt-guide/","guide","supporting","crypto discount golf cart australia","","","","","no (editorial)"
"/blog/paying-for-a-golf-buggy-in-crypto-btc-usdt-guide/","guide","supporting","bitcoin golf buggy australia","","","","","no (editorial)"
"/blog/paying-for-a-golf-buggy-in-crypto-btc-usdt-guide/","guide","supporting","golf buggy tether payment","","","","","no (editorial)"
"/blog/paying-for-a-golf-buggy-in-crypto-btc-usdt-guide/","guide","supporting","buy golf cart with crypto","","","","","no (editorial)"
"/blog/golf-buggy-warranty-australia-explained/","guide","primary","golf buggy warranty australia","","","","","no (editorial)"
"/blog/golf-buggy-warranty-australia-explained/","guide","supporting","golf cart warranty coverage","","","","","no (editorial)"
"/blog/golf-buggy-warranty-australia-explained/","guide","supporting","lithium battery warranty golf buggy","","","","","no (editorial)"
"/blog/golf-buggy-warranty-australia-explained/","guide","supporting","golf buggy warranty claim australia","","","","","no (editorial)"
"/blog/golf-buggy-warranty-australia-explained/","guide","supporting","what voids golf cart warranty","","","","","no (editorial)"
"/blog/golf-buggy-warranty-australia-explained/","guide","supporting","golf buggy manufacturer warranty years","","","","","no (editorial)"
"/blog/golf-buggies-for-wineries-vineyards-australia/","guide","primary","golf buggies for wineries australia","","","","","no (editorial)"
"/blog/golf-buggies-for-wineries-vineyards-australia/","guide","supporting","vineyard buggy row spacing","","","","","no (editorial)"
"/blog/golf-buggies-for-wineries-vineyards-australia/","guide","supporting","golf cart for winery guest transport","","","","","no (editorial)"
"/blog/golf-buggies-for-wineries-vineyards-australia/","guide","supporting","off road buggy vineyard australia","","","","","no (editorial)"
"/blog/golf-buggies-for-wineries-vineyards-australia/","guide","supporting","cellar door golf buggy","","","","","no (editorial)"
"/blog/golf-buggies-for-wineries-vineyards-australia/","guide","supporting","commercial buggy vineyard work","","","","","no (editorial)"
"/blog/golf-buggies-for-caravan-parks-holiday-resorts-australia/","guide","primary","golf buggies for caravan parks","","","","","no (editorial)"
"/blog/golf-buggies-for-caravan-parks-holiday-resorts-australia/","guide","supporting","holiday resort golf buggy fleet australia","","","","","no (editorial)"
"/blog/golf-buggies-for-caravan-parks-holiday-resorts-australia/","guide","supporting","caravan park utility buggy","","","","","no (editorial)"
"/blog/golf-buggies-for-caravan-parks-holiday-resorts-australia/","guide","supporting","commercial golf cart resort australia","","","","","no (editorial)"
"/blog/golf-buggies-for-caravan-parks-holiday-resorts-australia/","guide","supporting","guest shuttle buggy caravan park","","","","","no (editorial)"
"/blog/golf-buggies-for-caravan-parks-holiday-resorts-australia/","guide","supporting","resort fleet golf buggy pricing","","","","","no (editorial)"
"/blog/petrol-vs-electric-golf-buggy-running-costs-australia/","guide","primary","petrol vs electric golf buggy australia","","","","","no (editorial)"
"/blog/petrol-vs-electric-golf-buggy-running-costs-australia/","guide","supporting","golf cart running costs australia","","","","","no (editorial)"
"/blog/petrol-vs-electric-golf-buggy-running-costs-australia/","guide","supporting","electric vs petrol golf cart comparison","","","","","no (editorial)"
"/blog/petrol-vs-electric-golf-buggy-running-costs-australia/","guide","supporting","golf buggy fuel cost vs charging cost","","","","","no (editorial)"
"/blog/petrol-vs-electric-golf-buggy-running-costs-australia/","guide","supporting","quiettech petrol golf buggy","","","","","no (editorial)"
"/blog/petrol-vs-electric-golf-buggy-running-costs-australia/","guide","supporting","cheapest golf buggy to run","","","","","no (editorial)"
"/blog/4-seater-vs-6-seater-golf-buggies-australia/","guide","primary","4 seater vs 6 seater golf buggy","","","","","no (editorial)"
"/blog/4-seater-vs-6-seater-golf-buggies-australia/","guide","supporting","6 seater golf cart australia","","","","","no (editorial)"
"/blog/4-seater-vs-6-seater-golf-buggies-australia/","guide","supporting","golf buggy flip seat kit","","","","","no (editorial)"
"/blog/4-seater-vs-6-seater-golf-buggies-australia/","guide","supporting","best golf buggy for family of six","","","","","no (editorial)"
"/blog/4-seater-vs-6-seater-golf-buggies-australia/","guide","supporting","golf cart passenger capacity guide","","","","","no (editorial)"
"/blog/4-seater-vs-6-seater-golf-buggies-australia/","guide","supporting","4 seater golf buggy australia","","","","","no (editorial)"
"/blog/golf-buggies-for-gated-communities-residential-estates/","guide","primary","golf buggies for gated communities australia","","","","","no (editorial)"
"/blog/golf-buggies-for-gated-communities-residential-estates/","guide","supporting","golf cart for residential estate","","","","","no (editorial)"
"/blog/golf-buggies-for-gated-communities-residential-estates/","guide","supporting","gated community golf buggy rules","","","","","no (editorial)"
"/blog/golf-buggies-for-gated-communities-residential-estates/","guide","supporting","estate road golf cart australia","","","","","no (editorial)"
"/blog/golf-buggies-for-gated-communities-residential-estates/","guide","supporting","luxury golf buggy for private estate","","","","","no (editorial)"
"/blog/golf-buggies-for-gated-communities-residential-estates/","guide","supporting","golf buggy turn signals mirrors australia","","","","","no (editorial)"
"/blog/golf-buggy-windscreens-weather-enclosures-australia/","guide","primary","golf buggy windscreen australia","","","","","no (editorial)"
"/blog/golf-buggy-windscreens-weather-enclosures-australia/","guide","supporting","golf cart weather enclosure australia","","","","","no (editorial)"
"/blog/golf-buggy-windscreens-weather-enclosures-australia/","guide","supporting","golf buggy pvc enclosure","","","","","no (editorial)"
"/blog/golf-buggy-windscreens-weather-enclosures-australia/","guide","supporting","foldable golf cart windscreen","","","","","no (editorial)"
"/blog/golf-buggy-windscreens-weather-enclosures-australia/","guide","supporting","golf buggy rain protection","","","","","no (editorial)"
"/blog/golf-buggy-windscreens-weather-enclosures-australia/","guide","supporting","golf cart winter enclosure australia","","","","","no (editorial)"
"/blog/golf-buggy-lighting-street-legal-kits-australia/","guide","primary","golf buggy road legal kit australia","","","","","no (editorial)"
"/blog/golf-buggy-lighting-street-legal-kits-australia/","guide","supporting","golf cart led light kit australia","","","","","no (editorial)"
"/blog/golf-buggy-lighting-street-legal-kits-australia/","guide","supporting","street legal golf buggy rules","","","","","no (editorial)"
"/blog/golf-buggy-lighting-street-legal-kits-australia/","guide","supporting","golf buggy indicators mirrors kit","","","","","no (editorial)"
"/blog/golf-buggy-lighting-street-legal-kits-australia/","guide","supporting","golf cart road rules by state australia","","","","","no (editorial)"
"/blog/golf-buggy-lighting-street-legal-kits-australia/","guide","supporting","golf buggy headlights taillights kit","","","","","no (editorial)"
"/blog/golf-buggy-insurance-australia-explained/","guide","primary","golf buggy insurance australia","","","","","no (editorial)"
"/blog/golf-buggy-insurance-australia-explained/","guide","supporting","golf cart insurance policy australia","","","","","no (editorial)"
"/blog/golf-buggy-insurance-australia-explained/","guide","supporting","comprehensive insurance golf buggy","","","","","no (editorial)"
"/blog/golf-buggy-insurance-australia-explained/","guide","supporting","golf buggy insurance exclusions","","","","","no (editorial)"
"/blog/golf-buggy-insurance-australia-explained/","guide","supporting","insure electric golf cart australia","","","","","no (editorial)"
"/blog/golf-buggy-insurance-australia-explained/","guide","supporting","golf buggy theft insurance","","","","","no (editorial)"
"/blog/golf-buggy-etiquette-course-rules-australia/","guide","primary","golf buggy etiquette rules","","","","","no (editorial)"
"/blog/golf-buggy-etiquette-course-rules-australia/","guide","supporting","golf cart 90 degree rule","","","","","no (editorial)"
"/blog/golf-buggy-etiquette-course-rules-australia/","guide","supporting","cart path only rules australia","","","","","no (editorial)"
"/blog/golf-buggy-etiquette-course-rules-australia/","guide","supporting","golf buggy course rules australia","","","","","no (editorial)"
"/blog/golf-buggy-etiquette-course-rules-australia/","guide","supporting","golf cart etiquette guide","","","","","no (editorial)"
"/blog/golf-buggy-etiquette-course-rules-australia/","guide","supporting","driving golf buggy near green rules","","","","","no (editorial)"
"/blog/trading-in-old-golf-cart-australia/","guide","primary","trade in golf cart australia","","","","","no (editorial)"
"/blog/trading-in-old-golf-cart-australia/","guide","supporting","sell my golf buggy australia","","","","","no (editorial)"
"/blog/trading-in-old-golf-cart-australia/","guide","supporting","golf cart trade in value","","10","","","kept on purpose (removed from the bank in Phase 0: unclassified: no intent modifier (held for review))"
"/blog/trading-in-old-golf-cart-australia/","guide","supporting","upgrade golf buggy trade in","","","","","no (editorial)"
"/blog/trading-in-old-golf-cart-australia/","guide","supporting","reconditioned golf buggy australia","","","","","no (editorial)"
"/blog/trading-in-old-golf-cart-australia/","guide","supporting","golf cart trade in vs private sale","","","","","no (editorial)"
"/blog/golf-buggies-for-schools-campuses-large-venues-australia/","guide","primary","golf buggies for campuses australia","","","","","no (editorial)"
"/blog/golf-buggies-for-schools-campuses-large-venues-australia/","guide","supporting","golf cart fleet for schools australia","","","","","no (editorial)"
"/blog/golf-buggies-for-schools-campuses-large-venues-australia/","guide","supporting","university campus utility buggy","","","","","no (editorial)"
"/blog/golf-buggies-for-schools-campuses-large-venues-australia/","guide","supporting","event venue golf buggy fleet","","","","","no (editorial)"
"/blog/golf-buggies-for-schools-campuses-large-venues-australia/","guide","supporting","hospital site golf cart australia","","","","","no (editorial)"
"/blog/golf-buggies-for-schools-campuses-large-venues-australia/","guide","supporting","institutional golf buggy tender australia","","","","","no (editorial)"
