cluster_id,keyword,volume,cluster_total_volume,kd,intent,type,suggested_home
C00008,"mgi golf buggies melbourne",1000,1000,19,"Navigational, Transactional",trolley,"guide or category supporting term"
C00047,"electric golf carts for sale",260,680,6,"Transactional",cart,"/shop/electric-golf-buggies/"
C00072,"golf cart near me for sale",170,640,12,"Transactional",cart,"/delivery/ (local intent: needs a depot address page, not a new city page)"
C00015,"golf walking carts",590,590,23,"Commercial",cart,"guide or category supporting term"
C00059,"buy golf cart",210,510,15,"Transactional",cart,"guide or category supporting term"
C00087,"remote control electric golf cart",140,440,8,"Commercial",cart,"/shop/walk-behind-buggies/ or a guide"
C00071,"golf buggy phone holder",170,420,10,"Informational, Transactional",buggy,"guide or category supporting term"
C00042,"golf cart rims",260,410,3,"Commercial",cart,"guide or category supporting term"
C00025,"golf cart ac",390,390,7,"Commercial",cart,"guide or category supporting term"
C00101,"motorised golf cart",140,380,42,"Commercial",cart,"guide or category supporting term"
C00038,"golf cart equipment",320,320,15,"Commercial",cart,"guide or category supporting term"
C00039,"yamaha golf car company",320,320,17,"Navigational",cart,"guide or category supporting term"
C00040,"motorized golf buggy",320,320,35,"Commercial",buggy,"guide or category supporting term"
C00113,"golf buggy cart",110,320,9,"Commercial",buggy,"guide or category supporting term"
C00080,"motorised golf buggy for sale",170,310,25,"Transactional",buggy,"guide or category supporting term"
C00068,"electric buggy for adults",170,280,3,"Commercial",buggy,"/shop/electric-golf-buggies/"
C00062,"golf carts for sale nsw",210,270,18,"Transactional",cart,"guide or category supporting term"
C00155,"remote control golf cart",90,270,12,"Commercial",cart,"/shop/walk-behind-buggies/ or a guide"
C00048,"electric trolleys",260,260,7,"Commercial",trolley,"/shop/walk-behind-buggies/ or a guide"
C00085,"golf pull buggy",140,230,7,"Commercial",buggy,"guide or category supporting term"
C00118,"golf buggy australia",110,220,13,"Commercial",buggy,"guide or category supporting term"
C00127,"golf cart world",110,220,20,"Navigational",cart,"guide or category supporting term"
C00083,"golf cart tires",140,210,6,"Commercial",cart,"/shop/accessories-spare-parts/ or a guide"
C00091,"ride on golf buggy",140,210,11,"Commercial",buggy,"guide or category supporting term"
C00105,"cheap golf carts",110,210,6,"Commercial",cart,"guide or category supporting term"
C00161,"new golf carts",90,210,20,"Commercial",cart,"guide or category supporting term"
C00202,"golf cart car seat",70,210,27,"Commercial",cart,"guide or category supporting term"
C00069,"golf cart price",170,200,8,"Transactional",cart,"guide or category supporting term"
C00074,"3 wheel golf cart",170,200,17,"Informational, Commercial",cart,"/shop/accessories-spare-parts/ or a guide"
C00125,"golf carts for sale australia",110,200,18,"Transactional",cart,"guide or category supporting term"
C00126,"golf caddy cart",110,200,19,"Commercial",trolley,"/shop/walk-behind-buggies/ or a guide"
C00100,"best golf buggy",140,190,26,"Commercial",buggy,"guide or category supporting term"
C00073,"three wheel golf cart",170,180,15,"Commercial",cart,"/shop/accessories-spare-parts/ or a guide"
C00124,"best electric golf buggy",110,180,18,"Commercial",buggy,"/shop/electric-golf-buggies/"
C00166,"electric golf cart with remote",90,180,25,"Commercial",cart,"/shop/walk-behind-buggies/ or a guide"
C00194,"electric golf push cart",70,180,15,"Commercial",cart,"/shop/walk-behind-buggies/ or a guide"
C00078,"estate electric golf trolley",170,170,23,"Informational, Commercial",trolley,"/shop/walk-behind-buggies/ or a guide"
C00079,"golf car solutions",170,170,23,"Navigational",cart,"guide or category supporting term"
C00109,"custom golf carts",110,160,6,"Commercial",cart,"guide or category supporting term"
C00129,"golf cart purchase",110,160,37,"Transactional",cart,"guide or category supporting term"
C00153,"push buggy",90,160,11,"Commercial",buggy,"/shop/walk-behind-buggies/ or a guide"
C00164,"golf pull cart",90,160,21,"Commercial",cart,"guide or category supporting term"
C00190,"lift kit for a club car golf cart",70,160,11,"Commercial",cart,"guide or category supporting term"
C00214,"cheap golf carts for sale",50,160,5,"Transactional",cart,"guide or category supporting term"
C00229,"push pull golf buggy",50,160,9,"Commercial",buggy,"/shop/walk-behind-buggies/ or a guide"
C00115,"mgi zip navigator accessories",110,150,9,"Commercial",trolley,"/shop/accessories-spare-parts/ or a guide"
C00145,"push golf buggy for sale",90,150,8,"Transactional",buggy,"/shop/walk-behind-buggies/ or a guide"
C00084,"golf cart iphone holder",140,140,6,"Commercial",cart,"guide or category supporting term"
C00086,"golf buggy tires",140,140,7,"Commercial",buggy,"/shop/accessories-spare-parts/ or a guide"
C00088,"golf car cost",140,140,8,"Transactional",cart,"guide or category supporting term"
C00092,"inexpensive golf carts",140,140,13,"Commercial",cart,"guide or category supporting term"
C00098,"caddy golf caddy",140,140,22,"Informational, Commercial",trolley,"/shop/walk-behind-buggies/ or a guide"
C00117,"yamaha golf cart accessories",110,140,12,"Commercial",cart,"/shop/accessories-spare-parts/ or a guide"
C00159,"motorized golf cart",90,140,16,"Commercial",cart,"guide or category supporting term"
C00119,"yamaha golf carts brisbane",110,130,14,"Informational, Transactional",cart,"guide or category supporting term"
C00137,"new golf buggies",90,130,5,"Commercial",buggy,"guide or category supporting term"
C00139,"cheap golf buggy",90,130,6,"Commercial",buggy,"guide or category supporting term"
C00167,"new golf carts for sale",90,130,35,"Transactional",cart,"guide or category supporting term"
C00174,"golf buggy trailer for sale",70,120,1,"Transactional",buggy,"guide or category supporting term"
C00231,"push and pull golf carts",50,120,10,"Commercial",cart,"/shop/walk-behind-buggies/ or a guide"
"C00002","golf cart","5400","5400","20","Transactional","buggy","category or hub supporting term"
"C00003","golf carts for sale","2400","2400","7","Transactional","buggy","category or hub supporting term"
"N00328","mgi","1600","1600","42","Informational","trolley","guide backlog (informational or navigational)"
"new","golf carts","1300","1300","17","Commercial","buggy","category or hub supporting term"
"new","golf cart for sale","1300","1300","8","Transactional","buggy","category or hub supporting term"
"N00419","mgi adelaide","480","480","27","Navigational","trolley","guide backlog (informational or navigational)"
"C00022","golf carts australia","480","480","33","Commercial","buggy","category or hub supporting term"
"new","mgi golf buggies","390","390","26","Transactional","trolley","support term for a stocked-brand product page or brand hub (later batch)"
"N00420","mgi melbourne","260","260","11","Informational","trolley","guide backlog (informational or navigational)"
"new","golf cart golf","260","260","24","Commercial","buggy","category or hub supporting term"
"new","golf cart australia","210","210","21","Informational","buggy","guide backlog (informational or navigational)"
"new","golf car golf cart","210","210","34","Transactional","buggy","category or hub supporting term"
"new","electric golf cart for sale","210","210","6","Transactional","buggy","category or hub supporting term"
"N00329","mgi sydney","170","170","6","Transactional","trolley","support term for a stocked-brand product page or brand hub (later batch)"
"N00489","mgi all stars","170","170","36","Informational","trolley","guide backlog (informational or navigational)"
"new","mgi zip navigator at","170","170","16","Commercial","trolley","support term for a stocked-brand product page or brand hub (later batch)"
"new","golf carts for sale near me","170","170","7","Transactional","buggy","category or hub supporting term"
"N00421","mig golf carts","140","140","33","Navigational","buggy","guide backlog (informational or navigational)"
"N00629","mgi south qld","140","140","12","Navigational","trolley","guide backlog (informational or navigational)"
"N00670","mgi south queensland","140","140","22","Navigational","trolley","guide backlog (informational or navigational)"
"N00422","golf mgi","110","110","21","Navigational","trolley","guide backlog (informational or navigational)"
"N00423","mgi golf bag","110","110","17","Transactional","trolley","support term for a stocked-brand product page or brand hub (later batch)"
"new","mgi buggies","110","110","11","Transactional","trolley","support term for a stocked-brand product page or brand hub (later batch)"
"N00630","mgi golf bags","110","110","16","Commercial","trolley","support term for a stocked-brand product page or brand hub (later batch)"
"C00104","low price golf carts","110","110","7","Commercial","buggy","category or hub supporting term"
"new","golf cart buggy","90","90","12","Commercial","buggy","category or hub supporting term"
"N00809","cougar golf carts","90","90","6","Informational","buggy","guide backlog (informational or navigational)"
"new","golf cart for sale near me","90","90","7","Transactional","buggy","category or hub supporting term"
"N00810","how much is a golf cart","90","90","3","Informational","buggy","guide backlog (informational or navigational)"
"new","golf cart sales","90","90","22","Transactional","buggy","category or hub supporting term"
"N00811","2nd hand electric golf carts for sale","90","90","5","Transactional","buggy","category or hub supporting term"
"new","sales golf carts","90","90","3","Transactional","buggy","category or hub supporting term"
"C00169","golf carts near me","90","90","46","Transactional","buggy","category or hub supporting term"
"N00260","gipies navigator","70","70","","Informational","trolley","guide backlog (informational or navigational)"
"N00262","mgi navigator quad gyro","70","70","8","Commercial","trolley","support term for a stocked-brand product page or brand hub (later batch)"
"N00486","mgi at navigator","70","70","25","Informational","trolley","guide backlog (informational or navigational)"
"N00631","mgi x5","70","70","19","Transactional","trolley","support term for a stocked-brand product page or brand hub (later batch)"
"C00198","mgi zip navigator all terrain best price","70","70","17","Transactional","trolley","support term for a stocked-brand product page or brand hub (later batch)"
"new","gold coast golf carts","70","70","9","Navigational","buggy","guide backlog (informational or navigational)"
"new","golf cart sale","70","70","7","Transactional","buggy","category or hub supporting term"
"new","golf cart sales near me","70","70","19","Transactional","buggy","category or hub supporting term"
"N00812","club golf carts","70","70","37","Commercial","buggy","category or hub supporting term"
"N00007","clicgear 3.5 golf buggy","50","50","14","Informational","trolley","guide backlog (informational or navigational)"
"C00245","mgi ai navigator","50","50","21","Transactional","trolley","support term for a stocked-brand product page or brand hub (later batch)"
"N00331","mgi cairns","50","50","17","Informational","trolley","guide backlog (informational or navigational)"
"new","mgi electric golf buggies","50","50","","Transactional","trolley","support term for a stocked-brand product page or brand hub (later batch)"
"N00426","mgi golf buggy repairs near me","50","50","12","Transactional","trolley","support term for a stocked-brand product page or brand hub (later batch)"
"N00487","mgi all terrain","50","50","14","Transactional","trolley","support term for a stocked-brand product page or brand hub (later batch)"
"N00634","mgi spare parts","50","50","14","Transactional","trolley","support term for a stocked-brand product page or brand hub (later batch)"
"N00675","mgi remote","50","50","15","Transactional","trolley","support term for a stocked-brand product page or brand hub (later batch)"
"new","new golf cart","50","50","5","Commercial","buggy","category or hub supporting term"
"N00010","clicgear bag cozy","40","40","8","Commercial","trolley","support term for a stocked-brand product page or brand hub (later batch)"
"N00012","clicgear golf push cart","40","40","18","Transactional","trolley","support term for a stocked-brand product page or brand hub (later batch)"
"N00014","clicgear spare parts australia","40","40","3","Commercial","trolley","support term for a stocked-brand product page or brand hub (later batch)"
"N00258","mgi ai","40","40","","Transactional","trolley","support term for a stocked-brand product page or brand hub (later batch)"
"new","mgi all terrain navigator","40","40","","Transactional","trolley","support term for a stocked-brand product page or brand hub (later batch)"
"N00264","mgi hunter quad","40","40","","Transactional","trolley","support term for a stocked-brand product page or brand hub (later batch)"
"N00265","mgi quad navigator","40","40","","Transactional","trolley","support term for a stocked-brand product page or brand hub (later batch)"
"N00332","mgi south","40","40","","Navigational","trolley","guide backlog (informational or navigational)"
"N00418","mgi brisbane","40","40","","Transactional","trolley","support term for a stocked-brand product page or brand hub (later batch)"
"new","mgi zip navigator at - all terrain","40","40","","Commercial","trolley","support term for a stocked-brand product page or brand hub (later batch)"
"C00288","mgi zip x5 golf buggy","40","40","","Transactional","trolley","support term for a stocked-brand product page or brand hub (later batch)"
"N00491","mgi t7 sequencer","40","40","","Navigational","trolley","guide backlog (informational or navigational)"
"N00636","trojan multi mgi","40","40","","Navigational","trolley","guide backlog (informational or navigational)"
"N00794","mgi golf buggy spare parts australia","40","40","","Transactional","trolley","support term for a stocked-brand product page or brand hub (later batch)"
"N00808","buggy car golf","40","40","","Navigational","buggy","guide backlog (informational or navigational)"
"N00817","rovic rv2l","40","40","13","Informational","trolley","guide backlog (informational or navigational)"
"N00015","3 wheel golf push cart","30","30","10","Transactional","trolley","category or hub supporting term"
"N00016","clic gear 3.5","30","30","14","Commercial","trolley","support term for a stocked-brand product page or brand hub (later batch)"
"N00023","pull cart golf","30","30","17","Commercial","buggy","category or hub supporting term"
"N00194","mgi remote control replacement","30","30","","Transactional","trolley","support term for a stocked-brand product page or brand hub (later batch)"
"N00267","mgi navigator quad","30","30","","Informational","trolley","guide backlog (informational or navigational)"
"N00268","mgi quad gyro navigator","30","30","","Commercial","trolley","support term for a stocked-brand product page or brand hub (later batch)"
"N00333","mgi at","30","30","","Navigational","trolley","guide backlog (informational or navigational)"
"new","buggy mgi","30","30","","Transactional","trolley","support term for a stocked-brand product page or brand hub (later batch)"
"new","electric golf buggy mgi","30","30","","Commercial","trolley","support term for a stocked-brand product page or brand hub (later batch)"
"new","golf buggy mgi","30","30","","Transactional","trolley","support term for a stocked-brand product page or brand hub (later batch)"
"C00362","mgi electric buggy","30","30","","Transactional","trolley","support term for a stocked-brand product page or brand hub (later batch)"
"C00363","mgi electric golf buggy with remote","30","30","","Transactional","trolley","support term for a stocked-brand product page or brand hub (later batch)"
"C00364","mgi electric golf cart","30","30","","Transactional","trolley","support term for a stocked-brand product page or brand hub (later batch)"
"new","mgi golf buggies for sale","30","30","","Transactional","trolley","support term for a stocked-brand product page or brand hub (later batch)"
"C00367","mgi ryder tri compact golf buggy","30","30","","Transactional","trolley","support term for a stocked-brand product page or brand hub (later batch)"
"C00370","mgi zip navigator all terrain 2024 motorised golf buggy","30","30","","Transactional","trolley","support term for a stocked-brand product page or brand hub (later batch)"
"new","mgi zip navigator at all terrain","30","30","","Commercial","trolley","support term for a stocked-brand product page or brand hub (later batch)"
"C00371","mgi zip navigator electric golf cart rzipxn-g","30","30","","Transactional","trolley","support term for a stocked-brand product page or brand hub (later batch)"
"N00493","mgi quad gyro","30","30","","Navigational","trolley","guide backlog (informational or navigational)"
"N00637","zip mcx3","30","30","","Navigational","trolley","guide backlog (informational or navigational)"
"N00678","mg extender","30","30","","Navigational","buggy","guide backlog (informational or navigational)"
"N00813","highlands golf carts","30","30","","Navigational","buggy","guide backlog (informational or navigational)"
"N00024","2 wheel golf pull cart","20","20","16","Transactional","buggy","category or hub supporting term"
"N00025","2 wheel golf push cart","20","20","14","Transactional","trolley","category or hub supporting term"
"N00026","2 wheel push cart golf","20","20","9","Transactional","trolley","category or hub supporting term"
"N00027","3 vs 4 wheel golf push cart","20","20","11","Commercial","trolley","category or hub supporting term"
"N00028","3 wheel golf pull cart","20","20","14","Commercial","buggy","category or hub supporting term"
"N00029","3 wheel or 4 wheel golf push cart","20","20","10","Commercial","trolley","category or hub supporting term"
"N00030","3 wheel swivel golf push cart","20","20","12","Transactional","trolley","category or hub supporting term"
"N00031","3 wheel vs 4 wheel golf push cart","20","20","13","Commercial","trolley","category or hub supporting term"
"N00032","4 wheel golf push cart","20","20","12","Commercial","trolley","category or hub supporting term"
"N00033","4 wheel golf push cart with seat","20","20","7","Commercial","trolley","category or hub supporting term"
"N00034","4 wheel vs 3 wheel golf push cart","20","20","15","Commercial","trolley","category or hub supporting term"
"N00035","all terrain push cart","20","20","18","Transactional","trolley","category or hub supporting term"
"N00036","alphard clicgear","20","20","14","Transactional","trolley","support term for a stocked-brand product page or brand hub (later batch)"
"N00037","auto golf push cart","20","20","19","Commercial","trolley","category or hub supporting term"
"N00039","best 3 wheel golf push cart","20","20","26","Commercial","trolley","category or hub supporting term"
"N00040","best 3 wheeled golf push cart","20","20","28","Commercial","trolley","category or hub supporting term"
"N00041","best 4 wheel golf push cart","20","20","26","Commercial","trolley","category or hub supporting term"
"N00042","best bag for clicgear 4.0","20","20","15","Commercial","trolley","support term for a stocked-brand product page or brand hub (later batch)"
"N00043","best budget golf push cart","20","20","25","Commercial","trolley","category or hub supporting term"
"N00044","best cheap golf push cart","20","20","23","Commercial","trolley","category or hub supporting term"
"N00046","best clicgear push cart","20","20","17","Commercial","trolley","support term for a stocked-brand product page or brand hub (later batch)"
"N00047","best collapsible golf push cart","20","20","20","Commercial","trolley","category or hub supporting term"
"N00048","best compact golf push cart","20","20","5","Commercial","trolley","category or hub supporting term"
"N00049","best foldable golf push cart","20","20","13","Commercial","trolley","category or hub supporting term"
"N00050","best folding golf push cart","20","20","27","Commercial","trolley","category or hub supporting term"
"N00051","best golf bag for clicgear 4.0","20","20","8","Commercial","trolley","support term for a stocked-brand product page or brand hub (later batch)"
"N00052","best golf bag for clicgear push cart","20","20","9","Commercial","trolley","support term for a stocked-brand product page or brand hub (later batch)"
"N00053","best golf bag push cart","20","20","27","Commercial","trolley","category or hub supporting term"
"N00054","best golf pull cart","20","20","26","Commercial","buggy","category or hub supporting term"
"N00055","best golf push cart with swivel front wheel","20","20","26","Commercial","trolley","category or hub supporting term"
"N00056","best golf push carts","20","20","26","Commercial","trolley","category or hub supporting term"
"N00057","best golf push carts 2025","20","20","28","Commercial","trolley","category or hub supporting term"
"N00058","best golf push pull carts","20","20","27","Commercial","trolley","category or hub supporting term"
"N00059","best junior golf push cart","20","20","18","Commercial","trolley","category or hub supporting term"
"N00060","best motorized golf push cart","20","20","15","Commercial","trolley","category or hub supporting term"
"N00061","best phone mount for clicgear","20","20","7","Commercial","trolley","support term for a stocked-brand product page or brand hub (later batch)"
"N00062","best pull cart","20","20","28","Commercial","buggy","category or hub supporting term"
"N00063","best push cart","20","20","26","Commercial","trolley","category or hub supporting term"
"N00064","best push cart golf","20","20","28","Commercial","trolley","category or hub supporting term"
"N00065","best three wheel golf push cart","20","20","28","Commercial","trolley","category or hub supporting term"
"N00066","best value golf push cart","20","20","9","Commercial","trolley","category or hub supporting term"
"N00070","buy clicgear push cart","20","20","17","Transactional","trolley","support term for a stocked-brand product page or brand hub (later batch)"
"N00071","buy golf push cart","20","20","16","Transactional","trolley","category or hub supporting term"
"N00072","cheap golf push carts","20","20","18","Commercial","trolley","category or hub supporting term"
"N00073","clearance golf push carts","20","20","13","Commercial","trolley","category or hub supporting term"
"N00074","clic 4 golf cart","20","20","13","Transactional","trolley","category or hub supporting term"
"N00077","clic golf cart","20","20","12","Transactional","trolley","category or hub supporting term"
"N00079","clicgear 1.0","20","20","5","Informational","trolley","guide backlog (informational or navigational)"
"N00080","clicgear 2","20","20","8","Commercial","trolley","support term for a stocked-brand product page or brand hub (later batch)"
"N00081","clicgear 2.0","20","20","8","Transactional","trolley","support term for a stocked-brand product page or brand hub (later batch)"
"N00083","clicgear 2.0 push cart","20","20","14","Commercial","trolley","support term for a stocked-brand product page or brand hub (later batch)"
"N00084","clicgear 2.5","20","20","15","Transactional","trolley","support term for a stocked-brand product page or brand hub (later batch)"
"N00085","clicgear 3","20","20","17","Commercial","trolley","support term for a stocked-brand product page or brand hub (later batch)"
"N00086","clicgear 3 wheel cart","20","20","19","Transactional","trolley","support term for a stocked-brand product page or brand hub (later batch)"
"N00087","clicgear 3.0 accessories","20","20","8","Transactional","trolley","support term for a stocked-brand product page or brand hub (later batch)"
"N00088","clicgear 3.0 buggy","20","20","17","Commercial","trolley","support term for a stocked-brand product page or brand hub (later batch)"
"N00089","clicgear 3.0 for sale","20","20","14","Transactional","trolley","support term for a stocked-brand product page or brand hub (later batch)"
"N00090","clicgear 3.0 golf buggy","20","20","8","Commercial","trolley","support term for a stocked-brand product page or brand hub (later batch)"
"N00091","clicgear 3.0 golf cart","20","20","17","Commercial","trolley","support term for a stocked-brand product page or brand hub (later batch)"
"N00092","clicgear 3.0 golf push cart","20","20","8","Commercial","trolley","support term for a stocked-brand product page or brand hub (later batch)"
"N00093","clicgear 3.0 parts","20","20","6","Transactional","trolley","support term for a stocked-brand product page or brand hub (later batch)"
"N00094","clicgear 3.0 parts list","20","20","11","Informational","trolley","guide backlog (informational or navigational)"
"N00095","clicgear 3.0 price","20","20","12","Transactional","trolley","support term for a stocked-brand product page or brand hub (later batch)"
"N00096","clicgear 3.0 push cart","20","20","13","Transactional","trolley","support term for a stocked-brand product page or brand hub (later batch)"
"N00097","clicgear 3.0 push cart price","20","20","8","Transactional","trolley","support term for a stocked-brand product page or brand hub (later batch)"
"N00098","clicgear 3.0 strap replacement","20","20","6","Transactional","trolley","support term for a stocked-brand product page or brand hub (later batch)"
"N00099","clicgear 3.0 vs 3.5","20","20","11","Commercial","trolley","support term for a stocked-brand product page or brand hub (later batch)"
"N00100","clicgear 3.0 vs 4.0","20","20","14","Commercial","trolley","support term for a stocked-brand product page or brand hub (later batch)"
"N00101","clicgear 3.5 accessories","20","20","13","Transactional","trolley","support term for a stocked-brand product page or brand hub (later batch)"
"N00102","clicgear 3.5 brake","20","20","26","Informational","trolley","guide backlog (informational or navigational)"
"N00103","clicgear 3.5 brake replacement","20","20","6","Commercial","trolley","support term for a stocked-brand product page or brand hub (later batch)"
"N00104","clicgear 3.5 buggy","20","20","14","Commercial","trolley","support term for a stocked-brand product page or brand hub (later batch)"
"N00105","clicgear 3.5 buggy australia","20","20","14","Commercial","trolley","support term for a stocked-brand product page or brand hub (later batch)"
"N00106","clicgear 3.5 cup holder","20","20","6","Transactional","trolley","support term for a stocked-brand product page or brand hub (later batch)"
"N00107","clicgear 3.5 folding instructions","20","20","16","Transactional","trolley","support term for a stocked-brand product page or brand hub (later batch)"
"N00108","clicgear 3.5 for sale","20","20","9","Transactional","trolley","support term for a stocked-brand product page or brand hub (later batch)"
"N00109","clicgear 3.5 golf cart","20","20","15","Informational","trolley","guide backlog (informational or navigational)"
"N00110","clicgear 3.5 how to open","20","20","25","Informational","trolley","guide backlog (informational or navigational)"
"N00111","clicgear 3.5 manual","20","20","8","Informational","trolley","guide backlog (informational or navigational)"
"N00112","clicgear 3.5 orange","20","20","9","Commercial","trolley","support term for a stocked-brand product page or brand hub (later batch)"
"N00113","clicgear 3.5 owners manual","20","20","6","Informational","trolley","guide backlog (informational or navigational)"
"N00114","clicgear 3.5 parts","20","20","8","Navigational","trolley","guide backlog (informational or navigational)"
"N00115","clicgear 3.5 parts diagram","20","20","13","Transactional","trolley","support term for a stocked-brand product page or brand hub (later batch)"
"N00116","clicgear 3.5 plus","20","20","15","Informational","trolley","guide backlog (informational or navigational)"
"N00117","clicgear 3.5 price","20","20","8","Transactional","trolley","support term for a stocked-brand product page or brand hub (later batch)"
"N00118","clicgear 3.5 replacement parts","20","20","9","Commercial","trolley","support term for a stocked-brand product page or brand hub (later batch)"
"N00119","clicgear 3.5 replacement straps","20","20","13","Transactional","trolley","support term for a stocked-brand product page or brand hub (later batch)"
"N00120","clicgear 3.5 replacement wheels","20","20","12","Commercial","trolley","support term for a stocked-brand product page or brand hub (later batch)"
"N00121","clicgear 3.5 review","20","20","13","Commercial","trolley","support term for a stocked-brand product page or brand hub (later batch)"
"N00122","clicgear 3.5 sale","20","20","8","Transactional","trolley","support term for a stocked-brand product page or brand hub (later batch)"
"N00123","clicgear 3.5 seat","20","20","9","Transactional","trolley","support term for a stocked-brand product page or brand hub (later batch)"
"N00124","clicgear 3.5 spare parts","20","20","2","Commercial","trolley","support term for a stocked-brand product page or brand hub (later batch)"
"N00125","clicgear 3.5 spare parts australia","20","20","13","Commercial","trolley","support term for a stocked-brand product page or brand hub (later batch)"
"N00126","clicgear 3.5 strap instructions","20","20","6","Transactional","trolley","support term for a stocked-brand product page or brand hub (later batch)"
"N00127","clicgear 3.5 straps","20","20","21","Transactional","trolley","support term for a stocked-brand product page or brand hub (later batch)"
"N00128","clicgear 3.5 vs 4.0","20","20","9","Commercial","trolley","support term for a stocked-brand product page or brand hub (later batch)"
"N00129","clicgear 3.5 weight","20","20","12","Commercial","trolley","support term for a stocked-brand product page or brand hub (later batch)"
"N00130","clicgear 3.5 wheel kit","20","20","12","Commercial","trolley","support term for a stocked-brand product page or brand hub (later batch)"
"N00131","clicgear 3.5 wheels","20","20","18","Informational","trolley","guide backlog (informational or navigational)"
"N00132","clicgear 3.5+","20","20","14","Commercial","trolley","support term for a stocked-brand product page or brand hub (later batch)"
"N00133","clicgear 4 army green","20","20","13","Navigational","trolley","guide backlog (informational or navigational)"
"N00134","clicgear 4 push cart","20","20","17","Transactional","trolley","support term for a stocked-brand product page or brand hub (later batch)"
"N00135","clicgear 4 silver","20","20","15","Navigational","trolley","guide backlog (informational or navigational)"
"N00136","clicgear 4 vs 3.5","20","20","9","Commercial","trolley","support term for a stocked-brand product page or brand hub (later batch)"
"N00139","clicgear 4 wheel push cart","20","20","15","Transactional","trolley","support term for a stocked-brand product page or brand hub (later batch)"
"N00144","clicgear 4.0 bag","20","20","7","Transactional","trolley","support term for a stocked-brand product page or brand hub (later batch)"
"N00150","clicgear 4.0 colors","20","20","7","Commercial","trolley","support term for a stocked-brand product page or brand hub (later batch)"
"N00151","clicgear 4.0 cooler bag","20","20","7","Transactional","trolley","support term for a stocked-brand product page or brand hub (later batch)"
"N00152","clicgear 4.0 cup holder","20","20","5","Commercial","trolley","support term for a stocked-brand product page or brand hub (later batch)"
"N00153","clicgear 4.0 dimensions","20","20","6","Commercial","trolley","support term for a stocked-brand product page or brand hub (later batch)"
"N00154","clicgear 4.0 features","20","20","14","Commercial","trolley","support term for a stocked-brand product page or brand hub (later batch)"
"N00156","clicgear 4.0 golf cart","20","20","7","Transactional","trolley","support term for a stocked-brand product page or brand hub (later batch)"
"N00158","clicgear 4.0 instructions","20","20","23","Navigational","trolley","guide backlog (informational or navigational)"
"N00160","clicgear 4.0 parts","20","20","0","Commercial","trolley","support term for a stocked-brand product page or brand hub (later batch)"
"N00161","clicgear 4.0 parts diagram","20","20","2","Transactional","trolley","support term for a stocked-brand product page or brand hub (later batch)"
"N00164","clicgear 4.0 push cart","20","20","8","Transactional","trolley","support term for a stocked-brand product page or brand hub (later batch)"
"N00167","clicgear 4.0 replacement parts","20","20","2","Commercial","trolley","support term for a stocked-brand product page or brand hub (later batch)"
"N00169","clicgear 4.0 sale","20","20","9","Transactional","trolley","support term for a stocked-brand product page or brand hub (later batch)"
"N00171","clicgear 4.0 seat installation","20","20","23","Informational","trolley","guide backlog (informational or navigational)"
"N00173","clicgear 4.0 spare parts","20","20","5","Commercial","trolley","support term for a stocked-brand product page or brand hub (later batch)"
"N00174","clicgear 4.0 strap extension","20","20","6","Transactional","trolley","support term for a stocked-brand product page or brand hub (later batch)"
"N00176","clicgear 4.0 trim kit","20","20","10","Transactional","trolley","support term for a stocked-brand product page or brand hub (later batch)"
"N00177","clicgear 4.0 vs 8.0","20","20","27","Commercial","trolley","support term for a stocked-brand product page or brand hub (later batch)"
"N00178","clicgear 4.0 vs bagboy nitron","20","20","8","Commercial","trolley","support term for a stocked-brand product page or brand hub (later batch)"
"N00179","clicgear 4.0 vs rovic rv1s","20","20","17","Commercial","trolley","support term for a stocked-brand product page or brand hub (later batch)"
"N00180","clicgear 4.0 weight","20","20","8","Commercial","trolley","support term for a stocked-brand product page or brand hub (later batch)"
"N00181","clicgear 4.0 wheel cover","20","20","15","Informational","trolley","guide backlog (informational or navigational)"
"N00182","clicgear 4.0 white","20","20","20","Navigational","trolley","guide backlog (informational or navigational)"
"N00183","clicgear 5.0","20","20","5","Informational","trolley","guide backlog (informational or navigational)"
"N00184","clicgear 5.0 release date","20","20","24","Commercial","trolley","support term for a stocked-brand product page or brand hub (later batch)"
"N00185","clicgear 6.0","20","20","6","Commercial","trolley","support term for a stocked-brand product page or brand hub (later batch)"
"N00186","clicgear 6.0 for sale","20","20","6","Transactional","trolley","support term for a stocked-brand product page or brand hub (later batch)"
"N00187","clicgear 6.0 review","20","20","6","Commercial","trolley","support term for a stocked-brand product page or brand hub (later batch)"
"C01296","golf cart charger not charging","20","20","","Transactional","buggy","category or hub supporting term"
"N00204","magnet cart battery","20","20","","Commercial","buggy","category or hub supporting term"
"N00205","magnetic cart battery","20","20","","Commercial","buggy","category or hub supporting term"
"N00211","mgi 380wh li battery","20","20","","Transactional","trolley","support term for a stocked-brand product page or brand hub (later batch)"
"N00216","mgi battery not charging","20","20","","Transactional","trolley","support term for a stocked-brand product page or brand hub (later batch)"
"N00222","mgi golf buggy repairs perth","20","20","","Transactional","trolley","support term for a stocked-brand product page or brand hub (later batch)"
"C01299","mgi golf cart battery","20","20","","Transactional","trolley","support term for a stocked-brand product page or brand hub (later batch)"
"C01300","mgi golf cart battery replacement","20","20","","Transactional","trolley","support term for a stocked-brand product page or brand hub (later batch)"
"N00223","mgi golf cart replacement parts","20","20","","Transactional","trolley","support term for a stocked-brand product page or brand hub (later batch)"
"N00224","mgi golf spare parts","20","20","","Transactional","trolley","support term for a stocked-brand product page or brand hub (later batch)"
"C01301","mgi navigator battery","20","20","","Transactional","trolley","support term for a stocked-brand product page or brand hub (later batch)"
"C01303","mgi navigator g800 battery","20","20","","Transactional","trolley","support term for a stocked-brand product page or brand hub (later batch)"
"C01304","mgi navigator remote battery","20","20","","Transactional","trolley","support term for a stocked-brand product page or brand hub (later batch)"
"C01306","mgi power caddy","20","20","","Navigational","trolley","guide backlog (informational or navigational)"
"N00228","mgi quad navigator battery","20","20","","Transactional","trolley","support term for a stocked-brand product page or brand hub (later batch)"
"N00232","mgi remote charging","20","20","","Informational","trolley","guide backlog (informational or navigational)"
"N00233","mgi remote control replacement australia","20","20","","Transactional","trolley","support term for a stocked-brand product page or brand hub (later batch)"
"N00234","mgi remote replacement","20","20","","Transactional","trolley","support term for a stocked-brand product page or brand hub (later batch)"
"N00235","mgi repairs","20","20","","Transactional","trolley","support term for a stocked-brand product page or brand hub (later batch)"
"N00236","mgi repairs near me","20","20","","Transactional","trolley","support term for a stocked-brand product page or brand hub (later batch)"
"N00237","mgi replacement battery","20","20","","Transactional","trolley","support term for a stocked-brand product page or brand hub (later batch)"
"N00238","mgi replacement remote control","20","20","","Commercial","trolley","support term for a stocked-brand product page or brand hub (later batch)"
"N00239","mgi ryder r75 battery","20","20","","Transactional","trolley","support term for a stocked-brand product page or brand hub (later batch)"
"N00240","mgi solar charger","20","20","","Transactional","trolley","support term for a stocked-brand product page or brand hub (later batch)"
"new","mgi zip navigator replacement battery","20","20","","Transactional","trolley","support term for a stocked-brand product page or brand hub (later batch)"
"N00243","seeley magiqtouch battery replacement","20","20","","Informational","buggy","guide backlog (informational or navigational)"
"N00269","ai impact navigator","20","20","","Informational","trolley","guide backlog (informational or navigational)"
"N00270","ai navigator","20","20","","Informational","trolley","guide backlog (informational or navigational)"
"N00273","ai navigator gps+ electric caddy","20","20","","Transactional","trolley","category or hub supporting term"
"N00274","airgo navigator","20","20","","Commercial","trolley","category or hub supporting term"
"C02624","drummond golf mgi navigator","20","20","","Transactional","trolley","support term for a stocked-brand product page or brand hub (later batch)"
"N00277","mg navigator","20","20","","Informational","trolley","guide backlog (informational or navigational)"
"N00278","mg sat nav not working","20","20","","Informational","buggy","guide backlog (informational or navigational)"
"C02626","mgi ai 500 gps electric golf cart","20","20","","Commercial","trolley","support term for a stocked-brand product page or brand hub (later batch)"
"C02632","mgi ai navigator gps+ electric caddy golf cart","20","20","","Transactional","trolley","support term for a stocked-brand product page or brand hub (later batch)"
"C02633","mgi ai navigator gps+ electric golf caddy","20","20","","Transactional","trolley","support term for a stocked-brand product page or brand hub (later batch)"
"C02634","mgi ai navigator gps+ follow me","20","20","","Transactional","trolley","support term for a stocked-brand product page or brand hub (later batch)"
"C02639","mgi ai navigator review","20","20","","Commercial","trolley","support term for a stocked-brand product page or brand hub (later batch)"
"N00287","mgi follow mode","20","20","","Transactional","trolley","support term for a stocked-brand product page or brand hub (later batch)"
"C02640","mgi g800 navigator","20","20","","Informational","trolley","guide backlog (informational or navigational)"
"C02641","mgi golf navigator","20","20","","Transactional","trolley","support term for a stocked-brand product page or brand hub (later batch)"
"N00289","mgi gps+","20","20","","Informational","trolley","guide backlog (informational or navigational)"
"N00290","mgi hunter quad price","20","20","","Transactional","trolley","support term for a stocked-brand product page or brand hub (later batch)"
"N00291","mgi hunter quad review","20","20","","Commercial","trolley","support term for a stocked-brand product page or brand hub (later batch)"
"N00292","mgi nav at","20","20","","Transactional","trolley","support term for a stocked-brand product page or brand hub (later batch)"
"C02642","mgi navigator 750","20","20","","Transactional","trolley","support term for a stocked-brand product page or brand hub (later batch)"
"C02643","mgi navigator ai australia","20","20","","Informational","trolley","guide backlog (informational or navigational)"
"C02644","mgi navigator ai follow me","20","20","","Transactional","trolley","support term for a stocked-brand product page or brand hub (later batch)"
"C02645","mgi navigator ai manual","20","20","","Transactional","trolley","support term for a stocked-brand product page or brand hub (later batch)"
"new","mgi navigator ai review","20","20","","Commercial","trolley","support term for a stocked-brand product page or brand hub (later batch)"
"new","mgi navigator at review","20","20","","Commercial","trolley","support term for a stocked-brand product page or brand hub (later batch)"
"new","mgi navigator g800","20","20","","Transactional","trolley","support term for a stocked-brand product page or brand hub (later batch)"
"C02648","mgi navigator g800 for sale","20","20","","Transactional","trolley","support term for a stocked-brand product page or brand hub (later batch)"
"C02649","mgi navigator g800 manual","20","20","","Informational","trolley","guide backlog (informational or navigational)"
"N00293","mgi navigator g800 parts","20","20","","Transactional","trolley","support term for a stocked-brand product page or brand hub (later batch)"
"C02650","mgi navigator g800 remote control","20","20","","Transactional","trolley","support term for a stocked-brand product page or brand hub (later batch)"
"C02651","mgi navigator g800 review","20","20","","Commercial","trolley","support term for a stocked-brand product page or brand hub (later batch)"
"N00294","mgi navigator g800 spare parts","20","20","","Transactional","trolley","support term for a stocked-brand product page or brand hub (later batch)"
"C02652","mgi navigator nvr 750c","20","20","","Informational","trolley","guide backlog (informational or navigational)"
"C02653","mgi navigator nvr750c","20","20","","Informational","trolley","guide backlog (informational or navigational)"
"N00295","mgi navigator parts","20","20","","Transactional","trolley","support term for a stocked-brand product page or brand hub (later batch)"
"N00296","mgi navigator quad gyro accessories","20","20","","Transactional","trolley","support term for a stocked-brand product page or brand hub (later batch)"
"N00297","mgi navigator quad gyro for sale","20","20","","Transactional","trolley","support term for a stocked-brand product page or brand hub (later batch)"
"N00298","mgi navigator quad gyro manual","20","20","","Navigational","trolley","guide backlog (informational or navigational)"
"N00299","mgi navigator quad gyro price","20","20","","Transactional","trolley","support term for a stocked-brand product page or brand hub (later batch)"
"N00300","mgi navigator quad gyro review","20","20","","Commercial","trolley","support term for a stocked-brand product page or brand hub (later batch)"
"N00301","mgi navigator quad gyro spare parts","20","20","","Transactional","trolley","support term for a stocked-brand product page or brand hub (later batch)"
"N00302","mgi navigator quad gyro spare parts online","20","20","","Transactional","trolley","support term for a stocked-brand product page or brand hub (later batch)"
"C02647","mgi navigator review","20","20","","Commercial","trolley","support term for a stocked-brand product page or brand hub (later batch)"
"C02655","mgi navigator seat","20","20","","Navigational","trolley","guide backlog (informational or navigational)"
"N00306","mgi quad navigator accessories","20","20","","Navigational","trolley","guide backlog (informational or navigational)"
"N00307","mgi quad navigator manual","20","20","","Informational","trolley","guide backlog (informational or navigational)"
"N00308","mgi quad navigator parts","20","20","","Navigational","trolley","guide backlog (informational or navigational)"
"N00309","mgi quad navigator remote","20","20","","Navigational","trolley","guide backlog (informational or navigational)"
"N00310","mgi quad navigator reviews","20","20","","Commercial","trolley","support term for a stocked-brand product page or brand hub (later batch)"
"N00311","mgi quad navigator solar charger","20","20","","Navigational","trolley","guide backlog (informational or navigational)"
"N00312","mgi sureshot app","20","20","","Navigational","trolley","guide backlog (informational or navigational)"
"N00313","mgi venturer g400","20","20","","Navigational","trolley","guide backlog (informational or navigational)"
"C02660","mgi zip navigator gps holder","20","20","","Navigational","trolley","guide backlog (informational or navigational)"
"N00314","navigator 500","20","20","","Navigational","trolley","guide backlog (informational or navigational)"
"new","navigator mgi","20","20","","Navigational","trolley","guide backlog (informational or navigational)"
"N00338","mgi address","20","20","","Navigational","trolley","guide backlog (informational or navigational)"
"N00340","mgi agency","20","20","","Navigational","trolley","guide backlog (informational or navigational)"
"N00341","mgi auckland","20","20","","Navigational","trolley","guide backlog (informational or navigational)"
"N00343","mgi australasia","20","20","","Navigational","trolley","guide backlog (informational or navigational)"
"N00345","mgi business solutions","20","20","","Navigational","trolley","guide backlog (informational or navigational)"
"N00348","mgi chemistry","20","20","","Navigational","trolley","guide backlog (informational or navigational)"
"N00349","mgi china","20","20","","Navigational","trolley","guide backlog (informational or navigational)"
"N00350","mgi consultancy","20","20","","Navigational","trolley","guide backlog (informational or navigational)"
"N00351","mgi contact","20","20","","Navigational","trolley","guide backlog (informational or navigational)"
"N00352","mgi contact details","20","20","","Navigational","trolley","guide backlog (informational or navigational)"
"N00353","mgi contact number","20","20","","Navigational","trolley","guide backlog (informational or navigational)"
"N00354","mgi database","20","20","","Navigational","trolley","guide backlog (informational or navigational)"
"N00355","mgi electrical","20","20","","Navigational","trolley","guide backlog (informational or navigational)"
"N00356","mgi finance","20","20","","Navigational","trolley","guide backlog (informational or navigational)"
"N00357","mgi financial","20","20","","Navigational","trolley","guide backlog (informational or navigational)"
"N00358","mgi global","20","20","","Navigational","trolley","guide backlog (informational or navigational)"
"N00359","mgi head office","20","20","","Navigational","trolley","guide backlog (informational or navigational)"
"N00360","mgi informatics","20","20","","Navigational","trolley","guide backlog (informational or navigational)"
"N00361","mgi international","20","20","","Navigational","trolley","guide backlog (informational or navigational)"
"N00362","mgi location","20","20","","Navigational","trolley","guide backlog (informational or navigational)"
"N00363","mgi log in","20","20","","Navigational","trolley","guide backlog (informational or navigational)"
"N00364","mgi london","20","20","","Navigational","trolley","guide backlog (informational or navigational)"
"N00365","mgi meaning business","20","20","","Informational","trolley","guide backlog (informational or navigational)"
"N00366","mgi midgley snelling","20","20","","Navigational","trolley","guide backlog (informational or navigational)"
"N00367","mgi near me","20","20","","Transactional","trolley","support term for a stocked-brand product page or brand hub (later batch)"
"N00368","mgi network","20","20","","Navigational","trolley","guide backlog (informational or navigational)"
"N00369","mgi office","20","20","","Navigational","trolley","guide backlog (informational or navigational)"
"N00372","mgi partners","20","20","","Navigational","trolley","guide backlog (informational or navigational)"
"N00373","mgi perth","20","20","","Transactional","trolley","support term for a stocked-brand product page or brand hub (later batch)"
"N00377","mgi register","20","20","","Navigational","trolley","guide backlog (informational or navigational)"
"N00380","mgi reviews","20","20","","Commercial","trolley","support term for a stocked-brand product page or brand hub (later batch)"
"N00381","mgi ryder","20","20","","Navigational","trolley","guide backlog (informational or navigational)"
"N00382","mgi service centres australia","20","20","","Transactional","trolley","support term for a stocked-brand product page or brand hub (later batch)"
"N00383","mgi singapore","20","20","","Navigational","trolley","guide backlog (informational or navigational)"
"N00384","mgi solutions","20","20","","Navigational","trolley","guide backlog (informational or navigational)"
"N00386","mgi tax","20","20","","Navigational","trolley","guide backlog (informational or navigational)"
"N00388","mgi worldwide","20","20","","Navigational","trolley","guide backlog (informational or navigational)"
"N00427","best bag for mgi zip navigator","20","20","","Commercial","trolley","support term for a stocked-brand product page or brand hub (later batch)"
"N00428","best golf bag for mgi zip navigator","20","20","","Commercial","trolley","support term for a stocked-brand product page or brand hub (later batch)"
"C01199","drummond golf mgi buggy","20","20","","Transactional","trolley","support term for a stocked-brand product page or brand hub (later batch)"
"new","electric golf cart mgi","20","20","","Transactional","trolley","support term for a stocked-brand product page or brand hub (later batch)"
"N00431","mg golf carts","20","20","","Navigational","buggy","guide backlog (informational or navigational)"
"N00432","mg1 golf buggy","20","20","","Transactional","buggy","category or hub supporting term"
"C01209","mgi all terrain golf cart","20","20","","Transactional","trolley","support term for a stocked-brand product page or brand hub (later batch)"
"C01210","mgi buggies australia","20","20","","Transactional","trolley","support term for a stocked-brand product page or brand hub (later batch)"
"N00433","mgi buggy parts","20","20","","Transactional","trolley","support term for a stocked-brand product page or brand hub (later batch)"
"C01215","mgi caddy","20","20","","Transactional","trolley","support term for a stocked-brand product page or brand hub (later batch)"
"C01216","mgi cart accessories","20","20","","Transactional","trolley","support term for a stocked-brand product page or brand hub (later batch)"
"N00434","mgi cart bag","20","20","","Transactional","trolley","support term for a stocked-brand product page or brand hub (later batch)"
"C01217","mgi carts","20","20","","Transactional","trolley","support term for a stocked-brand product page or brand hub (later batch)"
"N00435","mgi dri-play golf bag","20","20","","Transactional","trolley","support term for a stocked-brand product page or brand hub (later batch)"
"C01219","mgi electric carts","20","20","","Transactional","trolley","support term for a stocked-brand product page or brand hub (later batch)"
"C01220","mgi electric golf buggies for sale","20","20","","Transactional","trolley","support term for a stocked-brand product page or brand hub (later batch)"
"C01222","mgi electric golf buggy reviews","20","20","","Commercial","trolley","support term for a stocked-brand product page or brand hub (later batch)"
"C01223","mgi electric golf caddy","20","20","","Commercial","trolley","support term for a stocked-brand product page or brand hub (later batch)"
"new","mgi electric golf carts","20","20","","Transactional","trolley","support term for a stocked-brand product page or brand hub (later batch)"
"C01225","mgi follow cart","20","20","","Transactional","trolley","support term for a stocked-brand product page or brand hub (later batch)"
"N00437","mgi golf bag review","20","20","","Commercial","trolley","support term for a stocked-brand product page or brand hub (later batch)"
"new","mgi golf buggies price","20","20","","Transactional","trolley","support term for a stocked-brand product page or brand hub (later batch)"
"N00439","mgi golf buggy parts","20","20","","Transactional","trolley","support term for a stocked-brand product page or brand hub (later batch)"
"N00440","mgi golf buggy parts online","20","20","","Transactional","trolley","support term for a stocked-brand product page or brand hub (later batch)"
"N00441","mgi golf buggy repairs","20","20","","Transactional","trolley","support term for a stocked-brand product page or brand hub (later batch)"
"C01230","mgi golf buggy service","20","20","","Transactional","trolley","support term for a stocked-brand product page or brand hub (later batch)"
"new","mgi golf caddies","20","20","","Transactional","trolley","support term for a stocked-brand product page or brand hub (later batch)"
"C01233","mgi golf caddy","20","20","","Transactional","trolley","support term for a stocked-brand product page or brand hub (later batch)"
"C01235","mgi golf cart remote","20","20","","Transactional","trolley","support term for a stocked-brand product page or brand hub (later batch)"
"C01236","mgi golf cart reviews","20","20","","Commercial","trolley","support term for a stocked-brand product page or brand hub (later batch)"
"C01237","mgi golf carts for sale","20","20","","Transactional","trolley","support term for a stocked-brand product page or brand hub (later batch)"
"N00444","mgi golf contact","20","20","","Navigational","trolley","guide backlog (informational or navigational)"
"N00445","mgi golf discount code","20","20","","Transactional","trolley","support term for a stocked-brand product page or brand hub (later batch)"
"N00446","mgi golf logo","20","20","","Informational","trolley","guide backlog (informational or navigational)"
"C01238","mgi golf push cart","20","20","","Transactional","trolley","support term for a stocked-brand product page or brand hub (later batch)"
"N00447","mgi golf reviews","20","20","","Commercial","trolley","support term for a stocked-brand product page or brand hub (later batch)"
"N00448","mgi golf service center","20","20","","Navigational","trolley","guide backlog (informational or navigational)"
"N00449","mgi golf website","20","20","","Navigational","trolley","guide backlog (informational or navigational)"
"C01243","mgi hunter golf buggy","20","20","","Navigational","trolley","guide backlog (informational or navigational)"
"N00450","mgi hunter quad electric golf buggy","20","20","","Transactional","trolley","support term for a stocked-brand product page or brand hub (later batch)"
"N00451","mgi hunter quad golf buggy","20","20","","Informational","trolley","guide backlog (informational or navigational)"
"C01244","mgi hunter r200 electric golf buggy","20","20","","Informational","trolley","guide backlog (informational or navigational)"
"C01245","mgi hunter r200 golf buggy","20","20","","Informational","trolley","guide backlog (informational or navigational)"
"N00452","mgi kaddy","20","20","","Navigational","trolley","guide backlog (informational or navigational)"
"N00453","mgi lite play golf bag","20","20","","Transactional","trolley","support term for a stocked-brand product page or brand hub (later batch)"
"C01246","mgi motorised golf buggy","20","20","","Transactional","trolley","support term for a stocked-brand product page or brand hub (later batch)"
"C01247","mgi motorized golf cart","20","20","","Transactional","trolley","support term for a stocked-brand product page or brand hub (later batch)"
"C01248","mgi navigator buggy","20","20","","Transactional","trolley","support term for a stocked-brand product page or brand hub (later batch)"
"C01249","mgi navigator golf buggy for sale","20","20","","Transactional","trolley","support term for a stocked-brand product page or brand hub (later batch)"
"N00454","mgi navigator quad electric golf cart","20","20","","Commercial","trolley","support term for a stocked-brand product page or brand hub (later batch)"
"N00455","mgi navigator quad gyro golf buggy","20","20","","Informational","trolley","guide backlog (informational or navigational)"
"C01250","mgi push carts","20","20","","Transactional","trolley","support term for a stocked-brand product page or brand hub (later batch)"
"N00456","mgi quad buggy","20","20","","Transactional","trolley","support term for a stocked-brand product page or brand hub (later batch)"
"N00457","mgi quad navigator remote controlled electric cart","20","20","","Transactional","trolley","support term for a stocked-brand product page or brand hub (later batch)"
"C01251","mgi remote control buggy","20","20","","Transactional","trolley","support term for a stocked-brand product page or brand hub (later batch)"
"new","mgi remote control golf buggy","20","20","","Transactional","trolley","support term for a stocked-brand product page or brand hub (later batch)"
"C01252","mgi remote control golf cart","20","20","","Transactional","trolley","support term for a stocked-brand product page or brand hub (later batch)"
"new","mgi remote golf cart","20","20","","Transactional","trolley","support term for a stocked-brand product page or brand hub (later batch)"
"C01253","mgi ryder electric golf buggy","20","20","","Transactional","trolley","support term for a stocked-brand product page or brand hub (later batch)"
"C01254","mgi ryder golf buggy","20","20","","Commercial","trolley","support term for a stocked-brand product page or brand hub (later batch)"
"C01255","mgi ryder r75 electric golf buggy","20","20","","Informational","trolley","guide backlog (informational or navigational)"
"C01256","mgi ryder r75 golf buggy","20","20","","Informational","trolley","guide backlog (informational or navigational)"
"C01257","mgi sl50 golf buggy","20","20","","Commercial","trolley","support term for a stocked-brand product page or brand hub (later batch)"
"C01258","mgi superlite electric golf buggy","20","20","","Transactional","trolley","support term for a stocked-brand product page or brand hub (later batch)"
"N00458","mgi waterproof golf bag","20","20","","Transactional","trolley","support term for a stocked-brand product page or brand hub (later batch)"
"C01261","mgi zip buggy","20","20","","Transactional","trolley","support term for a stocked-brand product page or brand hub (later batch)"
"C01262","mgi zip electric golf buggy","20","20","","Transactional","trolley","support term for a stocked-brand product page or brand hub (later batch)"
"C01263","mgi zip electric golf cart","20","20","","Transactional","trolley","support term for a stocked-brand product page or brand hub (later batch)"
"C01264","mgi zip golf buggy","20","20","","Commercial","trolley","support term for a stocked-brand product page or brand hub (later batch)"
"C01265","mgi zip golf cart","20","20","","Transactional","trolley","support term for a stocked-brand product page or brand hub (later batch)"
"C01266","mgi zip golf trolley","20","20","","Navigational","trolley","guide backlog (informational or navigational)"
"C01267","mgi zip navigator all terrain accessories","20","20","","Transactional","trolley","support term for a stocked-brand product page or brand hub (later batch)"
"C01268","mgi zip navigator all terrain electric golf cart","20","20","","Transactional","trolley","support term for a stocked-brand product page or brand hub (later batch)"
"new","mgi zip navigator at all terrain electric golf cart","20","20","","Transactional","trolley","support term for a stocked-brand product page or brand hub (later batch)"
"C01273","mgi zip navigator at all terrain electric golf cart bundle","20","20","","Commercial","trolley","support term for a stocked-brand product page or brand hub (later batch)"
"new","mgi zip navigator at electric golf caddy","20","20","","Transactional","trolley","support term for a stocked-brand product page or brand hub (later batch)"
"C01275","mgi zip navigator buggy","20","20","","Transactional","trolley","support term for a stocked-brand product page or brand hub (later batch)"
"C01276","mgi zip navigator electric golf","20","20","","Transactional","trolley","support term for a stocked-brand product page or brand hub (later batch)"
"C01277","mgi zip navigator electric golf cart","20","20","","Commercial","trolley","support term for a stocked-brand product page or brand hub (later batch)"
"C01278","mgi zip navigator electric golf cart accessories","20","20","","Transactional","trolley","support term for a stocked-brand product page or brand hub (later batch)"
"C01279","mgi zip navigator golf buggy","20","20","","Transactional","trolley","support term for a stocked-brand product page or brand hub (later batch)"
"C01280","mgi zip navigator motorised golf buggy","20","20","","Transactional","trolley","support term for a stocked-brand product page or brand hub (later batch)"
"C01281","mgi zip navigator remote electric trolley","20","20","","Transactional","trolley","support term for a stocked-brand product page or brand hub (later batch)"
"C01288","new mgi golf buggy","20","20","","Navigational","trolley","guide backlog (informational or navigational)"
"N00460","where are mgi golf buggies made","20","20","","Informational","trolley","guide backlog (informational or navigational)"
"N00461","who owns mgi golf","20","20","","Navigational","trolley","guide backlog (informational or navigational)"
"N00462","zip golf buggy","20","20","","Navigational","trolley","guide backlog (informational or navigational)"
"N00463","zip golf cart","20","20","","Navigational","trolley","guide backlog (informational or navigational)"
"N00464","zip navigator at buggy","20","20","","Navigational","trolley","guide backlog (informational or navigational)"
"N00465","zip navigator buggy","20","20","","Navigational","trolley","guide backlog (informational or navigational)"
"C01290","zip navigator golf cart","20","20","","Navigational","trolley","guide backlog (informational or navigational)"
"N00466","zippy golf cart","20","20","","Navigational","trolley","guide backlog (informational or navigational)"
"new","2024 mgi zip navigator at","20","20","","Navigational","trolley","guide backlog (informational or navigational)"
"new","accessories for mgi zip navigator","20","20","","Navigational","trolley","guide backlog (informational or navigational)"
"C02664","best price mgi zip navigator australia","20","20","","Transactional","trolley","support term for a stocked-brand product page or brand hub (later batch)"
"C02665","buy mgi zip navigator","20","20","","Transactional","trolley","support term for a stocked-brand product page or brand hub (later batch)"
"C02666","calibrate mgi zip navigator","20","20","","Navigational","trolley","guide backlog (informational or navigational)"
"C02667","costco mgi zip navigator","20","20","","Navigational","trolley","guide backlog (informational or navigational)"
"N00497","how to fold mgi zip navigator","20","20","","Informational","trolley","guide backlog (informational or navigational)"
"N00498","how to turn off mgi zip navigator","20","20","","Informational","trolley","guide backlog (informational or navigational)"
"N00499","mg 51","20","20","","Navigational","buggy","guide backlog (informational or navigational)"
"N00500","mg1 zip navigator","20","20","","Navigational","trolley","guide backlog (informational or navigational)"
"N00501","mgi 2015","20","20","","Navigational","trolley","guide backlog (informational or navigational)"
"N00502","mgi 2021","20","20","","Navigational","trolley","guide backlog (informational or navigational)"
"C02668","mgi 25th anniversary zip navigator","20","20","","Navigational","trolley","guide backlog (informational or navigational)"
"N00503","mgi 5","20","20","","Navigational","trolley","guide backlog (informational or navigational)"
"N00504","mgi 6","20","20","","Navigational","trolley","guide backlog (informational or navigational)"
"N00505","mgi 7000","20","20","","Navigational","trolley","guide backlog (informational or navigational)"
"new","mgi at zip navigator","20","20","","Navigational","trolley","guide backlog (informational or navigational)"
"N00506","mgi black friday sale","20","20","","Transactional","trolley","support term for a stocked-brand product page or brand hub (later batch)"
"C01291","mgi car","20","20","","Navigational","trolley","guide backlog (informational or navigational)"
"N00507","mgi coaster","20","20","","Navigational","trolley","guide backlog (informational or navigational)"
"N00508","mgi coaster quad","20","20","","Navigational","trolley","guide backlog (informational or navigational)"
"N00509","mgi cycloneseq","20","20","","Navigational","trolley","guide backlog (informational or navigational)"
"N00510","mgi dc","20","20","","Navigational","trolley","guide backlog (informational or navigational)"
"N00511","mgi digital technology","20","20","","Navigational","trolley","guide backlog (informational or navigational)"
"N00512","mgi e25","20","20","","Navigational","trolley","guide backlog (informational or navigational)"
"N00513","mgi e500","20","20","","Navigational","trolley","guide backlog (informational or navigational)"
"N00514","mgi foil","20","20","","Navigational","trolley","guide backlog (informational or navigational)"
"N00515","mgi g800","20","20","","Navigational","trolley","guide backlog (informational or navigational)"
"N00516","mgi jetvarnish","20","20","","Navigational","trolley","guide backlog (informational or navigational)"
"N00517","mgi logo png","20","20","","Navigational","trolley","guide backlog (informational or navigational)"
"N00518","mgi m5","20","20","","Navigational","trolley","guide backlog (informational or navigational)"
"N00519","mgi mouse","20","20","","Navigational","trolley","guide backlog (informational or navigational)"
"N00520","mgi multi purpose clip","20","20","","Navigational","trolley","guide backlog (informational or navigational)"
"new","mgi navigator zip","20","20","","Navigational","trolley","guide backlog (informational or navigational)"
"N00521","mgi photosuite","20","20","","Navigational","trolley","guide backlog (informational or navigational)"
"N00522","mgi printer","20","20","","Navigational","trolley","guide backlog (informational or navigational)"
"N00523","mgi prologue","20","20","","Navigational","trolley","guide backlog (informational or navigational)"
"N00524","mgi quad","20","20","","Navigational","trolley","guide backlog (informational or navigational)"
"N00525","mgi sequencer","20","20","","Navigational","trolley","guide backlog (informational or navigational)"
"N00526","mgi sequencers","20","20","","Navigational","trolley","guide backlog (informational or navigational)"
"N00527","mgi sl50","20","20","","Navigational","trolley","guide backlog (informational or navigational)"
"N00528","mgi sl50 compact","20","20","","Navigational","trolley","guide backlog (informational or navigational)"
"N00529","mgi smart","20","20","","Navigational","trolley","guide backlog (informational or navigational)"
"N00530","mgi t1","20","20","","Navigational","trolley","guide backlog (informational or navigational)"
"N00531","mgi t1+","20","20","","Navigational","trolley","guide backlog (informational or navigational)"
"N00532","mgi x1 review","20","20","","Commercial","trolley","support term for a stocked-brand product page or brand hub (later batch)"
"N00533","mgi x4","20","20","","Navigational","trolley","guide backlog (informational or navigational)"
"N00534","mgi x5 for sale","20","20","","Transactional","trolley","support term for a stocked-brand product page or brand hub (later batch)"
"N00536","mgi x5 price","20","20","","Transactional","trolley","support term for a stocked-brand product page or brand hub (later batch)"
"N00538","mgi x5 review","20","20","","Commercial","trolley","support term for a stocked-brand product page or brand hub (later batch)"
"N00539","mgi zip 1","20","20","","Navigational","trolley","guide backlog (informational or navigational)"
"N00540","mgi zip 4","20","20","","Navigational","trolley","guide backlog (informational or navigational)"
"N00541","mgi zip 5","20","20","","Navigational","trolley","guide backlog (informational or navigational)"
"N00542","mgi zip ai","20","20","","Navigational","trolley","guide backlog (informational or navigational)"
"N00543","mgi zip all terrain","20","20","","Navigational","trolley","guide backlog (informational or navigational)"
"N00545","mgi zip cooler and storage bag","20","20","","Navigational","trolley","guide backlog (informational or navigational)"
"N00546","mgi zip cooler bag","20","20","","Navigational","trolley","guide backlog (informational or navigational)"
"N00547","mgi zip drink holder","20","20","","Navigational","trolley","guide backlog (informational or navigational)"
"N00548","mgi zip gps holder","20","20","","Navigational","trolley","guide backlog (informational or navigational)"
"N00549","mgi zip high performance lithium","20","20","","Navigational","trolley","guide backlog (informational or navigational)"
"new","mgi zip navigator 25th anniversary","20","20","","Navigational","trolley","guide backlog (informational or navigational)"
"C02673","mgi zip navigator accessories australia","20","20","","Transactional","trolley","support term for a stocked-brand product page or brand hub (later batch)"
"new","mgi zip navigator at costco","20","20","","Navigational","trolley","guide backlog (informational or navigational)"
"new","mgi zip navigator at price","20","20","","Transactional","trolley","support term for a stocked-brand product page or brand hub (later batch)"
"new","mgi zip navigator at review","20","20","","Commercial","trolley","support term for a stocked-brand product page or brand hub (later batch)"
"new","mgi zip navigator at seat","20","20","","Navigational","trolley","guide backlog (informational or navigational)"
"C02683","mgi zip navigator australia","20","20","","Transactional","trolley","support term for a stocked-brand product page or brand hub (later batch)"
"C02684","mgi zip navigator best price","20","20","","Transactional","trolley","support term for a stocked-brand product page or brand hub (later batch)"
"new","mgi zip navigator best price australia","20","20","","Transactional","trolley","support term for a stocked-brand product page or brand hub (later batch)"
"new","mgi zip navigator costco","20","20","","Navigational","trolley","guide backlog (informational or navigational)"
"C02686","mgi zip navigator costco australia","20","20","","Transactional","trolley","support term for a stocked-brand product page or brand hub (later batch)"
"C02687","mgi zip navigator costco sale","20","20","","Transactional","trolley","support term for a stocked-brand product page or brand hub (later batch)"
"C02688","mgi zip navigator cup holder","20","20","","Navigational","trolley","guide backlog (informational or navigational)"
"C02689","mgi zip navigator follow me","20","20","","Navigational","trolley","guide backlog (informational or navigational)"
"new","mgi zip navigator for sale","20","20","","Transactional","trolley","support term for a stocked-brand product page or brand hub (later batch)"
"N00553","mgi zip navigator fuse location","20","20","","Navigational","trolley","guide backlog (informational or navigational)"
"N00557","mgi zip navigator phone holder","20","20","","Navigational","trolley","guide backlog (informational or navigational)"
"C02679","mgi zip navigator price","20","20","","Transactional","trolley","support term for a stocked-brand product page or brand hub (later batch)"
"N00559","mgi zip navigator quad","20","20","","Navigational","trolley","guide backlog (informational or navigational)"
"C02695","mgi zip navigator rain cover","20","20","","Navigational","trolley","guide backlog (informational or navigational)"
"N00560","mgi zip navigator refurbished","20","20","","Navigational","trolley","guide backlog (informational or navigational)"
"N00562","mgi zip navigator repair","20","20","","Informational","trolley","guide backlog (informational or navigational)"
"C02681","mgi zip navigator review","20","20","","Commercial","trolley","support term for a stocked-brand product page or brand hub (later batch)"
"C02690","mgi zip navigator sale","20","20","","Transactional","trolley","support term for a stocked-brand product page or brand hub (later batch)"
"N00564","mgi zip navigator scorecard holder","20","20","","Navigational","trolley","guide backlog (informational or navigational)"
"C02682","mgi zip navigator seat","20","20","","Navigational","trolley","guide backlog (informational or navigational)"
"C02702","mgi zip navigator user manual","20","20","","Informational","trolley","guide backlog (informational or navigational)"
"C02662","mgi zip navigator vs mgi zip navigator at","20","20","","Commercial","trolley","support term for a stocked-brand product page or brand hub (later batch)"
"C02703","mgi zip navigator warranty","20","20","","Informational","trolley","guide backlog (informational or navigational)"
"N00568","mgi zip navigator weight","20","20","","Informational","trolley","guide backlog (informational or navigational)"
"C02704","mgi zip navigator wheel stuck","20","20","","Navigational","trolley","guide backlog (informational or navigational)"
"N00569","mgi zip phone holder","20","20","","Navigational","trolley","guide backlog (informational or navigational)"
"N00570","mgi zip rain cover","20","20","","Navigational","trolley","guide backlog (informational or navigational)"
"N00571","mgi zip review","20","20","","Commercial","trolley","support term for a stocked-brand product page or brand hub (later batch)"
"N00572","mgi zip scorecard holder","20","20","","Navigational","trolley","guide backlog (informational or navigational)"
"N00573","mgi zip seat installation","20","20","","Navigational","trolley","guide backlog (informational or navigational)"
"N00574","mgi zip series","20","20","","Navigational","trolley","guide backlog (informational or navigational)"
"N00575","mgi zip series the game changer","20","20","","Navigational","trolley","guide backlog (informational or navigational)"
"N00576","mgi zip travel bag","20","20","","Navigational","trolley","guide backlog (informational or navigational)"
"C02718","mgi zip x3 vs x5","20","20","","Commercial","trolley","support term for a stocked-brand product page or brand hub (later batch)"
"C02719","mgi zip x4","20","20","","Navigational","trolley","guide backlog (informational or navigational)"
"C02720","mgi zip x4 review","20","20","","Commercial","trolley","support term for a stocked-brand product page or brand hub (later batch)"
"N00577","mgi zip x5 problems","20","20","","Informational","trolley","guide backlog (informational or navigational)"
"C02726","mgi zip x5 user manual","20","20","","Informational","trolley","guide backlog (informational or navigational)"
"C02727","mgi zip x5 vs navigator","20","20","","Commercial","trolley","support term for a stocked-brand product page or brand hub (later batch)"
"N00578","pa5x mg edition","20","20","","Navigational","buggy","guide backlog (informational or navigational)"
"C02728","register mgi zip navigator","20","20","","Navigational","trolley","guide backlog (informational or navigational)"
"N00579","reset mgi zip navigator","20","20","","Informational","trolley","guide backlog (informational or navigational)"
"N00580","x5 mg","20","20","","Navigational","buggy","guide backlog (informational or navigational)"
"N00581","zip 5 in 1","20","20","","Navigational","trolley","guide backlog (informational or navigational)"
"N00582","zip 5000","20","20","","Navigational","trolley","guide backlog (informational or navigational)"
"N00583","zip em1501","20","20","","Navigational","trolley","guide backlog (informational or navigational)"
"N00584","zip g5 all in one","20","20","","Navigational","trolley","guide backlog (informational or navigational)"
"N00585","zip g5 classic","20","20","","Navigational","trolley","guide backlog (informational or navigational)"
"N00586","zip g5 price","20","20","","Transactional","trolley","category or hub supporting term"
"N00587","zip mcx6","20","20","","Navigational","trolley","guide backlog (informational or navigational)"
"N00588","zip x chip","20","20","","Navigational","trolley","guide backlog (informational or navigational)"
"N00589","zip x1","20","20","","Navigational","trolley","guide backlog (informational or navigational)"
"N00590","zip x1 electric cart","20","20","","Navigational","trolley","guide backlog (informational or navigational)"
"N00591","zip x5","20","20","","Navigational","trolley","guide backlog (informational or navigational)"
"N00638","3m zip","20","20","","Navigational","trolley","guide backlog (informational or navigational)"
"N00640","how to turn on mgi zip navigator","20","20","","Informational","trolley","guide backlog (informational or navigational)"
"N00641","mfgstat.zip what is it","20","20","","Informational","trolley","guide backlog (informational or navigational)"
"N00642","mg zip","20","20","","Navigational","trolley","guide backlog (informational or navigational)"
"N00643","mgi 2023","20","20","","Navigational","trolley","guide backlog (informational or navigational)"
"N00644","mgi coaster r300","20","20","","Navigational","trolley","guide backlog (informational or navigational)"
"N00645","mgi genome","20","20","","Navigational","trolley","guide backlog (informational or navigational)"
"N00646","mgi jetvarnish 3d evo","20","20","","Navigational","trolley","guide backlog (informational or navigational)"
"N00647","mgi jetvarnish 3ds","20","20","","Navigational","trolley","guide backlog (informational or navigational)"
"N00648","mgi remote control clip","20","20","","Navigational","trolley","guide backlog (informational or navigational)"
"N00649","mgi ryder tri compact","20","20","","Navigational","trolley","guide backlog (informational or navigational)"
"N00650","mgi ryder tri compact reviews","20","20","","Commercial","trolley","support term for a stocked-brand product page or brand hub (later batch)"
"N00652","mgi zip 3","20","20","","Navigational","trolley","guide backlog (informational or navigational)"
"C02672","mgi zip navigator 2023","20","20","","Navigational","trolley","guide backlog (informational or navigational)"
"C02676","mgi zip navigator all terrain 30th anniversary edition","20","20","","Navigational","trolley","guide backlog (informational or navigational)"
"N00653","mgi zip navigator remote control replacement","20","20","","Informational","trolley","guide backlog (informational or navigational)"
"N00654","mgi zip remote","20","20","","Navigational","trolley","guide backlog (informational or navigational)"
"N00655","mgi zip remote control","20","20","","Navigational","trolley","guide backlog (informational or navigational)"
"C02706","mgi zip x1 accessories","20","20","","Navigational","trolley","guide backlog (informational or navigational)"
"C02710","mgi zip x1 remote control","20","20","","Navigational","trolley","guide backlog (informational or navigational)"
"C02712","mgi zip x3 accessories","20","20","","Navigational","trolley","guide backlog (informational or navigational)"
"C02713","mgi zip x3 battery","20","20","","Navigational","trolley","guide backlog (informational or navigational)"
"C01292","mgi zip x3 electric golf cart","20","20","","Navigational","trolley","guide backlog (informational or navigational)"
"C02714","mgi zip x3 manual","20","20","","Informational","trolley","guide backlog (informational or navigational)"
"C02715","mgi zip x3 remote","20","20","","Navigational","trolley","guide backlog (informational or navigational)"
"C02717","mgi zip x3 user manual","20","20","","Informational","trolley","guide backlog (informational or navigational)"
"N00656","mgi zip3","20","20","","Navigational","trolley","guide backlog (informational or navigational)"
"N00657","rovic zip 3d","20","20","","Navigational","trolley","guide backlog (informational or navigational)"
"N00658","rovic zip 3d regular","20","20","","Navigational","trolley","guide backlog (informational or navigational)"
"N00659","zip 3000","20","20","","Navigational","trolley","guide backlog (informational or navigational)"
"N00660","zip x3","20","20","","Navigational","trolley","guide backlog (informational or navigational)"
"N00661","zip x3 electric cart","20","20","","Navigational","trolley","guide backlog (informational or navigational)"
"N00686","mg extender thailand","20","20","","Navigational","buggy","guide backlog (informational or navigational)"
"N00687","mg umbrella","20","20","","Navigational","buggy","guide backlog (informational or navigational)"
"N00688","mgi 2022","20","20","","Navigational","trolley","guide backlog (informational or navigational)"
"N00689","mgi 2024 winner","20","20","","Navigational","trolley","guide backlog (informational or navigational)"
"N00690","mgi advanced modules","20","20","","Navigational","trolley","guide backlog (informational or navigational)"
"N00691","mgi assurance","20","20","","Navigational","trolley","guide backlog (informational or navigational)"
"N00692","mgi com","20","20","","Navigational","trolley","guide backlog (informational or navigational)"
"N00693","mgi compound","20","20","","Navigational","trolley","guide backlog (informational or navigational)"
"N00694","mgi controller","20","20","","Navigational","trolley","guide backlog (informational or navigational)"
"N00696","mgi customer service","20","20","","Navigational","trolley","guide backlog (informational or navigational)"
"N00697","mgi director","20","20","","Navigational","trolley","guide backlog (informational or navigational)"
"N00698","mgi discount code","20","20","","Transactional","trolley","support term for a stocked-brand product page or brand hub (later batch)"
"N00699","mgi electric","20","20","","Navigational","trolley","guide backlog (informational or navigational)"
"N00700","mgi formula","20","20","","Navigational","trolley","guide backlog (informational or navigational)"
"N00701","mgi full form","20","20","","Navigational","trolley","guide backlog (informational or navigational)"
"N00702","mgi golf rain cover","20","20","","Navigational","trolley","guide backlog (informational or navigational)"
"N00704","mgi gps holder","20","20","","Navigational","trolley","guide backlog (informational or navigational)"
"N00705","mgi hall","20","20","","Navigational","trolley","guide backlog (informational or navigational)"
"N00706","mgi hunter","20","20","","Navigational","trolley","guide backlog (informational or navigational)"
"N00707","mgi id","20","20","","Navigational","trolley","guide backlog (informational or navigational)"
"N00708","mgi insurance","20","20","","Navigational","trolley","guide backlog (informational or navigational)"
"N00709","mgi linkedin","20","20","","Navigational","trolley","guide backlog (informational or navigational)"
"N00710","mgi logo","20","20","","Navigational","trolley","guide backlog (informational or navigational)"
"N00711","mgi meaning","20","20","","Informational","trolley","guide backlog (informational or navigational)"
"N00712","mgi mobile app","20","20","","Navigational","trolley","guide backlog (informational or navigational)"
"N00713","mgi official website","20","20","","Navigational","trolley","guide backlog (informational or navigational)"
"N00714","mgi owner","20","20","","Navigational","trolley","guide backlog (informational or navigational)"
"N00715","mgi phone number","20","20","","Navigational","trolley","guide backlog (informational or navigational)"
"N00716","mgi plus more","20","20","","Navigational","trolley","guide backlog (informational or navigational)"
"N00717","mgi price","20","20","","Transactional","trolley","support term for a stocked-brand product page or brand hub (later batch)"
"N00718","mgi products","20","20","","Navigational","trolley","guide backlog (informational or navigational)"
"N00719","mgi products price list","20","20","","Transactional","trolley","support term for a stocked-brand product page or brand hub (later batch)"
"N00720","mgi rain cover instructions","20","20","","Informational","trolley","guide backlog (informational or navigational)"
"N00721","mgi refurbished","20","20","","Navigational","trolley","guide backlog (informational or navigational)"
"N00722","mgi remote pairing","20","20","","Navigational","trolley","guide backlog (informational or navigational)"
"N00723","mgi replacement parts","20","20","","Informational","trolley","guide backlog (informational or navigational)"
"N00724","mgi research","20","20","","Navigational","trolley","guide backlog (informational or navigational)"
"N00725","mgi sale","20","20","","Transactional","trolley","support term for a stocked-brand product page or brand hub (later batch)"
"N00726","mgi sales","20","20","","Navigational","trolley","guide backlog (informational or navigational)"
"N00728","mgi seat installation","20","20","","Navigational","trolley","guide backlog (informational or navigational)"
"N00729","mgi seat with storage","20","20","","Navigational","trolley","guide backlog (informational or navigational)"
"N00730","mgi service","20","20","","Navigational","trolley","guide backlog (informational or navigational)"
"N00731","mgi set","20","20","","Navigational","trolley","guide backlog (informational or navigational)"
"N00732","mgi shop official store","20","20","","Transactional","trolley","support term for a stocked-brand product page or brand hub (later batch)"
"N00733","mgi stand bag adapter","20","20","","Navigational","trolley","guide backlog (informational or navigational)"
"N00734","mgi stands for","20","20","","Navigational","trolley","guide backlog (informational or navigational)"
"N00735","mgi storage bag","20","20","","Navigational","trolley","guide backlog (informational or navigational)"
"N00736","mgi stores","20","20","","Navigational","trolley","guide backlog (informational or navigational)"
"N00737","mgi support","20","20","","Navigational","trolley","guide backlog (informational or navigational)"
"N00738","mgi telescopic umbrella","20","20","","Navigational","trolley","guide backlog (informational or navigational)"
"N00739","mgi tiendas","20","20","","Navigational","trolley","guide backlog (informational or navigational)"
"N00740","mgi travel bag","20","20","","Navigational","trolley","guide backlog (informational or navigational)"
"N00741","mgi website","20","20","","Navigational","trolley","guide backlog (informational or navigational)"
"N00742","mgi zip navigator umbrella extender","20","20","","Navigational","trolley","guide backlog (informational or navigational)"
"N00743","mgi zip navigator umbrella holder","20","20","","Navigational","trolley","guide backlog (informational or navigational)"
"N00744","mgi zip umbrella holder extender","20","20","","Navigational","trolley","guide backlog (informational or navigational)"
"N00745","new mg extender","20","20","","Navigational","buggy","guide backlog (informational or navigational)"
"N00746","pair mgi remote","20","20","","Navigational","trolley","guide backlog (informational or navigational)"
"N00747","umbrella holder extender","20","20","","Navigational","buggy","guide backlog (informational or navigational)"
"N00748","umbrella holder extension","20","20","","Navigational","buggy","guide backlog (informational or navigational)"
"N00749","what does mgi stand for","20","20","","Informational","trolley","guide backlog (informational or navigational)"
"N00796","pgf navigator golf clubs","20","20","","Navigational","trolley","guide backlog (informational or navigational)"
"N00797","golf phone holder tripod","20","20","","Navigational","buggy","guide backlog (informational or navigational)"
"N00798","volkswagen golf back seat","20","20","","Navigational","buggy","guide backlog (informational or navigational)"
"N00799","volkswagen golf cart","20","20","","Navigational","buggy","guide backlog (informational or navigational)"
"N00800","vw golf back seat","20","20","","Navigational","buggy","guide backlog (informational or navigational)"
"N00801","vw golf cart","20","20","","Navigational","buggy","guide backlog (informational or navigational)"
"N00802","vw golf cart body kit","20","20","","Navigational","buggy","guide backlog (informational or navigational)"
"new","golf carts sale near me","20","20","","Transactional","buggy","category or hub supporting term"
"new","dealer golf carts","20","20","","Navigational","buggy","guide backlog (informational or navigational)"
"C00449","golf cart dealers","20","20","","Navigational","buggy","guide backlog (informational or navigational)"
"N00820","golf cart rxv","20","20","2","Transactional","buggy","category or hub supporting term"
"N00821","golf trolley rovic","20","20","8","Commercial","trolley","support term for a stocked-brand product page or brand hub (later batch)"
"N00822","range rover golf cart","20","20","1","Transactional","buggy","category or hub supporting term"
"N00823","roblox golf cart","20","20","25","Informational","buggy","guide backlog (informational or navigational)"
"N00824","rochester golf carts","20","20","11","Informational","buggy","guide backlog (informational or navigational)"
"N00825","rover golf carts","20","20","3","Transactional","buggy","category or hub supporting term"
"N00826","rovic 1c","20","20","11","Transactional","trolley","support term for a stocked-brand product page or brand hub (later batch)"
"N00828","rovic 3d","20","20","13","Transactional","trolley","support term for a stocked-brand product page or brand hub (later batch)"
"N00830","rovic agri","20","20","7","Navigational","trolley","guide backlog (informational or navigational)"
"N00832","rovic by clicgear rv1c","20","20","7","Transactional","trolley","support term for a stocked-brand product page or brand hub (later batch)"
"N00833","rovic cart","20","20","8","Transactional","trolley","support term for a stocked-brand product page or brand hub (later batch)"
"N00835","rovic disc golf cart","20","20","9","Transactional","trolley","support term for a stocked-brand product page or brand hub (later batch)"
"N00836","rovic electric golf cart","20","20","8","Commercial","trolley","support term for a stocked-brand product page or brand hub (later batch)"
"N00840","rovic golf buggy parts","20","20","2","Commercial","trolley","support term for a stocked-brand product page or brand hub (later batch)"
"N00843","rovic golf cart accessories","20","20","3","Commercial","trolley","support term for a stocked-brand product page or brand hub (later batch)"
"N00844","rovic golf push cart","20","20","8","Transactional","trolley","support term for a stocked-brand product page or brand hub (later batch)"
"N00846","rovic junior push cart","20","20","7","Commercial","trolley","support term for a stocked-brand product page or brand hub (later batch)"
"N00847","rovic logo","20","20","2","Informational","trolley","guide backlog (informational or navigational)"
"N00848","rovic parts","20","20","2","Commercial","trolley","support term for a stocked-brand product page or brand hub (later batch)"
"N00850","rovic replacement parts","20","20","3","Transactional","trolley","support term for a stocked-brand product page or brand hub (later batch)"
"N00854","rovic rv1c golf push cart","20","20","7","Transactional","trolley","support term for a stocked-brand product page or brand hub (later batch)"
"N00855","rovic rv1c golf trolley","20","20","9","Transactional","trolley","support term for a stocked-brand product page or brand hub (later batch)"
"N00857","rovic rv1c review","20","20","11","Commercial","trolley","support term for a stocked-brand product page or brand hub (later batch)"
"N00859","rovic rv1d","20","20","8","Transactional","trolley","support term for a stocked-brand product page or brand hub (later batch)"
"N00860","rovic rv1d disc golf cart","20","20","6","Transactional","trolley","support term for a stocked-brand product page or brand hub (later batch)"
"N00862","rovic rv1s 2.0 review","20","20","10","Commercial","trolley","support term for a stocked-brand product page or brand hub (later batch)"
"N00864","rovic rv1s for sale","20","20","9","Transactional","trolley","support term for a stocked-brand product page or brand hub (later batch)"
"N00865","rovic rv1s golf push cart","20","20","0","Transactional","trolley","support term for a stocked-brand product page or brand hub (later batch)"
"N00866","rovic rv1s parts","20","20","3","Commercial","trolley","support term for a stocked-brand product page or brand hub (later batch)"
"N00867","rovic rv1s push cart","20","20","7","Commercial","trolley","support term for a stocked-brand product page or brand hub (later batch)"
"N00868","rovic rv1s replacement parts","20","20","2","Commercial","trolley","support term for a stocked-brand product page or brand hub (later batch)"
"N00869","rovic rv1s review","20","20","14","Commercial","trolley","support term for a stocked-brand product page or brand hub (later batch)"
"N00873","rovic rv1s vs rv2l","20","20","8","Commercial","trolley","support term for a stocked-brand product page or brand hub (later batch)"
"N00874","rovic rv2l accessories","20","20","7","Commercial","trolley","support term for a stocked-brand product page or brand hub (later batch)"
"N00875","rovic rv2l golf push cart","20","20","7","Commercial","trolley","support term for a stocked-brand product page or brand hub (later batch)"
"N00876","rovic rv2l golf trolley","20","20","7","Commercial","trolley","support term for a stocked-brand product page or brand hub (later batch)"
"N00877","rovic rv2l review","20","20","10","Commercial","trolley","support term for a stocked-brand product page or brand hub (later batch)"
"N00878","rovic rv2l seat","20","20","7","Transactional","trolley","support term for a stocked-brand product page or brand hub (later batch)"
"N00879","rovic rv2l vs rv1c","20","20","3","Commercial","trolley","support term for a stocked-brand product page or brand hub (later batch)"
"N00880","rovic rv3j","20","20","9","Transactional","trolley","support term for a stocked-brand product page or brand hub (later batch)"
"N00881","rovic rv3j junior golf push cart","20","20","7","Informational","trolley","guide backlog (informational or navigational)"
"N00882","rovic rvis","20","20","8","Commercial","trolley","support term for a stocked-brand product page or brand hub (later batch)"
"N00885","rovic swivel rv1s","20","20","9","Navigational","trolley","guide backlog (informational or navigational)"
"N00889","rv2l rovic","20","20","8","Commercial","trolley","support term for a stocked-brand product page or brand hub (later batch)"
"N00890","rxv golf cart","20","20","3","Commercial","buggy","category or hub supporting term"
"N00891","ryobi golf cart","20","20","26","Informational","buggy","guide backlog (informational or navigational)"
"N00892","smoothy rovic golf buggy","20","20","7","Transactional","trolley","support term for a stocked-brand product page or brand hub (later batch)"
"N00244","golf battery chargers","10","10","","Transactional","buggy","category or hub supporting term"
"N00245","golf cart charger troubleshooting","10","10","","Transactional","buggy","category or hub supporting term"
"N00246","golf cart charging problems","10","10","","Informational","buggy","guide backlog (informational or navigational)"
"C03233","golf cart not charging battery","10","10","","Informational","buggy","guide backlog (informational or navigational)"
"N00247","how to reset golf cart charger","10","10","","Informational","buggy","guide backlog (informational or navigational)"
"N00249","mgi golf cart repair","10","10","","Transactional","trolley","support term for a stocked-brand product page or brand hub (later batch)"
"N00251","mgi navigator quad gyro battery","10","10","","Informational","trolley","guide backlog (informational or navigational)"
"N00254","mobee magic charger replacement batteries","10","10","","Informational","buggy","guide backlog (informational or navigational)"
"N00316","bolger micro navigator","10","10","","Navigational","trolley","guide backlog (informational or navigational)"
"C04457","costco mgi navigator","10","10","","Navigational","trolley","guide backlog (informational or navigational)"
"N00317","gps mg","10","10","","Navigational","buggy","guide backlog (informational or navigational)"
"N00318","how to fold mgi ai navigator","10","10","","Informational","trolley","guide backlog (informational or navigational)"
"N00319","icc ai navigator","10","10","","Navigational","trolley","guide backlog (informational or navigational)"
"N00320","mg touch navigation","10","10","","Navigational","buggy","guide backlog (informational or navigational)"
"C04458","mgi ai cart","10","10","","Navigational","trolley","guide backlog (informational or navigational)"
"new","mgi ai navigator gps+ buggy - black","10","10","","Navigational","trolley","guide backlog (informational or navigational)"
"C04459","mgi navigator a.i","10","10","","Navigational","trolley","guide backlog (informational or navigational)"
"C04460","mgi navigator ai gps electric golf cart","10","10","","Navigational","trolley","guide backlog (informational or navigational)"
"C04461","mgi navigator ai release date","10","10","","Navigational","trolley","guide backlog (informational or navigational)"
"new","mgi navigator at costco","10","10","","Navigational","trolley","guide backlog (informational or navigational)"
"new","mgi navigator reviews","10","10","","Commercial","trolley","support term for a stocked-brand product page or brand hub (later batch)"
"C04462","mgi navigator service center","10","10","","Navigational","trolley","guide backlog (informational or navigational)"
"N00321","mgi quad navigator for sale","10","10","","Transactional","trolley","support term for a stocked-brand product page or brand hub (later batch)"
"N00322","mgi quad navigator review","10","10","","Commercial","trolley","support term for a stocked-brand product page or brand hub (later batch)"
"new","mgi zip navigator vs at","10","10","","Commercial","trolley","support term for a stocked-brand product page or brand hub (later batch)"
"N00323","mp navigator lide 110","10","10","","Navigational","trolley","guide backlog (informational or navigational)"
"N00324","navigator golf","10","10","","Navigational","trolley","guide backlog (informational or navigational)"
"C04463","new mgi zip navigator ai","10","10","","Navigational","trolley","guide backlog (informational or navigational)"
"N00325","refurbished mgi navigator","10","10","","Navigational","trolley","guide backlog (informational or navigational)"
"N00326","zip ai navigator gps+ electric cart","10","10","","Navigational","trolley","guide backlog (informational or navigational)"
"N00391","good inside mgi","10","10","","Navigational","trolley","guide backlog (informational or navigational)"
"N00392","guangzhou mgi co","10","10","","Navigational","trolley","guide backlog (informational or navigational)"
"N00393","mgi 2019","10","10","","Navigational","trolley","guide backlog (informational or navigational)"
"N00394","mgi australia golf","10","10","","Transactional","trolley","support term for a stocked-brand product page or brand hub (later batch)"
"N00395","mgi coutier","10","10","","Navigational","trolley","guide backlog (informational or navigational)"
"N00396","mgi dental","10","10","","Navigational","trolley","guide backlog (informational or navigational)"
"N00397","mgi email address","10","10","","Navigational","trolley","guide backlog (informational or navigational)"
"N00398","mgi france","10","10","","Navigational","trolley","guide backlog (informational or navigational)"
"N00399","mgi headquarters","10","10","","Navigational","trolley","guide backlog (informational or navigational)"
"N00400","mgi healthcare","10","10","","Navigational","trolley","guide backlog (informational or navigational)"
"N00401","mgi hong kong","10","10","","Navigational","trolley","guide backlog (informational or navigational)"
"N00402","mgi inc","10","10","","Navigational","trolley","guide backlog (informational or navigational)"
"N00403","mgi index","10","10","","Navigational","trolley","guide backlog (informational or navigational)"
"N00404","mgi international llc","10","10","","Navigational","trolley","guide backlog (informational or navigational)"
"N00405","mgi malaysia","10","10","","Navigational","trolley","guide backlog (informational or navigational)"
"N00406","mgi management","10","10","","Navigational","trolley","guide backlog (informational or navigational)"
"N00407","mgi marketing","10","10","","Navigational","trolley","guide backlog (informational or navigational)"
"N00408","mgi member area","10","10","","Navigational","trolley","guide backlog (informational or navigational)"
"N00409","mgi midgley snelling llp","10","10","","Navigational","trolley","guide backlog (informational or navigational)"
"N00410","mgi office address","10","10","","Navigational","trolley","guide backlog (informational or navigational)"
"N00411","mgi report","10","10","","Navigational","trolley","guide backlog (informational or navigational)"
"N00412","mgi sa","10","10","","Navigational","trolley","guide backlog (informational or navigational)"
"N00413","mgi singapore pac","10","10","","Navigational","trolley","guide backlog (informational or navigational)"
"N00414","mgi worldwide ranking","10","10","","Navigational","trolley","guide backlog (informational or navigational)"
"N00415","www.mgi","10","10","","Navigational","trolley","guide backlog (informational or navigational)"
"N00467","does the mgi zip navigator follow you","10","10","","Informational","trolley","guide backlog (informational or navigational)"
"N00468","mg golf cart","10","10","","Navigational","buggy","guide backlog (informational or navigational)"
"N00469","mg1 golf cart","10","10","","Navigational","buggy","guide backlog (informational or navigational)"
"new","mgi cars","10","10","","Navigational","trolley","guide backlog (informational or navigational)"
"new","mgi cart","10","10","","Navigational","trolley","guide backlog (informational or navigational)"
"N00470","mgi dri play cart bag","10","10","","Navigational","trolley","guide backlog (informational or navigational)"
"N00471","mgi dri play golf bag","10","10","","Navigational","trolley","guide backlog (informational or navigational)"
"N00472","mgi dri-play cart bag","10","10","","Navigational","trolley","guide backlog (informational or navigational)"
"C03209","mgi e500 golf cart","10","10","","Navigational","trolley","guide backlog (informational or navigational)"
"new","mgi electric cart","10","10","","Navigational","trolley","guide backlog (informational or navigational)"
"new","mgi electric golf buggy sale","10","10","","Transactional","trolley","support term for a stocked-brand product page or brand hub (later batch)"
"C03210","mgi electric golf cart accessories","10","10","","Navigational","trolley","guide backlog (informational or navigational)"
"C03211","mgi electric golf cart reviews","10","10","","Commercial","trolley","support term for a stocked-brand product page or brand hub (later batch)"
"C03212","mgi electric trolley","10","10","","Navigational","trolley","guide backlog (informational or navigational)"
"C03213","mgi follow golf cart","10","10","","Navigational","trolley","guide backlog (informational or navigational)"
"new","mgi golf buggy remote","10","10","","Navigational","trolley","guide backlog (informational or navigational)"
"new","mgi golf cart for sale","10","10","","Transactional","trolley","support term for a stocked-brand product page or brand hub (later batch)"
"N00473","mgi golf cart parts","10","10","","Navigational","trolley","guide backlog (informational or navigational)"
"new","mgi golf cart remote control","10","10","","Navigational","trolley","guide backlog (informational or navigational)"
"C03214","mgi golf cart seat","10","10","","Navigational","trolley","guide backlog (informational or navigational)"
"N00474","mgi golf customer service","10","10","","Navigational","trolley","guide backlog (informational or navigational)"
"C03216","mgi halo golf cart","10","10","","Navigational","trolley","guide backlog (informational or navigational)"
"N00475","mgi lite play cart bag","10","10","","Navigational","trolley","guide backlog (informational or navigational)"
"N00476","mgi lite play golf bag review","10","10","","Commercial","trolley","support term for a stocked-brand product page or brand hub (later batch)"
"N00477","mgi lite-play golf bag","10","10","","Navigational","trolley","guide backlog (informational or navigational)"
"C03217","mgi navigator golf cart","10","10","","Navigational","trolley","guide backlog (informational or navigational)"
"N00478","mgi navigator quad gyro electric buggy reviews","10","10","","Commercial","trolley","support term for a stocked-brand product page or brand hub (later batch)"
"new","mgi push cart","10","10","","Navigational","trolley","guide backlog (informational or navigational)"
"N00479","mgi refurbished golf carts","10","10","","Navigational","trolley","guide backlog (informational or navigational)"
"new","mgi remote golf buggies","10","10","","Navigational","trolley","guide backlog (informational or navigational)"
"new","mgi trolley","10","10","","Navigational","trolley","guide backlog (informational or navigational)"
"C03218","mgi x5 golf cart","10","10","","Navigational","trolley","guide backlog (informational or navigational)"
"C03219","mgi zip ai navigator gps+ electric cart","10","10","","Navigational","trolley","guide backlog (informational or navigational)"
"C03220","mgi zip electric golf caddy","10","10","","Navigational","trolley","guide backlog (informational or navigational)"
"C03221","mgi zip navigator all terrain costco","10","10","","Navigational","trolley","guide backlog (informational or navigational)"
"C03222","mgi zip navigator at all terrain electric golf caddy","10","10","","Navigational","trolley","guide backlog (informational or navigational)"
"new","mgi zip navigator electric golf caddy","10","10","","Navigational","trolley","guide backlog (informational or navigational)"
"C03223","mgi zip navigator electric golf caddy accessories","10","10","","Navigational","trolley","guide backlog (informational or navigational)"
"C03224","mgi zip navigator golf cart","10","10","","Navigational","trolley","guide backlog (informational or navigational)"
"C03225","mgi zip x1 electric golf cart","10","10","","Navigational","trolley","guide backlog (informational or navigational)"
"C03226","mgi zip x1 lithium electric golf trolley","10","10","","Navigational","trolley","guide backlog (informational or navigational)"
"C03227","mgi zip x3 electric golf caddy","10","10","","Navigational","trolley","guide backlog (informational or navigational)"
"N00480","refurbished mgi golf cart","10","10","","Navigational","trolley","guide backlog (informational or navigational)"
"N00481","zip navigator at electric cart","10","10","","Navigational","trolley","guide backlog (informational or navigational)"
"N00482","zip navigator electric cart","10","10","","Navigational","trolley","guide backlog (informational or navigational)"
"N00483","zippy golf buggy","10","10","","Navigational","trolley","guide backlog (informational or navigational)"
"N00593","5g zip","10","10","","Navigational","trolley","guide backlog (informational or navigational)"
"N00594","malossi zip","10","10","","Navigational","trolley","guide backlog (informational or navigational)"
"N00595","mfgstat.zip","10","10","","Navigational","trolley","guide backlog (informational or navigational)"
"N00596","mg 8150","10","10","","Navigational","buggy","guide backlog (informational or navigational)"
"N00597","mg zip navigator","10","10","","Navigational","trolley","guide backlog (informational or navigational)"
"N00598","mgi all star","10","10","","Navigational","trolley","guide backlog (informational or navigational)"
"N00599","mgi automation","10","10","","Navigational","trolley","guide backlog (informational or navigational)"
"N00600","mgi boost","10","10","","Navigational","trolley","guide backlog (informational or navigational)"
"N00601","mgi competition","10","10","","Navigational","trolley","guide backlog (informational or navigational)"
"N00602","mgi computers","10","10","","Navigational","trolley","guide backlog (informational or navigational)"
"N00603","mgi cyclone","10","10","","Navigational","trolley","guide backlog (informational or navigational)"
"N00604","mgi digital graphic","10","10","","Navigational","trolley","guide backlog (informational or navigational)"
"N00605","mgi digital graphic technology","10","10","","Navigational","trolley","guide backlog (informational or navigational)"
"N00606","mgi factory","10","10","","Navigational","trolley","guide backlog (informational or navigational)"
"N00607","mgi gaming","10","10","","Navigational","trolley","guide backlog (informational or navigational)"
"N00608","mgi ionspec review","10","10","","Commercial","trolley","support term for a stocked-brand product page or brand hub (later batch)"
"N00609","mgi machine","10","10","","Navigational","trolley","guide backlog (informational or navigational)"
"N00610","mgi model","10","10","","Navigational","trolley","guide backlog (informational or navigational)"
"N00611","mgi mr","10","10","","Navigational","trolley","guide backlog (informational or navigational)"
"N00612","mgi nano belt","10","10","","Navigational","trolley","guide backlog (informational or navigational)"
"N00613","mgi online","10","10","","Transactional","trolley","support term for a stocked-brand product page or brand hub (later batch)"
"N00614","mgi quad navigator vs zip navigator","10","10","","Commercial","trolley","support term for a stocked-brand product page or brand hub (later batch)"
"N00615","mgi quad vs zip navigator","10","10","","Commercial","trolley","support term for a stocked-brand product page or brand hub (later batch)"
"N00616","mgi sequencing platform","10","10","","Navigational","trolley","guide backlog (informational or navigational)"
"N00617","mgi sp100","10","10","","Navigational","trolley","guide backlog (informational or navigational)"
"N00618","mgi speedware","10","10","","Navigational","trolley","guide backlog (informational or navigational)"
"N00619","mgi tigershark","10","10","","Navigational","trolley","guide backlog (informational or navigational)"
"N00620","mgi web","10","10","","Navigational","trolley","guide backlog (informational or navigational)"
"new","mgi zip at navigator","10","10","","Navigational","trolley","guide backlog (informational or navigational)"
"N00621","mgi zip nav","10","10","","Navigational","trolley","guide backlog (informational or navigational)"
"C04465","mgi zip navigator 2025","10","10","","Navigational","trolley","guide backlog (informational or navigational)"
"new","mgi zip navigator at for sale","10","10","","Transactional","trolley","support term for a stocked-brand product page or brand hub (later batch)"
"new","mgi zip navigator at user manual","10","10","","Informational","trolley","guide backlog (informational or navigational)"
"C04466","mgi zip navigator black friday","10","10","","Navigational","trolley","guide backlog (informational or navigational)"
"C04467","mgi zip navigator manual mode","10","10","","Informational","trolley","guide backlog (informational or navigational)"
"N00622","mgi zip navigator owners manual","10","10","","Informational","trolley","guide backlog (informational or navigational)"
"new","mgi zip navigator reviews","10","10","","Commercial","trolley","support term for a stocked-brand product page or brand hub (later batch)"
"N00623","mgi zip navigator travel bag","10","10","","Navigational","trolley","guide backlog (informational or navigational)"
"C04469","mgi zip x1 electric golf","10","10","","Navigational","trolley","guide backlog (informational or navigational)"
"C04470","mgi zip x2","10","10","","Navigational","trolley","guide backlog (informational or navigational)"
"C03230","mgi zip x5 electric golf caddy","10","10","","Navigational","trolley","guide backlog (informational or navigational)"
"C04471","mgi zip x5 for sale","10","10","","Transactional","trolley","support term for a stocked-brand product page or brand hub (later batch)"
"C04472","mgi zip x5 price","10","10","","Transactional","trolley","support term for a stocked-brand product page or brand hub (later batch)"
"new","mgi zip x5 reviews","10","10","","Commercial","trolley","support term for a stocked-brand product page or brand hub (later batch)"
"C04473","mgi zip x7","10","10","","Navigational","trolley","guide backlog (informational or navigational)"
"N00624","new mgi","10","10","","Navigational","trolley","guide backlog (informational or navigational)"
"N00625","refurbished mgi zip navigator","10","10","","Navigational","trolley","guide backlog (informational or navigational)"
"N00626","rig portable precision mg x","10","10","","Navigational","buggy","guide backlog (informational or navigational)"
"N00627","sgs510z mg-t","10","10","","Navigational","buggy","guide backlog (informational or navigational)"
"N00662","bsi31ugc2d2c87h com pt zip file","10","10","","Navigational","trolley","guide backlog (informational or navigational)"
"N00663","mgi 3","10","10","","Navigational","trolley","guide backlog (informational or navigational)"
"N00664","mgi 30th anniversary","10","10","","Navigational","trolley","guide backlog (informational or navigational)"
"N00665","mgi game","10","10","","Navigational","trolley","guide backlog (informational or navigational)"
"N00666","mgi solution explorer","10","10","","Navigational","trolley","guide backlog (informational or navigational)"
"new","mgi zip x3 reviews","10","10","","Commercial","trolley","support term for a stocked-brand product page or brand hub (later batch)"
"N00667","what is mfgstat.zip","10","10","","Informational","trolley","guide backlog (informational or navigational)"
"N00668","zip lock g3 bj mclachlan","10","10","","Navigational","trolley","guide backlog (informational or navigational)"
"N00750","mg extender for sale","10","10","","Transactional","buggy","category or hub supporting term"
"N00751","mgi + more","10","10","","Navigational","trolley","guide backlog (informational or navigational)"
"N00752","mgi abbreviation","10","10","","Navigational","trolley","guide backlog (informational or navigational)"
"N00753","mgi accesories","10","10","","Navigational","trolley","guide backlog (informational or navigational)"
"N00754","mgi access","10","10","","Navigational","trolley","guide backlog (informational or navigational)"
"N00755","mgi acronym","10","10","","Navigational","trolley","guide backlog (informational or navigational)"
"N00756","mgi age limit","10","10","","Navigational","trolley","guide backlog (informational or navigational)"
"N00757","mgi brand","10","10","","Navigational","trolley","guide backlog (informational or navigational)"
"N00758","mgi ceo","10","10","","Navigational","trolley","guide backlog (informational or navigational)"
"N00759","mgi compound name","10","10","","Navigational","trolley","guide backlog (informational or navigational)"
"N00760","mgi distribution","10","10","","Navigational","trolley","guide backlog (informational or navigational)"
"N00761","mgi email","10","10","","Navigational","trolley","guide backlog (informational or navigational)"
"N00762","mgi follow me","10","10","","Navigational","trolley","guide backlog (informational or navigational)"
"N00763","mgi hall capacity","10","10","","Navigational","trolley","guide backlog (informational or navigational)"
"N00764","mgi industry","10","10","","Navigational","trolley","guide backlog (informational or navigational)"
"N00765","mgi instruments","10","10","","Navigational","trolley","guide backlog (informational or navigational)"
"N00766","mgi international sales co limited","10","10","","Navigational","trolley","guide backlog (informational or navigational)"
"N00767","mgi lower bag strap","10","10","","Navigational","trolley","guide backlog (informational or navigational)"
"N00768","mgi manager","10","10","","Navigational","trolley","guide backlog (informational or navigational)"
"N00769","mgi means","10","10","","Navigational","trolley","guide backlog (informational or navigational)"
"N00770","mgi medical","10","10","","Navigational","trolley","guide backlog (informational or navigational)"
"N00771","mgi more","10","10","","Navigational","trolley","guide backlog (informational or navigational)"
"N00772","mgi motor","10","10","","Navigational","trolley","guide backlog (informational or navigational)"
"N00773","mgi nano belt benefits","10","10","","Navigational","trolley","guide backlog (informational or navigational)"
"N00774","mgi number","10","10","","Navigational","trolley","guide backlog (informational or navigational)"
"N00775","mgi part","10","10","","Navigational","trolley","guide backlog (informational or navigational)"
"N00776","mgi phenotype","10","10","","Navigational","trolley","guide backlog (informational or navigational)"
"N00777","mgi platform","10","10","","Navigational","trolley","guide backlog (informational or navigational)"
"N00778","mgi portal","10","10","","Navigational","trolley","guide backlog (informational or navigational)"
"N00779","mgi product","10","10","","Navigational","trolley","guide backlog (informational or navigational)"
"N00780","mgi repair","10","10","","Informational","trolley","guide backlog (informational or navigational)"
"N00781","mgi shareholders","10","10","","Navigational","trolley","guide backlog (informational or navigational)"
"N00782","mgi small stand bag adaptor bundle","10","10","","Navigational","trolley","guide backlog (informational or navigational)"
"N00783","mgi step","10","10","","Navigational","trolley","guide backlog (informational or navigational)"
"N00784","mgi store","10","10","","Navigational","trolley","guide backlog (informational or navigational)"
"N00785","mgi tower","10","10","","Navigational","trolley","guide backlog (informational or navigational)"
"N00786","mgi travel","10","10","","Navigational","trolley","guide backlog (informational or navigational)"
"C04456","mgi trolley accessories","10","10","","Navigational","trolley","guide backlog (informational or navigational)"
"N00787","mgi trundler","10","10","","Navigational","trolley","guide backlog (informational or navigational)"
"N00788","mgi warehouse","10","10","","Navigational","trolley","guide backlog (informational or navigational)"
"N00789","mgi world","10","10","","Navigational","trolley","guide backlog (informational or navigational)"
"N00790","the mgi","10","10","","Navigational","trolley","guide backlog (informational or navigational)"
"N00791","tiendas mgi","10","10","","Navigational","trolley","guide backlog (informational or navigational)"
"N00792","what does mgi mean","10","10","","Informational","trolley","guide backlog (informational or navigational)"
"N00803","beetle golf cart","10","10","","Navigational","buggy","guide backlog (informational or navigational)"
"N00804","vw golf back seat dimensions","10","10","","Informational","buggy","guide backlog (informational or navigational)"
"N00805","vw golf cart for sale","10","10","","Transactional","buggy","category or hub supporting term"
"N00806","vw golf carts","10","10","","Navigational","buggy","guide backlog (informational or navigational)"
"N00807","vw golf carts for sale","10","10","","Transactional","buggy","category or hub supporting term"
"N00814","club cart golf carts","10","10","","Navigational","buggy","guide backlog (informational or navigational)"
"N00893","r1 golf cart","10","10","25","Transactional","buggy","category or hub supporting term"
"N00894","r3 disc golf cart","10","10","14","Informational","buggy","guide backlog (informational or navigational)"
"N00895","rhox golf cart","10","10","6","Informational","buggy","guide backlog (informational or navigational)"
"N00896","riviera golf carts","10","10","25","Navigational","buggy","guide backlog (informational or navigational)"
"N00897","rmi golf carts","10","10","13","Commercial","buggy","category or hub supporting term"
"N00898","rochester golf cart","10","10","0","Commercial","buggy","category or hub supporting term"
"N00899","roly's golf carts","10","10","28","Transactional","buggy","category or hub supporting term"
"N00900","rover electric golf cart","10","10","4","Transactional","buggy","category or hub supporting term"
"N00901","rover golf cart","10","10","2","Transactional","buggy","category or hub supporting term"
"N00904","rovic 3d tapered","10","10","13","Transactional","trolley","support term for a stocked-brand product page or brand hub (later batch)"
"N00905","rovic by clicgear rv1s","10","10","6","Commercial","trolley","support term for a stocked-brand product page or brand hub (later batch)"
"N00906","rovic cart seat","10","10","3","Transactional","trolley","support term for a stocked-brand product page or brand hub (later batch)"
"N00907","rovic disc golf","10","10","7","Commercial","trolley","support term for a stocked-brand product page or brand hub (later batch)"
"N00909","rovic golf buggy spare parts","10","10","0","Commercial","trolley","support term for a stocked-brand product page or brand hub (later batch)"
"N00910","rovic golf cart parts","10","10","2","Commercial","trolley","support term for a stocked-brand product page or brand hub (later batch)"
"N00912","rovic golf trundler","10","10","4","Informational","trolley","guide backlog (informational or navigational)"
"N00913","rovic junior golf trolley","10","10","6","Commercial","trolley","support term for a stocked-brand product page or brand hub (later batch)"
"N00914","rovic push cart","10","10","8","Commercial","trolley","support term for a stocked-brand product page or brand hub (later batch)"
"N00915","rovic push cart accessories","10","10","2","Commercial","trolley","support term for a stocked-brand product page or brand hub (later batch)"
"N00916","rovic rv1c 2.0 review","10","10","11","Commercial","trolley","support term for a stocked-brand product page or brand hub (later batch)"
"N00917","rovic rv2l push cart","10","10","6","Commercial","trolley","support term for a stocked-brand product page or brand hub (later batch)"
"N00918","rovic rv3","10","10","7","Informational","trolley","guide backlog (informational or navigational)"
"N00919","rovic rv3f","10","10","6","Informational","trolley","guide backlog (informational or navigational)"
"N00920","rovic trundler","10","10","6","Transactional","trolley","support term for a stocked-brand product page or brand hub (later batch)"
"N00921","royal golf carts","10","10","3","Commercial","buggy","category or hub supporting term"
"N00922","rxv elite golf cart","10","10","3","Informational","buggy","guide backlog (informational or navigational)"
"N00923","rxv golf carts","10","10","2","Commercial","buggy","category or hub supporting term"
