"keyword","where","page","role"
"buggies for sale","map","/","primary"
"golf buggy","map","/","supporting"
"golf buggy for sale","map","/shop/","primary"
"golf buggies for sale australia","map","/shop/","supporting"
"buy golf buggy","map","/shop/","supporting"
"best golf buggy australia","map","/shop/","supporting"
"golf buggy sales","map","/shop/","supporting"
"golf buggy price","map","/shop/","supporting"
"brand new golf cart","map","/shop/","supporting"
"electric golf buggy","map","/shop/electric-golf-buggies/","primary"
"electric golf buggy for sale","map","/shop/electric-golf-buggies/","supporting"
"electric golf buggies australia","map","/shop/electric-golf-buggies/","supporting"
"best electric golf buggy australia","map","/shop/electric-golf-buggies/","supporting"
"electric golf buggy with remote","map","/shop/electric-golf-buggies/","supporting"
"remote control electric golf buggy","map","/shop/electric-golf-buggies/","supporting"
"electric golf cart","map","/shop/electric-golf-buggies/","supporting"
"4 seater golf buggy for sale","map","/shop/luxury-4-seater/","primary"
"6 seater golf buggy","map","/shop/luxury-4-seater/","supporting"
"6 seater golf buggy for sale","map","/shop/luxury-4-seater/","supporting"
"4 seater golf cart","map","/shop/luxury-4-seater/","supporting"
"4 seater electric golf buggy","map","/shop/luxury-4-seater/","supporting"
"4 seat golf buggy for sale","map","/shop/luxury-4-seater/","supporting"
"4 passenger electric golf cart","map","/shop/luxury-4-seater/","supporting"
"luxury 6 seater golf cart","map","/shop/luxury-4-seater/","supporting"
"2 seater golf buggy for sale","map","/shop/traditional-2-seater/","primary"
"2 seater golf buggy","map","/shop/traditional-2-seater/","supporting"
"electric golf buggy 2 seater","map","/shop/traditional-2-seater/","supporting"
"two seater golf buggy","map","/shop/traditional-2-seater/","supporting"
"2 seat golf buggy","map","/shop/traditional-2-seater/","supporting"
"2 seater golf cart","map","/shop/traditional-2-seater/","supporting"
"2 person golf carts for sale","map","/shop/traditional-2-seater/","supporting"
"off road golf buggy","map","/shop/off-road-4x4/","primary"
"off road golf cart","map","/shop/off-road-4x4/","supporting"
"4x4 golf cart for sale","map","/shop/off-road-4x4/","supporting"
"4x4 electric golf cart","map","/shop/off-road-4x4/","supporting"
"lifted golf cart","map","/shop/off-road-4x4/","supporting"
"lifted golf buggy","map","/shop/off-road-4x4/","supporting"
"farm buggies for sale","map","/shop/commercial-utility/","primary"
"utility buggy for sale","map","/shop/commercial-utility/","supporting"
"electric utility buggy","map","/shop/commercial-utility/","supporting"
"utility golf buggy","map","/shop/commercial-utility/","supporting"
"farm buggy for sale australia","map","/shop/commercial-utility/","supporting"
"utility golf cart","map","/shop/commercial-utility/","supporting"
"petrol golf buggy for sale","map","/shop/mechanical-petrol/","primary"
"petrol golf buggy","map","/shop/mechanical-petrol/","supporting"
"petrol golf carts for sale","map","/shop/mechanical-petrol/","supporting"
"petrol golf cart","map","/shop/mechanical-petrol/","supporting"
"gas golf carts for sale","map","/shop/mechanical-petrol/","supporting"
"petrol powered golf cart","map","/shop/mechanical-petrol/","supporting"
"golf trolley","map","/shop/walk-behind-buggies/","primary"
"remote control golf buggy","map","/shop/walk-behind-buggies/","supporting"
"golf push buggy","map","/shop/walk-behind-buggies/","supporting"
"electric golf trolley","map","/shop/walk-behind-buggies/","supporting"
"motorised golf buggy","map","/shop/walk-behind-buggies/","supporting"
"electric golf caddy","map","/shop/walk-behind-buggies/","supporting"
"golf trolley for sale","map","/shop/walk-behind-buggies/","supporting"
"golf buggy battery","map","/shop/batteries-chargers/","primary"
"golf buggy battery lithium","map","/shop/batteries-chargers/","supporting"
"golf buggy battery replacement","map","/shop/batteries-chargers/","supporting"
"golf buggy charger","map","/shop/batteries-chargers/","supporting"
"golf cart batteries","map","/shop/batteries-chargers/","supporting"
"golf buggy accessories","map","/shop/accessories-spare-parts/","primary"
"golf buggy accessories australia","map","/shop/accessories-spare-parts/","supporting"
"golf buggy wheels","map","/shop/accessories-spare-parts/","supporting"
"golf buggy tyres","map","/shop/accessories-spare-parts/","supporting"
"golf cart accessories","map","/shop/accessories-spare-parts/","supporting"
"golf buggy parts australia","map","/blog/golf-buggy-parts-and-spares-australia-guide/","supporting"
"golf cart parts australia","map","/blog/golf-buggy-parts-and-spares-australia-guide/","supporting"
"golf cart parts","map","/shop/accessories-spare-parts/","supporting"
"junior golf buggy","map","/shop/junior-golf-buggies/","primary"
"kids golf buggy","map","/shop/junior-golf-buggies/","supporting"
"kids golf cart","map","/shop/junior-golf-buggies/","supporting"
"childrens golf buggy","map","/shop/junior-golf-buggies/","supporting"
"junior golf buggy australia","map","/shop/junior-golf-buggies/","supporting"
"junior golf carts for sale","map","/shop/junior-golf-buggies/","supporting"
"junior golf buggies","map","/shop/junior-golf-buggies/","supporting"
"golf buggy for sale gold coast","map","/delivery/gold-coast/","primary"
"golf buggy gold coast","map","/delivery/gold-coast/","supporting"
"golf buggies gold coast","map","/delivery/gold-coast/","supporting"
"golf carts gold coast","map","/delivery/gold-coast/","supporting"
"golf carts for sale gold coast","map","/delivery/gold-coast/","supporting"
"electric golf buggy for sale gold coast","map","/delivery/gold-coast/","supporting"
"yamaha golf carts gold coast","map","/delivery/gold-coast/","supporting"
"golf buggy for sale brisbane","map","/delivery/brisbane/","primary"
"golf buggy for sale qld","map","/delivery/brisbane/","supporting"
"golf buggies for sale brisbane","map","/delivery/brisbane/","supporting"
"golf carts for sale brisbane","map","/delivery/brisbane/","supporting"
"golf carts for sale qld","map","/delivery/brisbane/","supporting"
"electric golf buggies brisbane","map","/delivery/brisbane/","supporting"
"golf buggy batteries brisbane","map","/delivery/brisbane/","supporting"
"golf cart batteries brisbane","map","/delivery/brisbane/","supporting"
"golf buggy for sale sydney","map","/delivery/sydney/","primary"
"golf buggy for sale nsw","map","/delivery/sydney/","supporting"
"golf buggies for sale sydney","map","/delivery/sydney/","supporting"
"golf carts for sale sydney","map","/delivery/sydney/","supporting"
"electric golf buggies sydney","map","/delivery/sydney/","supporting"
"motorised golf buggies sydney","map","/delivery/sydney/","supporting"
"petrol golf carts for sale sydney","map","/delivery/sydney/","supporting"
"yamaha golf carts sydney","map","/delivery/sydney/","supporting"
"golf buggy for sale melbourne","map","/delivery/melbourne/","primary"
"golf buggies for sale victoria","map","/delivery/melbourne/","supporting"
"golf carts for sale melbourne","map","/delivery/melbourne/","supporting"
"golf carts for sale victoria","map","/delivery/melbourne/","supporting"
"electric golf buggies melbourne","map","/delivery/melbourne/","supporting"
"golf buggy batteries melbourne","map","/delivery/melbourne/","supporting"
"yamaha golf carts melbourne","map","/delivery/melbourne/","supporting"
"golf buggy for sale adelaide","map","/delivery/adelaide/","primary"
"golf buggies adelaide","map","/delivery/adelaide/","supporting"
"golf carts for sale adelaide","map","/delivery/adelaide/","supporting"
"golf carts for sale south australia","map","/delivery/adelaide/","supporting"
"buggy for sale south australia","map","/delivery/adelaide/","supporting"
"golf cars adelaide","map","/delivery/adelaide/","supporting"
"electric golf buggies adelaide","map","/delivery/adelaide/","supporting"
"electric golf buggy for sale adelaide","map","/delivery/adelaide/","supporting"
"golf buggy for sale perth","map","/delivery/perth/","primary"
"golf buggies perth","map","/delivery/perth/","supporting"
"golf carts for sale perth","map","/delivery/perth/","supporting"
"golf carts for sale wa","map","/delivery/perth/","supporting"
"electric golf buggy for sale perth","map","/delivery/perth/","supporting"
"electric golf buggies perth","map","/delivery/perth/","supporting"
"motorised golf buggies perth","map","/delivery/perth/","supporting"
"golf carts perth","map","/delivery/perth/","supporting"
"atlas golf carts for sale","map","/shop/luxury-4-seater/atlas-4-passenger-lifted-lithium-buggy/","primary"
"atlas golf carts reviews","map","/shop/luxury-4-seater/atlas-4-passenger-lifted-lithium-buggy/","supporting"
"evolution d5 golf cart for sale","map","/shop/luxury-4-seater/evolution-d5-ranger-4-plus-2/","primary"
"evolution d5 golf cart price","map","/shop/luxury-4-seater/evolution-d5-ranger-4-plus-2/","supporting"
"buy evolution d5 golf cart","map","/shop/luxury-4-seater/evolution-d5-ranger-4-plus-2/","supporting"
"evolution d5 golf cart cost","map","/shop/luxury-4-seater/evolution-d5-ranger-4-plus-2/","supporting"
"evolution d5 golf cart reviews","map","/shop/luxury-4-seater/evolution-d5-ranger-4-plus-2/","supporting"
"evolution 6 seater golf cart","map","/shop/luxury-4-seater/evolution-d5-ranger-4-plus-2/","supporting"
"evolution d5 golf carts","map","/shop/luxury-4-seater/evolution-d5-ranger-4-plus-2/","supporting"
"club car onward for sale","map","/shop/luxury-4-seater/club-car-onward-4-passenger-lithium/","primary"
"club car onward 4 passenger for sale","map","/shop/luxury-4-seater/club-car-onward-4-passenger-lithium/","supporting"
"club car onward 4 passenger price","map","/shop/luxury-4-seater/club-car-onward-4-passenger-lithium/","supporting"
"club car onward 4 seater","map","/shop/luxury-4-seater/club-car-onward-4-passenger-lithium/","supporting"
"club car onward price","map","/shop/luxury-4-seater/club-car-onward-4-passenger-lithium/","supporting"
"club car onward 4 passenger","map","/shop/luxury-4-seater/club-car-onward-4-passenger-lithium/","supporting"
"onward golf cart for sale","map","/shop/luxury-4-seater/club-car-onward-4-passenger-lithium/","supporting"
"tara golf carts price","map","/shop/luxury-4-seater/tara-roadster-2-plus-2-lifted/","primary"
"tara roadster 2 golf cart reviews","map","/shop/luxury-4-seater/tara-roadster-2-plus-2-lifted/","supporting"
"tara roadster 2 golf cart","map","/shop/luxury-4-seater/tara-roadster-2-plus-2-lifted/","supporting"
"ezgo express l6 for sale","map","/shop/luxury-4-seater/ezgo-express-l6-lithium/","primary"
"ezgo express l6 price","map","/shop/luxury-4-seater/ezgo-express-l6-lithium/","supporting"
"ezgo 6 seater golf cart","map","/shop/luxury-4-seater/ezgo-express-l6-lithium/","supporting"
"resort buggy for sale","map","/shop/luxury-4-seater/lvtong-4-seater-resort-cruiser/","primary"
"4 seater electric golf cart","map","/shop/luxury-4-seater/lvtong-4-seater-resort-cruiser/","supporting"
"4 seat electric golf cart","map","/shop/luxury-4-seater/lvtong-4-seater-resort-cruiser/","supporting"
"lv tong electric golf carts","map","/shop/luxury-4-seater/lvtong-4-seater-resort-cruiser/","supporting"
"lvtong maintenance free battery","map","/shop/luxury-4-seater/lvtong-4-seater-resort-cruiser/","supporting"
"club car tempo for sale","map","/shop/traditional-2-seater/club-car-tempo-lithium-2025/","primary"
"club car tempo price","map","/shop/traditional-2-seater/club-car-tempo-lithium-2025/","supporting"
"club car tempo electric","map","/shop/traditional-2-seater/club-car-tempo-lithium-2025/","supporting"
"tempo golf cart for sale","map","/shop/traditional-2-seater/club-car-tempo-lithium-2025/","supporting"
"ezgo rxv elite for sale","map","/shop/traditional-2-seater/ezgo-rxv-elite-lithium/","primary"
"ezgo elite golf cart for sale","map","/shop/traditional-2-seater/ezgo-rxv-elite-lithium/","supporting"
"ezgo elite golf cart price","map","/shop/traditional-2-seater/ezgo-rxv-elite-lithium/","supporting"
"ezgo rxv golf cart for sale","map","/shop/traditional-2-seater/ezgo-rxv-elite-lithium/","supporting"
"ezgo rxv golf cart price","map","/shop/traditional-2-seater/ezgo-rxv-elite-lithium/","supporting"
"ezgo rxv electric golf cart","map","/shop/traditional-2-seater/ezgo-rxv-elite-lithium/","supporting"
"ezgo rxv","map","/shop/traditional-2-seater/ezgo-rxv-elite-lithium/","supporting"
"yamaha drive2 golf cart for sale","map","/shop/traditional-2-seater/yamaha-drive2-ac-lithium/","primary"
"yamaha drive 2 golf cart for sale","map","/shop/traditional-2-seater/yamaha-drive2-ac-lithium/","supporting"
"yamaha drive 2 golf cart price","map","/shop/traditional-2-seater/yamaha-drive2-ac-lithium/","supporting"
"yamaha drive 2 electric golf cart","map","/shop/traditional-2-seater/yamaha-drive2-ac-lithium/","supporting"
"yamaha electric carts","map","/shop/traditional-2-seater/yamaha-drive2-ac-lithium/","supporting"
"electric golf cart yamaha","map","/shop/traditional-2-seater/yamaha-drive2-ac-lithium/","supporting"
"tara electric golf cart","map","/shop/traditional-2-seater/tara-spirit-pro-2-seater/","primary"
"2 seater electric golf carts","map","/shop/traditional-2-seater/tara-spirit-pro-2-seater/","supporting"
"2 seat electric golf cart","map","/shop/traditional-2-seater/tara-spirit-pro-2-seater/","supporting"
"2 person electric golf cart","map","/shop/traditional-2-seater/lvtong-2-passenger-golf-buggy/","primary"
"2 person golf cart","map","/shop/traditional-2-seater/lvtong-2-passenger-golf-buggy/","supporting"
"two seater electric golf cart","map","/shop/traditional-2-seater/lvtong-2-passenger-golf-buggy/","supporting"
"lv tong australia golf carts","map","/shop/traditional-2-seater/lvtong-2-passenger-golf-buggy/","supporting"
"evolution golf carts for sale","map","/shop/traditional-2-seater/evolution-classic-2-plus/","primary"
"evolution 2 seater golf carts","map","/shop/traditional-2-seater/evolution-classic-2-plus/","supporting"
"evolution golf carts near me","map","/shop/traditional-2-seater/evolution-classic-2-plus/","supporting"
"atlas golf carts price","map","/shop/off-road-4x4/atlas-4-seater-heavy-duty-lifted-350a/","primary"
"atlas golf cart price range","map","/shop/off-road-4x4/atlas-4-seater-heavy-duty-lifted-350a/","supporting"
"atlas golf carts for sale near me","map","/shop/off-road-4x4/atlas-4-seater-heavy-duty-lifted-350a/","supporting"
"atlas golf cart reviews consumer reports","map","/shop/off-road-4x4/atlas-4-seater-heavy-duty-lifted-350a/","supporting"
"evolution electric golf cart","map","/shop/off-road-4x4/evolution-d-max-gt4-off-road/","primary"
"evolution golf cart reviews","map","/shop/off-road-4x4/evolution-d-max-gt4-off-road/","supporting"
"ezgo express s4 for sale","map","/shop/off-road-4x4/ezgo-express-s4-lifted-high-torque/","primary"
"ezgo express s4 price","map","/shop/off-road-4x4/ezgo-express-s4-lifted-high-torque/","supporting"
"ezgo express s4 reviews","map","/shop/off-road-4x4/ezgo-express-s4-lifted-high-torque/","supporting"
"ezgo golf cart lifted","map","/shop/off-road-4x4/ezgo-express-s4-lifted-high-torque/","supporting"
"ezgo express s4 elite for sale","map","/shop/off-road-4x4/ezgo-express-s4-lifted-high-torque/","supporting"
"all terrain golf cart for sale","map","/shop/off-road-4x4/lvtong-rough-terrain-lifted-buggy/","primary"
"club car onward lifted","map","/shop/off-road-4x4/club-car-onward-lifted-efi-petrol/","primary"
"club car onward lifted 4 passenger","map","/shop/off-road-4x4/club-car-onward-lifted-efi-petrol/","supporting"
"club car lifted golf carts","map","/shop/off-road-4x4/club-car-onward-lifted-efi-petrol/","supporting"
"roadster golf cart for sale","map","/shop/off-road-4x4/tara-roadster-4-off-road/","primary"
"club car carryall 700 for sale","map","/shop/commercial-utility/club-car-carryall-700-electric-utility/","primary"
"club car carryall 700 price","map","/shop/commercial-utility/club-car-carryall-700-electric-utility/","supporting"
"club car utility golf cart","map","/shop/commercial-utility/club-car-carryall-700-electric-utility/","supporting"
"cushman utility cart for sale","map","/shop/commercial-utility/ezgo-cushman-hauler-pro-lithium/","primary"
"cushman electric utility cart","map","/shop/commercial-utility/ezgo-cushman-hauler-pro-lithium/","supporting"
"cushman electric cart","map","/shop/commercial-utility/ezgo-cushman-hauler-pro-lithium/","supporting"
"cushman utility cart","map","/shop/commercial-utility/ezgo-cushman-hauler-pro-lithium/","supporting"
"cushman electric golf cart","map","/shop/commercial-utility/ezgo-cushman-hauler-pro-lithium/","supporting"
"yamaha umax utility cart for sale","map","/shop/commercial-utility/yamaha-umax-rally-efi-petrol/","primary"
"yamaha umax utility cart","map","/shop/commercial-utility/yamaha-umax-rally-efi-petrol/","supporting"
"evolution golf cart price","map","/shop/commercial-utility/evolution-700-heavy-commercial-utility/","primary"
"evolution golf cart dealers","map","/shop/commercial-utility/evolution-700-heavy-commercial-utility/","supporting"
"flatbed golf cart for sale","map","/shop/commercial-utility/lvtong-commercial-flatbed-cargo-buggy/","primary"
"electric flatbed golf cart","map","/shop/commercial-utility/lvtong-commercial-flatbed-cargo-buggy/","supporting"
"electric cargo golf cart","map","/shop/commercial-utility/lvtong-commercial-flatbed-cargo-buggy/","supporting"
"cargo golf cart for sale","map","/shop/commercial-utility/lvtong-commercial-flatbed-cargo-buggy/","supporting"
"cargo buggy for sale","map","/shop/commercial-utility/lvtong-commercial-flatbed-cargo-buggy/","supporting"
"electric buggy with tray","map","/shop/commercial-utility/lvtong-commercial-flatbed-cargo-buggy/","supporting"
"golf buggy with tray for sale","map","/shop/commercial-utility/lvtong-commercial-flatbed-cargo-buggy/","supporting"
"club car transporter golf carts for sale","map","/shop/commercial-utility/club-car-transporter-6-commercial/","primary"
"club car golf buggy for sale","map","/shop/commercial-utility/club-car-transporter-6-commercial/","supporting"
"club car golf buggy","map","/shop/commercial-utility/club-car-transporter-6-commercial/","supporting"
"yamaha petrol golf buggy for sale","map","/shop/mechanical-petrol/yamaha-drive2-quiettech-efi-petrol/","primary"
"yamaha petrol golf cart for sale","map","/shop/mechanical-petrol/yamaha-drive2-quiettech-efi-petrol/","supporting"
"yamaha petrol golf cart price","map","/shop/mechanical-petrol/yamaha-drive2-quiettech-efi-petrol/","supporting"
"yamaha efi golf cart for sale","map","/shop/mechanical-petrol/yamaha-drive2-quiettech-efi-petrol/","supporting"
"yamaha efi golf cart price","map","/shop/mechanical-petrol/yamaha-drive2-quiettech-efi-petrol/","supporting"
"yamaha gas golf cart for sale","map","/shop/mechanical-petrol/yamaha-drive2-quiettech-efi-petrol/","supporting"
"club car petrol golf buggy","map","/shop/mechanical-petrol/club-car-tempo-efi-petrol/","primary"
"club car petrol golf cart","map","/shop/mechanical-petrol/club-car-tempo-efi-petrol/","supporting"
"club car petrol golf carts for sale","map","/shop/mechanical-petrol/club-car-tempo-efi-petrol/","supporting"
"club car tempo gas","map","/shop/mechanical-petrol/club-car-tempo-efi-petrol/","supporting"
"ezgo freedom rxv for sale","map","/shop/mechanical-petrol/ezgo-freedom-rxv-gas/","primary"
"ezgo gas golf cart for sale","map","/shop/mechanical-petrol/ezgo-freedom-rxv-gas/","supporting"
"ezgo rxv gas golf cart","map","/shop/mechanical-petrol/ezgo-freedom-rxv-gas/","supporting"
"ezgo freedom rxv price australia","map","/shop/mechanical-petrol/ezgo-freedom-rxv-gas/","supporting"
"ezgo freedom golf cart for sale","map","/shop/mechanical-petrol/ezgo-freedom-rxv-gas/","supporting"
"ezgo rxv freedom ex1 gas","map","/shop/mechanical-petrol/ezgo-freedom-rxv-gas/","supporting"
"cushman golf cart for sale","map","/shop/mechanical-petrol/cushman-hauler-1200-gas-utility/","primary"
"cushman carts for sale","map","/shop/mechanical-petrol/cushman-hauler-1200-gas-utility/","supporting"
"cushman buggy for sale","map","/shop/mechanical-petrol/cushman-hauler-1200-gas-utility/","supporting"
"cushman cart models","map","/shop/mechanical-petrol/cushman-hauler-1200-gas-utility/","supporting"
"yamaha umax golf cart for sale","map","/shop/mechanical-petrol/yamaha-umax-one-efi-utility/","primary"
"club car carryall for sale","map","/shop/mechanical-petrol/club-car-carryall-300-petrol/","primary"
"club car carryall price","map","/shop/mechanical-petrol/club-car-carryall-300-petrol/","supporting"
"mgi ai navigator gps+ remote golf buggy","map","/shop/walk-behind-buggies/mgi-ai-navigator-gps-remote-buggy/","primary"
"mgi ai navigator gps+ buggy","map","/shop/walk-behind-buggies/mgi-ai-navigator-gps-remote-buggy/","supporting"
"mgi golf buggy remote control","map","/shop/walk-behind-buggies/mgi-ai-navigator-gps-remote-buggy/","supporting"
"mgi ai navigator gps+ review","map","/shop/walk-behind-buggies/mgi-ai-navigator-gps-remote-buggy/","supporting"
"mgi navigator","map","/shop/walk-behind-buggies/mgi-ai-navigator-gps-remote-buggy/","supporting"
"mgi ai navigator gps+","map","/shop/walk-behind-buggies/mgi-ai-navigator-gps-remote-buggy/","supporting"
"mgi zip navigator all terrain motorised golf buggy","map","/shop/walk-behind-buggies/mgi-zip-navigator-all-terrain/","primary"
"mgi navigator all terrain","map","/shop/walk-behind-buggies/mgi-zip-navigator-all-terrain/","supporting"
"mgi navigator all terrain golf buggy reviews","map","/shop/walk-behind-buggies/mgi-zip-navigator-all-terrain/","supporting"
"mgi zip navigator","map","/shop/walk-behind-buggies/mgi-zip-navigator-all-terrain/","supporting"
"mgi zip navigator all terrain","map","/shop/walk-behind-buggies/mgi-zip-navigator-all-terrain/","supporting"
"mgi zip x5 motorised golf buggy","map","/shop/walk-behind-buggies/mgi-2024-zip-x5-36-hole-lithium/","primary"
"mgi zip x5 review","map","/shop/walk-behind-buggies/mgi-2024-zip-x5-36-hole-lithium/","supporting"
"mgi zip x5 best price","map","/shop/walk-behind-buggies/mgi-2024-zip-x5-36-hole-lithium/","supporting"
"mgi zip x5 electric golf cart","map","/shop/walk-behind-buggies/mgi-2024-zip-x5-36-hole-lithium/","supporting"
"powakaddy fx7 gps electric golf trolley","map","/shop/walk-behind-buggies/powakaddy-fx7-gps-lithium/","primary"
"powakaddy fx7 gps","map","/shop/walk-behind-buggies/powakaddy-fx7-gps-lithium/","supporting"
"powakaddy fx7 review","map","/shop/walk-behind-buggies/powakaddy-fx7-gps-lithium/","supporting"
"powakaddy electric golf buggies","map","/shop/walk-behind-buggies/powakaddy-fx7-gps-lithium/","supporting"
"powakaddy golf trolley","map","/shop/walk-behind-buggies/powakaddy-fx7-gps-lithium/","supporting"
"fx7 powakaddy","map","/shop/walk-behind-buggies/powakaddy-fx7-gps-lithium/","supporting"
"powakaddy fx7 ebs","map","/shop/walk-behind-buggies/powakaddy-fx7-gps-lithium/","supporting"
"follow me remote control golf trolley","map","/shop/walk-behind-buggies/robera-pro-follow-remote-golf-buggy/","primary"
"follow me golf buggy australia","map","/shop/walk-behind-buggies/robera-pro-follow-remote-golf-buggy/","supporting"
"follow golf buggy","map","/shop/walk-behind-buggies/robera-pro-follow-remote-golf-buggy/","supporting"
"best follow me golf cart","map","/shop/walk-behind-buggies/robera-pro-follow-remote-golf-buggy/","supporting"
"electric follow golf cart","map","/shop/walk-behind-buggies/robera-pro-follow-remote-golf-buggy/","supporting"
"mgi zip x1 motorised golf buggy","map","/shop/walk-behind-buggies/mgi-zip-x1-lithium-buggy/","primary"
"mgi zip x1 review","map","/shop/walk-behind-buggies/mgi-zip-x1-lithium-buggy/","supporting"
"mgi zip x1 price","map","/shop/walk-behind-buggies/mgi-zip-x1-lithium-buggy/","supporting"
"mgi x1 electric golf trolley","map","/shop/walk-behind-buggies/mgi-zip-x1-lithium-buggy/","supporting"
"mgi zip x1","map","/shop/walk-behind-buggies/mgi-zip-x1-lithium-buggy/","supporting"
"golf cart electric conversion kit","map","/shop/batteries-chargers/eco-battery-48v-105ah-lithium-conversion-kit/","primary"
"electric golf cart conversion","map","/shop/batteries-chargers/eco-battery-48v-105ah-lithium-conversion-kit/","supporting"
"golf push cart electric conversion kit","map","/shop/batteries-chargers/eco-battery-48v-105ah-lithium-conversion-kit/","supporting"
"electric golf buggy lithium battery","map","/shop/batteries-chargers/roypow-48v-105ah-lithium-battery-pack/","primary"
"electric buggy 48v","map","/shop/batteries-chargers/invicta-48v-50ah-lithium-drop-in-module/","primary"
"lead acid battery for golf trolley","map","/shop/batteries-chargers/trojan-t-875-8v-deep-cycle-lead-acid-battery/","primary"
"on board golf cart charger","map","/shop/batteries-chargers/delta-q-quiq-48v-smart-on-board-charger/","primary"
"golf cart charger","map","/shop/batteries-chargers/delta-q-quiq-48v-smart-on-board-charger/","supporting"
"golf cart charger for sale","map","/shop/batteries-chargers/delta-q-quiq-48v-smart-on-board-charger/","supporting"
"club car golf cart battery charger","map","/shop/batteries-chargers/club-car-eric-48v-high-frequency-charger/","primary"
"club car golf buggy charger","map","/shop/batteries-chargers/club-car-eric-48v-high-frequency-charger/","supporting"
"mgi golf buggy lithium battery","map","/shop/batteries-chargers/mgi-24v-lithium-battery-36-hole/","primary"
"mgi golf buggy battery","map","/shop/batteries-chargers/mgi-24v-lithium-battery-36-hole/","supporting"
"mgi zip navigator battery","map","/shop/batteries-chargers/mgi-24v-lithium-battery-36-hole/","supporting"
"lithium battery for golf trolley","map","/shop/batteries-chargers/mgi-24v-lithium-battery-36-hole/","supporting"
"electric golf cart controller","map","/shop/accessories-spare-parts/curtis-1268-400a-programmable-motor-controller/","primary"
"electric golf cart motor controller","map","/shop/accessories-spare-parts/curtis-1268-400a-programmable-motor-controller/","supporting"
"electric golf cart speed controller","map","/shop/accessories-spare-parts/curtis-1268-400a-programmable-motor-controller/","supporting"
"golf buggy controller","map","/shop/accessories-spare-parts/curtis-1268-400a-programmable-motor-controller/","supporting"
"golf buggy speed controller","map","/shop/accessories-spare-parts/curtis-1268-400a-programmable-motor-controller/","supporting"
"48v golf cart controller","map","/shop/accessories-spare-parts/curtis-1268-400a-programmable-motor-controller/","supporting"
"golf cart controllers for sale","map","/shop/accessories-spare-parts/navitas-600a-ac-controller-upgrade-kit/","primary"
"best golf cart controller","map","/shop/accessories-spare-parts/navitas-600a-ac-controller-upgrade-kit/","supporting"
"how much is a controller for a golf cart","map","/shop/accessories-spare-parts/navitas-600a-ac-controller-upgrade-kit/","supporting"
"golf cart controller replacement","map","/shop/accessories-spare-parts/navitas-600a-ac-controller-upgrade-kit/","supporting"
"best golf cart dc converter","map","/shop/batteries-chargers/universal-48v-to-12v-30a-voltage-reducer/","primary"
"12v accessories for golf cart","map","/shop/batteries-chargers/universal-48v-to-12v-30a-voltage-reducer/","supporting"
"golf cart dc converter","map","/shop/batteries-chargers/universal-48v-to-12v-30a-voltage-reducer/","supporting"
"golf cart lights","map","/shop/accessories-spare-parts/madjax-alpha-lux-street-legal-led-light-kit/","primary"
"golf cart turn signal kit","map","/shop/accessories-spare-parts/madjax-alpha-lux-street-legal-led-light-kit/","supporting"
"universal golf cart headlight kit","map","/shop/accessories-spare-parts/madjax-alpha-lux-street-legal-led-light-kit/","supporting"
"golf cart brake parts","map","/shop/accessories-spare-parts/heavy-duty-4-wheel-hydraulic-disc-brake-kit/","primary"
"golf buggy enclosures for sale","map","/shop/accessories-spare-parts/all-weather-heavy-duty-pvc-enclosure/","primary"
"golf buggy enclosures","map","/shop/accessories-spare-parts/all-weather-heavy-duty-pvc-enclosure/","supporting"
"golf cart wheels and tyres","map","/shop/accessories-spare-parts/all-terrain-23x10-5-12-wheel-tyre-combo/","primary"
"golf cart tyres","map","/shop/accessories-spare-parts/all-terrain-23x10-5-12-wheel-tyre-combo/","supporting"
"golf cart wheels","map","/shop/accessories-spare-parts/all-terrain-23x10-5-12-wheel-tyre-combo/","supporting"
"golf cart wheels and rims","map","/shop/accessories-spare-parts/all-terrain-23x10-5-12-wheel-tyre-combo/","supporting"
"golf buggy tyres wheels","map","/shop/accessories-spare-parts/all-terrain-23x10-5-12-wheel-tyre-combo/","supporting"
"all terrain golf cart tires","map","/shop/accessories-spare-parts/all-terrain-23x10-5-12-wheel-tyre-combo/","supporting"
"replacement golf buggy wheels","map","/shop/accessories-spare-parts/all-terrain-23x10-5-12-wheel-tyre-combo/","supporting"
"golf cart windshield parts","map","/shop/accessories-spare-parts/foldable-tinted-acrylic-windshield-system/","primary"
"48v golf cart solenoid","map","/shop/accessories-spare-parts/heavy-duty-solenoid-albright-48vdc-200a/","primary"
"48 volt golf cart solenoid","map","/shop/accessories-spare-parts/heavy-duty-solenoid-albright-48vdc-200a/","supporting"
"golf cart solenoid replacement","map","/shop/accessories-spare-parts/heavy-duty-solenoid-albright-48vdc-200a/","supporting"
"mgi remote golf buggy","map","/shop/accessories-spare-parts/replacement-mgi-ai-zip-remote-controller/","primary"
"mgi golf buggy remote control replacement","map","/shop/accessories-spare-parts/replacement-mgi-ai-zip-remote-controller/","supporting"
"mgi zip navigator replacement remote","map","/shop/accessories-spare-parts/replacement-mgi-ai-zip-remote-controller/","supporting"
"golf cart mirrors near me","map","/shop/accessories-spare-parts/golf-cart-side-mirrors-integrated-led-indicators/","primary"
"golf cart rear flip seat","map","/shop/accessories-spare-parts/heavy-duty-rear-flip-seat-kit-2-to-4/","primary"
"golf cart folding rear seat","map","/shop/accessories-spare-parts/heavy-duty-rear-flip-seat-kit-2-to-4/","supporting"
"golf cart rear seat kit","map","/shop/accessories-spare-parts/heavy-duty-rear-flip-seat-kit-2-to-4/","supporting"
"golf cart rear seat","map","/shop/accessories-spare-parts/heavy-duty-rear-flip-seat-kit-2-to-4/","supporting"
"golf cart rear seat replacement parts","map","/shop/accessories-spare-parts/heavy-duty-rear-flip-seat-kit-2-to-4/","supporting"
"solar charging golf cart","map","/shop/batteries-chargers/golf-cart-solar-charging-panel-expansion-kit/","primary"
"solar golf cart","map","/shop/batteries-chargers/golf-cart-solar-charging-panel-expansion-kit/","supporting"
"solar powered golf buggy","map","/shop/batteries-chargers/golf-cart-solar-charging-panel-expansion-kit/","supporting"
"solar charge golf cart","map","/shop/batteries-chargers/golf-cart-solar-charging-panel-expansion-kit/","supporting"
"golf cart solar power","map","/shop/batteries-chargers/golf-cart-solar-charging-panel-expansion-kit/","supporting"
"solar powered golf carts for sale","map","/shop/batteries-chargers/golf-cart-solar-charging-panel-expansion-kit/","supporting"
"golf cart speaker mounts","map","/shop/accessories-spare-parts/waterproof-marine-grade-bluetooth-soundbar/","primary"
"bluetooth golf cart","map","/shop/accessories-spare-parts/waterproof-marine-grade-bluetooth-soundbar/","supporting"
"golf cart with stereo","map","/shop/accessories-spare-parts/waterproof-marine-grade-bluetooth-soundbar/","supporting"
"golf cart seat belts","map","/shop/accessories-spare-parts/retractable-seatbelt-system-set/","primary"
"golf cart seat belt kit","map","/shop/accessories-spare-parts/retractable-seatbelt-system-set/","supporting"
"golf cart retractable seat belts","map","/shop/accessories-spare-parts/retractable-seatbelt-system-set/","supporting"
"do golf carts have seat belts","map","/shop/accessories-spare-parts/retractable-seatbelt-system-set/","supporting"
"golf sand bottle","map","/shop/accessories-spare-parts/heavy-duty-sand-bottle-assembly-dual-set/","primary"
"what is a sand bottle used for in golf","map","/shop/accessories-spare-parts/heavy-duty-sand-bottle-assembly-dual-set/","supporting"
"club car golf carts","map","/shop/brand/club-car/","primary"
"club car golf carts for sale","map","/shop/brand/club-car/","supporting"
"club car golf carts australia","map","/shop/brand/club-car/","supporting"
"clubcar golf carts","map","/shop/brand/club-car/","supporting"
"club car electric cart","map","/shop/brand/club-car/","supporting"
"club car buggy","map","/shop/brand/club-car/","supporting"
"club car electric golf cart","map","/shop/brand/club-car/","supporting"
"mgi golf buggy","map","/shop/brand/mgi/","primary"
"mgi golf cart","map","/shop/brand/mgi/","supporting"
"mgi golf buggy australia","map","/shop/brand/mgi/","supporting"
"mgi buggy","map","/shop/brand/mgi/","supporting"
"mgi electric golf buggy","map","/shop/brand/mgi/","supporting"
"mgi golf buggy for sale","map","/shop/brand/mgi/","supporting"
"mgi electric golf buggy australia","map","/shop/brand/mgi/","supporting"
"ezgo golf buggy","map","/shop/brand/e-z-go/","primary"
"ezgo golf carts australia","map","/shop/brand/e-z-go/","supporting"
"ezgo golf cart","map","/shop/brand/e-z-go/","supporting"
"ezgo golf cart for sale","map","/shop/brand/e-z-go/","supporting"
"ezgo golf buggy for sale","map","/shop/brand/e-z-go/","supporting"
"ezgo golf carts for sale australia","map","/shop/brand/e-z-go/","supporting"
"ezgo electric cart","map","/shop/brand/e-z-go/","supporting"
"yamaha golf carts for sale","map","/shop/brand/yamaha/","primary"
"yamaha golf cart","map","/shop/brand/yamaha/","supporting"
"yamaha golf carts australia","map","/shop/brand/yamaha/","supporting"
"yamaha golf buggy","map","/shop/brand/yamaha/","supporting"
"yamaha golf cart prices australia","map","/shop/brand/yamaha/","supporting"
"yamaha petrol golf cart","map","/shop/brand/yamaha/","supporting"
"buy yamaha golf cart","map","/shop/brand/yamaha/","supporting"
"buy evolution golf cart","map","/shop/brand/evolution/","primary"
"evolution golf carts","map","/shop/brand/evolution/","supporting"
"evolution golf carts australia","map","/shop/brand/evolution/","supporting"
"new evolution golf cart","map","/shop/brand/evolution/","supporting"
"evolution electric golf cart reviews","map","/shop/brand/evolution/","supporting"
"lvtong golf carts","map","/shop/brand/lvtong/","primary"
"lvtong golf cart reviews","map","/shop/brand/lvtong/","supporting"
"lvtong golf cart for sale","map","/shop/brand/lvtong/","supporting"
"lvtong golf cart price","map","/shop/brand/lvtong/","supporting"
"lvtong golf buggy","map","/shop/brand/lvtong/","supporting"
"lvtong buggy","map","/shop/brand/lvtong/","supporting"
"lvtong carts","map","/shop/brand/lvtong/","supporting"
"lvtong","map","/shop/brand/lvtong/","supporting"
"lvtong price","map","/shop/brand/lvtong/","supporting"
"best lvtong golf carts dealer in australia","map","/shop/brand/lvtong/","supporting"
"lvtong electric golf carts with warranty","map","/shop/brand/lvtong/","supporting"
"lvtong golf carts with lithium battery upgrade","map","/shop/brand/lvtong/","supporting"
"lvtong golf cart reviews australia","map","/shop/brand/lvtong/","supporting"
"lv tong utility vehicles","map","/shop/brand/lvtong/","supporting"
"tara golf buggy","map","/shop/brand/tara/","primary"
"tara ev golf cart","map","/shop/brand/tara/","supporting"
"tara golf carts","map","/shop/brand/tara/","supporting"
"tara golf cart reviews","map","/shop/brand/tara/","supporting"
"atlas golf carts","map","/shop/brand/atlas/","primary"
"atlas golf carts australia","map","/shop/brand/atlas/","supporting"
"atlas golf buggy","map","/shop/brand/atlas/","supporting"
"atlas golf carts near me","map","/shop/brand/atlas/","supporting"
"cushman electric cart for sale","map","/shop/brand/cushman/","primary"
"cushman golf buggy","map","/shop/brand/cushman/","supporting"
"cushman golf cart","map","/shop/brand/cushman/","supporting"
"cushman cart","map","/shop/brand/cushman/","supporting"
"cushman buggies","map","/shop/brand/cushman/","supporting"
"cushman gas golf cart","map","/shop/brand/cushman/","supporting"
"powakaddy golf buggy","map","/shop/brand/powakaddy/","primary"
"powakaddy buggy","map","/shop/brand/powakaddy/","supporting"
"powakaddy golf carts","map","/shop/brand/powakaddy/","supporting"
"powakaddy trolley","map","/shop/brand/powakaddy/","supporting"
"best powakaddy trolley","map","/shop/brand/powakaddy/","supporting"
"electric golf trolley powakaddy","map","/shop/brand/powakaddy/","supporting"
"robera golf buggy","map","/shop/brand/robera/","primary"
"robera golf trolley","map","/shop/brand/robera/","supporting"
"follow me golf cart reviews","map","/shop/brand/robera/","supporting"
"follow golf cart reviews","map","/shop/brand/robera/","supporting"
"4 seat golf cart","map","/blog/buying-a-4-seater-golf-buggy-in-australia-rules-and-guide/","primary"
"6 seater golf cart","map","/blog/buying-a-4-seater-golf-buggy-in-australia-rules-and-guide/","supporting"
"6 seat golf buggy","map","/blog/buying-a-4-seater-golf-buggy-in-australia-rules-and-guide/","supporting"
"six seater golf cart","map","/blog/buying-a-4-seater-golf-buggy-in-australia-rules-and-guide/","supporting"
"four person golf carts","map","/blog/buying-a-4-seater-golf-buggy-in-australia-rules-and-guide/","supporting"
"best 4 person golf cart","map","/blog/buying-a-4-seater-golf-buggy-in-australia-rules-and-guide/","supporting"
"5 person golf cart","map","/blog/buying-a-4-seater-golf-buggy-in-australia-rules-and-guide/","supporting"
"four wheel drive golf carts","map","/blog/lifted-4x4-golf-carts-acreage-and-farm-performance/","primary"
"4wd electric golf cart","map","/blog/lifted-4x4-golf-carts-acreage-and-farm-performance/","supporting"
"four wheel drive electric golf cart","map","/blog/lifted-4x4-golf-carts-acreage-and-farm-performance/","supporting"
"lifted electric golf cart","map","/blog/lifted-4x4-golf-carts-acreage-and-farm-performance/","supporting"
"custom lifted golf cart","map","/blog/lifted-4x4-golf-carts-acreage-and-farm-performance/","supporting"
"golf buggy service","map","/blog/golf-buggy-maintenance-checklist-australian-climates/","primary"
"golf cart service","map","/blog/golf-buggy-maintenance-checklist-australian-climates/","supporting"
"electric golf cart utility vehicle","map","/blog/commercial-utility-golf-buggies-resorts-and-industrial-parks/","primary"
"golf cart utility vehicle","map","/blog/commercial-utility-golf-buggies-resorts-and-industrial-parks/","supporting"
"golf buggy utility vehicle","map","/blog/commercial-utility-golf-buggies-resorts-and-industrial-parks/","supporting"
"8 person golf carts","map","/blog/commercial-utility-golf-buggies-resorts-and-industrial-parks/","supporting"
"remote controlled golf buggy","map","/blog/remote-control-golf-buggy-australia-buyers-guide/","primary"
"remote control golf buggy australia","map","/blog/remote-control-golf-buggy-australia-buyers-guide/","supporting"
"remote golf buggy australia","map","/blog/remote-control-golf-buggy-australia-buyers-guide/","supporting"
"remote control golf caddy","map","/blog/remote-control-golf-buggy-australia-buyers-guide/","supporting"
"best golf push buggy australia","map","/blog/best-push-golf-buggy-australia-3-wheel-vs-4-wheel-review/","primary"
"best golf push buggy","map","/blog/best-push-golf-buggy-australia-3-wheel-vs-4-wheel-review/","supporting"
"3 wheel golf buggy","map","/blog/best-push-golf-buggy-australia-3-wheel-vs-4-wheel-review/","supporting"
"three wheel golf buggy","map","/blog/best-push-golf-buggy-australia-3-wheel-vs-4-wheel-review/","supporting"
"4 wheel golf buggy","map","/blog/best-push-golf-buggy-australia-3-wheel-vs-4-wheel-review/","supporting"
"3 wheel golf push buggy","map","/blog/best-push-golf-buggy-australia-3-wheel-vs-4-wheel-review/","supporting"
"foldable golf buggy","map","/blog/foldable-golf-buggy-buyers-guide-boot-space-weight/","primary"
"folding golf buggy","map","/blog/foldable-golf-buggy-buyers-guide-boot-space-weight/","supporting"
"compact golf buggy","map","/blog/foldable-golf-buggy-buyers-guide-boot-space-weight/","supporting"
"folding golf buggy australia","map","/blog/foldable-golf-buggy-buyers-guide-boot-space-weight/","supporting"
"push or electric golf trolley","map","/blog/motorised-vs-push-golf-buggy-health-stamina-benefits/","primary"
"golf cart accessories australia","map","/blog/must-have-golf-buggy-accessories-and-spares-australia/","primary"
"universal golf buggy accessories","map","/blog/must-have-golf-buggy-accessories-and-spares-australia/","supporting"
"electric off road golf cart","map","/blog/heavy-duty-off-road-golf-buggy-rural-acreage-guide/","primary"
"off road lifted golf carts","map","/blog/heavy-duty-off-road-golf-buggy-rural-acreage-guide/","supporting"
"custom off road golf cart","map","/blog/heavy-duty-off-road-golf-buggy-rural-acreage-guide/","supporting"
"electric farm buggy australia","map","/blog/electric-utility-buggy-price-guide-australia/","primary"
"electric golf cart for farm use","map","/blog/electric-utility-buggy-price-guide-australia/","supporting"
"electric golf cart has power but won t move","map","/blog/electric-golf-buggy-troubleshooting-and-replacement-parts/","primary"
"which golf cart is best","map","/blog/how-to-choose-the-right-electric-golf-buggy-in-australia/","primary"
"which golf carts are the best","map","/blog/how-to-choose-the-right-electric-golf-buggy-in-australia/","supporting"
"which golf cart brand is best","map","/blog/how-to-choose-the-right-electric-golf-buggy-in-australia/","supporting"
"best new golf carts","map","/blog/how-to-choose-the-right-electric-golf-buggy-in-australia/","supporting"
"best value golf carts","map","/blog/how-to-choose-the-right-electric-golf-buggy-in-australia/","supporting"
"best quality golf carts","map","/blog/how-to-choose-the-right-electric-golf-buggy-in-australia/","supporting"
"best luxury golf carts","map","/blog/how-to-choose-the-right-electric-golf-buggy-in-australia/","supporting"
"top rated golf carts","map","/blog/how-to-choose-the-right-electric-golf-buggy-in-australia/","supporting"
"best golf cart to buy","map","/blog/how-to-choose-the-right-electric-golf-buggy-in-australia/","supporting"
"best golf cart","map","/blog/how-to-choose-the-right-electric-golf-buggy-in-australia/","supporting"
"best rated golf cart","map","/blog/how-to-choose-the-right-electric-golf-buggy-in-australia/","supporting"
"golf cart reviews","map","/blog/how-to-choose-the-right-electric-golf-buggy-in-australia/","supporting"
"street legal golf cart","map","/blog/golf-buggy-registration-australia-conditional-road-access/","primary"
"electric golf cart road legal","map","/blog/golf-buggy-registration-australia-conditional-road-access/","supporting"
"street legal 4 seater golf cart","map","/blog/golf-buggy-registration-australia-conditional-road-access/","supporting"
"electric buggy for adults road legal","map","/blog/golf-buggy-registration-australia-conditional-road-access/","supporting"
"6 passenger golf cars street legal","map","/blog/golf-buggy-registration-australia-conditional-road-access/","supporting"
"servicing electric golf buggy","map","/blog/electric-golf-buggy-maintenance-schedule-australia/","primary"
"electric golf cart range","map","/blog/electric-golf-buggy-range-test-one-charge-australia/","primary"
"electric golf cart distance range","map","/blog/electric-golf-buggy-range-test-one-charge-australia/","supporting"
"best golf trolley","map","/blog/best-golf-trolley-australia-push-motorized-remote-comparison/","primary"
"best electric golf trolley with gps","map","/blog/best-golf-trolley-australia-push-motorized-remote-comparison/","supporting"
"best electric golf caddy","map","/blog/best-golf-trolley-australia-push-motorized-remote-comparison/","supporting"
"electric buggy with trailer","map","/blog/transporting-towing-golf-buggy-australia-trailers-tie-downs/","primary"
"electric motorized golf cart","map","/blog/ac-vs-dc-golf-buggy-motors-torque-efficiency-australia/","primary"
"electric motor for golf push cart","map","/blog/ac-vs-dc-golf-buggy-motors-torque-efficiency-australia/","supporting"
"mgi buggy accessories","map","/blog/mgi-golf-buggy-accessories-guide-australia/","primary"
"mgi golf trolley accessories","map","/blog/mgi-golf-buggy-accessories-guide-australia/","supporting"
"mgi electric golf buggy accessories","map","/blog/mgi-golf-buggy-accessories-guide-australia/","supporting"
"mgi golf cart accessories","map","/blog/mgi-golf-buggy-accessories-guide-australia/","supporting"
"solar powered golf carts","map","/blog/solar-panels-on-golf-buggies-australia-feasibility-guide/","primary"
"solar golf buggies","map","/blog/solar-panels-on-golf-buggies-australia-feasibility-guide/","supporting"
"solar panel golf carts","map","/blog/solar-panels-on-golf-buggies-australia-feasibility-guide/","supporting"
"used golf carts for sale","map","/blog/used-golf-carts-for-sale-australia-what-we-check/","primary"
"used golf carts","map","/blog/used-golf-carts-for-sale-australia-what-we-check/","supporting"
"used golf cart","map","/blog/used-golf-carts-for-sale-australia-what-we-check/","supporting"
"2nd hand golf carts for sale","map","/blog/used-golf-carts-for-sale-australia-what-we-check/","supporting"
"used golf carts on sale","map","/blog/used-golf-carts-for-sale-australia-what-we-check/","supporting"
"for sale used golf carts","map","/blog/used-golf-carts-for-sale-australia-what-we-check/","supporting"
"cart golf used","map","/blog/used-golf-carts-for-sale-australia-what-we-check/","supporting"
"second hand golf buggies for sale","map","/blog/second-hand-golf-buggy-value-guide-australia/","primary"
"second hand golf carts","map","/blog/second-hand-golf-buggy-value-guide-australia/","supporting"
"2nd hand golf carts","map","/blog/second-hand-golf-buggy-value-guide-australia/","supporting"
"second hand golf buggy","map","/blog/second-hand-golf-buggy-value-guide-australia/","supporting"
"used golf buggies","map","/blog/second-hand-golf-buggy-value-guide-australia/","supporting"
"golf buggy for sale used","map","/blog/reconditioned-vs-new-golf-buggy-cost-comparison/","supporting"
"used golf buggy for sale","map","/blog/reconditioned-vs-new-golf-buggy-cost-comparison/","primary"
"used gas golf cart prices","map","/blog/used-petrol-golf-buggy-prices-australia/","primary"
"used gas golf cart","map","/blog/used-petrol-golf-buggy-prices-australia/","supporting"
"used petrol golf cart","map","/blog/used-petrol-golf-buggy-prices-australia/","supporting"
"second hand petrol golf buggy","map","/blog/used-petrol-golf-buggy-prices-australia/","supporting"
"used golf cart petrol","map","/blog/used-petrol-golf-buggy-prices-australia/","supporting"
"used golf carts for sale australia","map","/blog/reconditioned-vs-new-golf-buggy-cost-comparison/","supporting"
"reconditioned golf buggy","map","/blog/reconditioned-vs-new-golf-buggy-cost-comparison/","supporting"
"refurbished golf cart australia","map","/blog/reconditioned-vs-new-golf-buggy-cost-comparison/","supporting"
"second hand electric golf buggy","map","/blog/reconditioned-vs-new-golf-buggy-cost-comparison/","supporting"
"used electric golf cart for sale","map","/blog/reconditioned-vs-new-golf-buggy-cost-comparison/","supporting"
"golf caddy","map","/blog/golf-caddy-australia-buyers-guide/","primary"
"golf caddy australia","map","/blog/golf-caddy-australia-buyers-guide/","supporting"
"golf caddie trolley","map","/blog/golf-caddy-australia-buyers-guide/","supporting"
"motorised golf caddy","map","/blog/golf-caddy-australia-buyers-guide/","supporting"
"golf caddy for sale","map","/blog/golf-caddy-australia-buyers-guide/","supporting"
"electric golf carts brisbane","map","/blog/golf-carts-for-sale-brisbane-buyers-guide/","primary"
"motorised golf buggies brisbane","map","/blog/golf-carts-for-sale-brisbane-buyers-guide/","supporting"
"electric golf carts queensland","map","/blog/golf-carts-for-sale-brisbane-buyers-guide/","supporting"
"golf carts melbourne","map","/blog/golf-carts-for-sale-melbourne-buyers-guide/","primary"
"golf carts melbourne australia","map","/blog/golf-carts-for-sale-melbourne-buyers-guide/","supporting"
"electric golf carts melbourne","map","/blog/golf-carts-for-sale-melbourne-buyers-guide/","supporting"
"golf carts victoria","map","/blog/golf-carts-for-sale-melbourne-buyers-guide/","supporting"
"electric golf carts perth","map","/blog/golf-carts-for-sale-perth-wa-buyers-guide/","primary"
"golf trolley perth","map","/blog/golf-carts-for-sale-perth-wa-buyers-guide/","supporting"
"electric golf buggies perth wa","map","/blog/golf-carts-for-sale-perth-wa-buyers-guide/","supporting"
"4 seat golf carts perth","map","/blog/golf-carts-for-sale-perth-wa-buyers-guide/","supporting"
"electric golf carts sydney","map","/blog/golf-carts-for-sale-sydney-nsw-buyers-guide/","primary"
"electric golf buggies sydney area","map","/blog/golf-carts-for-sale-sydney-nsw-buyers-guide/","supporting"
"sydney golf carts utility vehicles","map","/blog/golf-carts-for-sale-sydney-nsw-buyers-guide/","supporting"
"electric golf carts adelaide","map","/blog/golf-carts-for-sale-adelaide-sa-buyers-guide/","primary"
"motorised golf buggies adelaide","map","/blog/golf-carts-for-sale-adelaide-sa-buyers-guide/","supporting"
"battery powered golf carts adelaide","map","/blog/golf-carts-for-sale-adelaide-sa-buyers-guide/","supporting"
"electric golf buggies south australia","map","/blog/golf-carts-for-sale-adelaide-sa-buyers-guide/","supporting"
"golf trolley adelaide","map","/blog/golf-carts-for-sale-adelaide-sa-buyers-guide/","supporting"
"electric buggy","map","/blog/electric-buggy-australia-what-it-means/","primary"
"electric buggy australia","map","/blog/electric-buggy-australia-what-it-means/","supporting"
"electric buggies","map","/blog/electric-buggy-australia-what-it-means/","supporting"
"electric golf buggy price","map","/blog/electric-buggy-australia-what-it-means/","supporting"
"electric buggy for sale","map","/blog/electric-buggy-australia-what-it-means/","supporting"
"what is an electric buggy","map","/blog/electric-buggy-australia-what-it-means/","supporting"
"electric buggy prices","map","/blog/electric-buggy-australia-what-it-means/","supporting"
"golf push cart","map","/blog/golf-push-cart-vs-electric-trolley-australia/","primary"
"golf push carts","map","/blog/golf-push-cart-vs-electric-trolley-australia/","supporting"
"push cart golf","map","/blog/golf-push-cart-vs-electric-trolley-australia/","supporting"
"push golf cart australia","map","/blog/golf-push-cart-vs-electric-trolley-australia/","supporting"
"golf push trolley","map","/blog/golf-push-cart-vs-electric-trolley-australia/","supporting"
"manual golf trolley","map","/blog/golf-push-cart-vs-electric-trolley-australia/","supporting"
"golf cart with remote","map","/blog/golf-cart-with-remote-control-australia-guide/","primary"
"golf buggy with remote control","map","/blog/golf-cart-with-remote-control-australia-guide/","supporting"
"remote golf buggy","map","/blog/golf-cart-with-remote-control-australia-guide/","supporting"
"remote control motorised golf buggy","map","/blog/golf-cart-with-remote-control-australia-guide/","supporting"
"electric golf trolley with remote","map","/blog/golf-cart-with-remote-control-australia-guide/","supporting"
"electric golf cart australia","map","/blog/electric-golf-buggy-australia-complete-guide/","primary"
"golf car","map","/blog/golf-car-vs-golf-buggy-vs-golf-cart-australia/","primary"
"golf cars","map","/blog/golf-car-vs-golf-buggy-vs-golf-cart-australia/","supporting"
"golf cars & carts","map","/blog/golf-car-vs-golf-buggy-vs-golf-cart-australia/","supporting"
"golf cars for sale","map","/blog/golf-car-vs-golf-buggy-vs-golf-cart-australia/","supporting"
"golf car australia","map","/blog/golf-car-vs-golf-buggy-vs-golf-cart-australia/","supporting"
"golf car company","map","/blog/golf-car-vs-golf-buggy-vs-golf-cart-australia/","supporting"
"what is a golf car","map","/blog/golf-car-vs-golf-buggy-vs-golf-cart-australia/","supporting"
"mgi vs motocaddy","map","/blog/mgi-vs-motocaddy-electric-golf-trolley-australia/","primary"
"motocaddy vs mgi","map","/blog/mgi-vs-motocaddy-electric-golf-trolley-australia/","supporting"
"best electric golf trolley australia","map","/blog/mgi-vs-motocaddy-electric-golf-trolley-australia/","supporting"
"mgi electric golf trolley","map","/blog/mgi-vs-motocaddy-electric-golf-trolley-australia/","supporting"
"motocaddy australia","map","/blog/mgi-vs-motocaddy-electric-golf-trolley-australia/","supporting"
"which electric golf trolley to buy","map","/blog/mgi-vs-motocaddy-electric-golf-trolley-australia/","supporting"
"clicgear buggy","map","/blog/clicgear-vs-mgi-push-buggy-comparison-australia/","primary"
"clicgear golf buggy","map","/blog/clicgear-vs-mgi-push-buggy-comparison-australia/","supporting"
"clicgear golf cart","map","/blog/clicgear-vs-mgi-push-buggy-comparison-australia/","supporting"
"golf buggy clicgear","map","/blog/clicgear-vs-mgi-push-buggy-comparison-australia/","supporting"
"clicgear vs mgi","map","/blog/clicgear-vs-mgi-push-buggy-comparison-australia/","supporting"
"clicgear australia","map","/blog/clicgear-vs-mgi-push-buggy-comparison-australia/","supporting"
"manual vs electric golf buggy","map","/blog/clicgear-vs-mgi-push-buggy-comparison-australia/","supporting"
"compare electric golf trolleys","map","/blog/powakaddy-vs-mgi-electric-golf-trolley-australia/","primary"
"electric golf trolley comparison","map","/blog/powakaddy-vs-mgi-electric-golf-trolley-australia/","supporting"
"compare electric golf carts","map","/blog/powakaddy-vs-mgi-electric-golf-trolley-australia/","supporting"
"best electric golf trolley","map","/blog/best-electric-golf-trolley-brands-australia/","primary"
"what is the best electric golf buggy australia","map","/blog/best-electric-golf-trolley-brands-australia/","supporting"
"best golf trolley australia","map","/blog/best-electric-golf-trolley-brands-australia/","supporting"
"electric golf trolley australia","map","/blog/best-electric-golf-trolley-brands-australia/","supporting"
"top electric golf buggy","map","/blog/best-electric-golf-trolley-brands-australia/","supporting"
"best motorised golf buggy","map","/blog/best-electric-golf-trolley-brands-australia/","supporting"
"junior golf trolley","map","/blog/junior-golf-buggy-australia-guide/","primary"
"youth golf trolley","map","/blog/junior-golf-buggy-australia-guide/","supporting"
"junior golf trolley australia","map","/blog/junior-golf-buggy-australia-guide/","supporting"
"golf buggy for juniors","map","/blog/junior-golf-buggy-australia-guide/","supporting"
"small golf buggy australia","map","/blog/junior-golf-buggy-australia-guide/","supporting"
"3 wheel junior golf trolley","map","/blog/junior-golf-buggy-australia-guide/","supporting"
"golf trolley junior","map","/blog/junior-golf-buggy-australia-guide/","supporting"
"golf cart prices australia","map","/blog/how-much-does-a-golf-cart-cost-australia/","primary"
"how much does an electric golf cart cost","map","/blog/how-much-does-a-golf-cart-cost-australia/","supporting"
"golf buggy parts","map","/blog/golf-buggy-parts-and-spares-australia-guide/","primary"
"golf buggy spare parts","map","/blog/golf-buggy-parts-and-spares-australia-guide/","supporting"
"buggy spare parts","map","/blog/golf-buggy-parts-and-spares-australia-guide/","supporting"
"electric golf buggy parts","map","/blog/golf-buggy-parts-and-spares-australia-guide/","supporting"
"golf buggy spares australia","map","/blog/golf-buggy-parts-and-spares-australia-guide/","supporting"
"golf buggy seat covers","map","/blog/golf-buggy-seat-covers-and-upholstery-australia/","primary"
"golf cart seat covers","map","/blog/golf-buggy-seat-covers-and-upholstery-australia/","supporting"
"golf buggy seat","map","/blog/golf-buggy-seat-covers-and-upholstery-australia/","supporting"
"golf cart seat covers australia","map","/blog/golf-buggy-seat-covers-and-upholstery-australia/","supporting"
"buggy seat protection","map","/blog/golf-buggy-seat-covers-and-upholstery-australia/","supporting"
"golf cart upholstery","map","/blog/golf-buggy-seat-covers-and-upholstery-australia/","supporting"
"golf buggy seat replacement","map","/blog/golf-buggy-seat-covers-and-upholstery-australia/","supporting"
"golf buggy with seat","map","/blog/golf-buggy-with-seat-options-explained-australia/","primary"
"golf buggy seat kit","map","/blog/golf-buggy-with-seat-options-explained-australia/","supporting"
"rear flip seat golf cart","map","/blog/golf-buggy-with-seat-options-explained-australia/","supporting"
"2 to 4 seater conversion","map","/blog/golf-buggy-with-seat-options-explained-australia/","supporting"
"golf buggy extra seat","map","/blog/golf-buggy-with-seat-options-explained-australia/","supporting"
"golf cart seat kit australia","map","/blog/golf-buggy-with-seat-options-explained-australia/","supporting"
"golf buggy fleet australia","map","/blog/golf-buggy-fleet-purchase-guide-australia/","primary"
"golf cart fleet","map","/blog/golf-buggy-fleet-purchase-guide-australia/","supporting"
"commercial golf buggies australia","map","/blog/golf-buggy-fleet-purchase-guide-australia/","supporting"
"golf club buggy fleet","map","/blog/golf-buggy-fleet-purchase-guide-australia/","supporting"
"resort golf buggies","map","/blog/golf-buggy-fleet-purchase-guide-australia/","supporting"
"bulk golf cart purchase","map","/blog/golf-buggy-fleet-purchase-guide-australia/","supporting"
"wholesale golf buggies australia","map","/blog/golf-buggy-fleet-purchase-guide-australia/","supporting"
"golf buggy eofy deals","map","/blog/eofy-golf-buggy-deals-australia-buying-guide/","primary"
"end of financial year golf buggy australia","map","/blog/eofy-golf-buggy-deals-australia-buying-guide/","supporting"
"business golf buggy purchase tax","map","/blog/eofy-golf-buggy-deals-australia-buying-guide/","supporting"
"golf buggy finance in 4","map","/blog/eofy-golf-buggy-deals-australia-buying-guide/","supporting"
"golf cart eofy sale australia","map","/blog/eofy-golf-buggy-deals-australia-buying-guide/","supporting"
"buy golf buggy before 30 june","map","/blog/eofy-golf-buggy-deals-australia-buying-guide/","supporting"
"golf buggies for retirement villages","map","/blog/golf-buggies-for-retirement-villages-australia/","primary"
"golf buggy over 55 lifestyle community","map","/blog/golf-buggies-for-retirement-villages-australia/","supporting"
"retirement village golf cart australia","map","/blog/golf-buggies-for-retirement-villages-australia/","supporting"
"golf buggy for elderly residents","map","/blog/golf-buggies-for-retirement-villages-australia/","supporting"
"quiet electric buggy retirement village","map","/blog/golf-buggies-for-retirement-villages-australia/","supporting"
"golf cart for gated retirement community","map","/blog/golf-buggies-for-retirement-villages-australia/","supporting"
"golf buggy tyres australia","map","/blog/golf-buggy-tyres-explained-australia/","primary"
"all terrain golf cart tyres","map","/blog/golf-buggy-tyres-explained-australia/","supporting"
"turf tyres golf buggy","map","/blog/golf-buggy-tyres-explained-australia/","supporting"
"golf buggy tyre pressure guide","map","/blog/golf-buggy-tyres-explained-australia/","supporting"
"golf cart wheel and tyre combo australia","map","/blog/golf-buggy-tyres-explained-australia/","supporting"
"best tyres for off road golf buggy","map","/blog/golf-buggy-tyres-explained-australia/","supporting"
"golf buggy brakes","map","/blog/golf-buggy-brakes-explained-australia/","primary"
"golf cart disc brake kit australia","map","/blog/golf-buggy-brakes-explained-australia/","supporting"
"electromagnetic brake golf buggy","map","/blog/golf-buggy-brakes-explained-australia/","supporting"
"golf buggy drum brakes","map","/blog/golf-buggy-brakes-explained-australia/","supporting"
"golf cart brake upgrade","map","/blog/golf-buggy-brakes-explained-australia/","supporting"
"golf buggy hydraulic brake conversion","map","/blog/golf-buggy-brakes-explained-australia/","supporting"
"golf buggy charger australia","map","/blog/golf-buggy-chargers-explained-australia/","primary"
"golf cart charger amperage","map","/blog/golf-buggy-chargers-explained-australia/","supporting"
"lithium golf buggy charger australia","map","/blog/golf-buggy-chargers-explained-australia/","supporting"
"golf buggy charge time","map","/blog/golf-buggy-chargers-explained-australia/","supporting"
"solar charger golf buggy australia","map","/blog/golf-buggy-chargers-explained-australia/","supporting"
"how to buy a golf buggy online australia","map","/blog/how-golf-buggy-ordering-invoicing-delivery-works/","primary"
"golf buggy invoice australia","map","/blog/how-golf-buggy-ordering-invoicing-delivery-works/","supporting"
"golf cart delivery australia","map","/blog/how-golf-buggy-ordering-invoicing-delivery-works/","supporting"
"golf buggy order tracking","map","/blog/how-golf-buggy-ordering-invoicing-delivery-works/","supporting"
"buy golf buggy online payment options","map","/blog/how-golf-buggy-ordering-invoicing-delivery-works/","supporting"
"golf buggy enclosed freight australia","map","/blog/how-golf-buggy-ordering-invoicing-delivery-works/","supporting"
"pay for golf buggy bitcoin","map","/blog/paying-for-a-golf-buggy-in-crypto-btc-usdt-guide/","primary"
"golf buggy usdt payment","map","/blog/paying-for-a-golf-buggy-in-crypto-btc-usdt-guide/","supporting"
"crypto discount golf cart australia","map","/blog/paying-for-a-golf-buggy-in-crypto-btc-usdt-guide/","supporting"
"bitcoin golf buggy australia","map","/blog/paying-for-a-golf-buggy-in-crypto-btc-usdt-guide/","supporting"
"golf buggy tether payment","map","/blog/paying-for-a-golf-buggy-in-crypto-btc-usdt-guide/","supporting"
"buy golf cart with crypto","map","/blog/paying-for-a-golf-buggy-in-crypto-btc-usdt-guide/","supporting"
"golf buggy warranty australia","map","/blog/golf-buggy-warranty-australia-explained/","primary"
"golf cart warranty coverage","map","/blog/golf-buggy-warranty-australia-explained/","supporting"
"lithium battery warranty golf buggy","map","/blog/golf-buggy-warranty-australia-explained/","supporting"
"golf buggy warranty claim australia","map","/blog/golf-buggy-warranty-australia-explained/","supporting"
"what voids golf cart warranty","map","/blog/golf-buggy-warranty-australia-explained/","supporting"
"golf buggy manufacturer warranty years","map","/blog/golf-buggy-warranty-australia-explained/","supporting"
"golf buggies for wineries australia","map","/blog/golf-buggies-for-wineries-vineyards-australia/","primary"
"vineyard buggy row spacing","map","/blog/golf-buggies-for-wineries-vineyards-australia/","supporting"
"golf cart for winery guest transport","map","/blog/golf-buggies-for-wineries-vineyards-australia/","supporting"
"off road buggy vineyard australia","map","/blog/golf-buggies-for-wineries-vineyards-australia/","supporting"
"cellar door golf buggy","map","/blog/golf-buggies-for-wineries-vineyards-australia/","supporting"
"commercial buggy vineyard work","map","/blog/golf-buggies-for-wineries-vineyards-australia/","supporting"
"golf buggies for caravan parks","map","/blog/golf-buggies-for-caravan-parks-holiday-resorts-australia/","primary"
"holiday resort golf buggy fleet australia","map","/blog/golf-buggies-for-caravan-parks-holiday-resorts-australia/","supporting"
"caravan park utility buggy","map","/blog/golf-buggies-for-caravan-parks-holiday-resorts-australia/","supporting"
"commercial golf cart resort australia","map","/blog/golf-buggies-for-caravan-parks-holiday-resorts-australia/","supporting"
"guest shuttle buggy caravan park","map","/blog/golf-buggies-for-caravan-parks-holiday-resorts-australia/","supporting"
"resort fleet golf buggy pricing","map","/blog/golf-buggies-for-caravan-parks-holiday-resorts-australia/","supporting"
"petrol vs electric golf buggy australia","map","/blog/petrol-vs-electric-golf-buggy-running-costs-australia/","primary"
"golf cart running costs australia","map","/blog/petrol-vs-electric-golf-buggy-running-costs-australia/","supporting"
"electric vs petrol golf cart comparison","map","/blog/petrol-vs-electric-golf-buggy-running-costs-australia/","supporting"
"golf buggy fuel cost vs charging cost","map","/blog/petrol-vs-electric-golf-buggy-running-costs-australia/","supporting"
"quiettech petrol golf buggy","map","/blog/petrol-vs-electric-golf-buggy-running-costs-australia/","supporting"
"cheapest golf buggy to run","map","/blog/petrol-vs-electric-golf-buggy-running-costs-australia/","supporting"
"4 seater vs 6 seater golf buggy","map","/blog/4-seater-vs-6-seater-golf-buggies-australia/","primary"
"6 seater golf cart australia","map","/blog/4-seater-vs-6-seater-golf-buggies-australia/","supporting"
"golf buggy flip seat kit","map","/blog/4-seater-vs-6-seater-golf-buggies-australia/","supporting"
"best golf buggy for family of six","map","/blog/4-seater-vs-6-seater-golf-buggies-australia/","supporting"
"golf cart passenger capacity guide","map","/blog/4-seater-vs-6-seater-golf-buggies-australia/","supporting"
"4 seater golf buggy australia","map","/blog/4-seater-vs-6-seater-golf-buggies-australia/","supporting"
"six person golf cart","map","/blog/4-seater-vs-6-seater-golf-buggies-australia/","supporting"
"golf buggies for gated communities australia","map","/blog/golf-buggies-for-gated-communities-residential-estates/","primary"
"golf cart for residential estate","map","/blog/golf-buggies-for-gated-communities-residential-estates/","supporting"
"gated community golf buggy rules","map","/blog/golf-buggies-for-gated-communities-residential-estates/","supporting"
"estate road golf cart australia","map","/blog/golf-buggies-for-gated-communities-residential-estates/","supporting"
"luxury golf buggy for private estate","map","/blog/golf-buggies-for-gated-communities-residential-estates/","supporting"
"golf buggy turn signals mirrors australia","map","/blog/golf-buggies-for-gated-communities-residential-estates/","supporting"
"golf buggy windscreen australia","map","/blog/golf-buggy-windscreens-weather-enclosures-australia/","primary"
"golf cart weather enclosure australia","map","/blog/golf-buggy-windscreens-weather-enclosures-australia/","supporting"
"golf buggy pvc enclosure","map","/blog/golf-buggy-windscreens-weather-enclosures-australia/","supporting"
"foldable golf cart windscreen","map","/blog/golf-buggy-windscreens-weather-enclosures-australia/","supporting"
"golf buggy rain protection","map","/blog/golf-buggy-windscreens-weather-enclosures-australia/","supporting"
"golf cart winter enclosure australia","map","/blog/golf-buggy-windscreens-weather-enclosures-australia/","supporting"
"golf buggy road legal kit australia","map","/blog/golf-buggy-lighting-street-legal-kits-australia/","primary"
"golf cart led light kit australia","map","/blog/golf-buggy-lighting-street-legal-kits-australia/","supporting"
"street legal golf buggy rules","map","/blog/golf-buggy-lighting-street-legal-kits-australia/","supporting"
"golf buggy indicators mirrors kit","map","/blog/golf-buggy-lighting-street-legal-kits-australia/","supporting"
"golf cart road rules by state australia","map","/blog/golf-buggy-lighting-street-legal-kits-australia/","supporting"
"golf buggy headlights taillights kit","map","/blog/golf-buggy-lighting-street-legal-kits-australia/","supporting"
"golf buggy insurance australia","map","/blog/golf-buggy-insurance-australia-explained/","primary"
"golf cart insurance policy australia","map","/blog/golf-buggy-insurance-australia-explained/","supporting"
"comprehensive insurance golf buggy","map","/blog/golf-buggy-insurance-australia-explained/","supporting"
"golf buggy insurance exclusions","map","/blog/golf-buggy-insurance-australia-explained/","supporting"
"insure electric golf cart australia","map","/blog/golf-buggy-insurance-australia-explained/","supporting"
"golf buggy theft insurance","map","/blog/golf-buggy-insurance-australia-explained/","supporting"
"golf buggy etiquette rules","map","/blog/golf-buggy-etiquette-course-rules-australia/","primary"
"golf cart 90 degree rule","map","/blog/golf-buggy-etiquette-course-rules-australia/","supporting"
"cart path only rules australia","map","/blog/golf-buggy-etiquette-course-rules-australia/","supporting"
"golf buggy course rules australia","map","/blog/golf-buggy-etiquette-course-rules-australia/","supporting"
"golf cart etiquette guide","map","/blog/golf-buggy-etiquette-course-rules-australia/","supporting"
"driving golf buggy near green rules","map","/blog/golf-buggy-etiquette-course-rules-australia/","supporting"
"trade in golf cart australia","map","/blog/trading-in-old-golf-cart-australia/","primary"
"sell my golf buggy australia","map","/blog/trading-in-old-golf-cart-australia/","supporting"
"golf cart trade in value","map","/blog/trading-in-old-golf-cart-australia/","supporting"
"upgrade golf buggy trade in","map","/blog/trading-in-old-golf-cart-australia/","supporting"
"reconditioned golf buggy australia","map","/blog/trading-in-old-golf-cart-australia/","supporting"
"golf cart trade in vs private sale","map","/blog/trading-in-old-golf-cart-australia/","supporting"
"golf buggies for campuses australia","map","/blog/golf-buggies-for-schools-campuses-large-venues-australia/","primary"
"golf cart fleet for schools australia","map","/blog/golf-buggies-for-schools-campuses-large-venues-australia/","supporting"
"university campus utility buggy","map","/blog/golf-buggies-for-schools-campuses-large-venues-australia/","supporting"
"event venue golf buggy fleet","map","/blog/golf-buggies-for-schools-campuses-large-venues-australia/","supporting"
"hospital site golf cart australia","map","/blog/golf-buggies-for-schools-campuses-large-venues-australia/","supporting"
"institutional golf buggy tender australia","map","/blog/golf-buggies-for-schools-campuses-large-venues-australia/","supporting"
"mgi zip","map","/shop/walk-behind-buggies/mgi-zip-navigator/","primary"
"mgi zip navigator remote control","map","/shop/walk-behind-buggies/mgi-zip-navigator/","supporting"
"zip navigator","map","/shop/walk-behind-buggies/mgi-zip-navigator/","supporting"
"mgi navigator golf buggy","map","/shop/walk-behind-buggies/mgi-zip-navigator/","supporting"
"best remote control golf buggy australia","map","/shop/walk-behind-buggies/mgi-zip-navigator/","supporting"
"electric golf buggy with remote australia","map","/shop/walk-behind-buggies/mgi-zip-navigator/","supporting"
"mgi ai 500","map","/shop/walk-behind-buggies/mgi-ai-500-electric-buggy/","primary"
"mgi ai series","map","/shop/walk-behind-buggies/mgi-ai-500-electric-buggy/","supporting"
"mgi ai 500 gps","map","/shop/walk-behind-buggies/mgi-ai-500-electric-buggy/","supporting"
"mgi ai 500 price","map","/shop/walk-behind-buggies/mgi-ai-500-electric-buggy/","supporting"
"mgi ai 500 vs ai navigator","map","/shop/walk-behind-buggies/mgi-ai-500-electric-buggy/","supporting"
"mgi ai buggy","map","/shop/walk-behind-buggies/mgi-ai-500-electric-buggy/","supporting"
"mgi navigator halo","map","/shop/walk-behind-buggies/mgi-ai-navigator-halo/","primary"
"mgi golf ai navigator halo price","map","/shop/walk-behind-buggies/mgi-ai-navigator-halo/","supporting"
"mgi navigator halo price details","map","/shop/walk-behind-buggies/mgi-ai-navigator-halo/","supporting"
"buy mgi ai navigator halo","map","/shop/walk-behind-buggies/mgi-ai-navigator-halo/","supporting"
"mgi ai navigator halo for sale","map","/shop/walk-behind-buggies/mgi-ai-navigator-halo/","supporting"
"mgi ai navigator halo price australia","map","/shop/walk-behind-buggies/mgi-ai-navigator-halo/","supporting"
"mgi zip x3","map","/shop/walk-behind-buggies/mgi-zip-x3/","primary"
"mgi zip x1 vs x3","map","/shop/walk-behind-buggies/mgi-zip-x3/","supporting"
"mgi x3 golf buggy price","map","/shop/walk-behind-buggies/mgi-zip-x3/","supporting"
"mgi zip x3 lithium electric golf caddie","map","/shop/walk-behind-buggies/mgi-zip-x3/","supporting"
"mgi zip x3 lithium electric golf caddy","map","/shop/walk-behind-buggies/mgi-zip-x3/","supporting"
"mgi zip x3 motorised lithium golf buggy","map","/shop/walk-behind-buggies/mgi-zip-x3/","supporting"
"mgi e boost golf buggy","map","/shop/walk-behind-buggies/mgi-e-boost-black/","primary"
"buy mgi e-boost black","map","/shop/walk-behind-buggies/mgi-e-boost-black/","supporting"
"mgi e-boost black for sale","map","/shop/walk-behind-buggies/mgi-e-boost-black/","supporting"
"mgi e-boost black price australia","map","/shop/walk-behind-buggies/mgi-e-boost-black/","supporting"
"best price mgi e-boost black","map","/shop/walk-behind-buggies/mgi-e-boost-black/","supporting"
"mgi e-boost black online","map","/shop/walk-behind-buggies/mgi-e-boost-black/","supporting"
"buy mgi e-boost navy","map","/shop/walk-behind-buggies/mgi-e-boost-navy/","primary"
"mgi e-boost navy for sale","map","/shop/walk-behind-buggies/mgi-e-boost-navy/","supporting"
"mgi e-boost navy price australia","map","/shop/walk-behind-buggies/mgi-e-boost-navy/","supporting"
"best price mgi e-boost navy","map","/shop/walk-behind-buggies/mgi-e-boost-navy/","supporting"
"mgi e-boost navy online","map","/shop/walk-behind-buggies/mgi-e-boost-navy/","supporting"
"order mgi e-boost navy","map","/shop/walk-behind-buggies/mgi-e-boost-navy/","supporting"
"buy mgi e-boost white","map","/shop/walk-behind-buggies/mgi-e-boost-white/","primary"
"mgi e-boost white for sale","map","/shop/walk-behind-buggies/mgi-e-boost-white/","supporting"
"mgi e-boost white price australia","map","/shop/walk-behind-buggies/mgi-e-boost-white/","supporting"
"best price mgi e-boost white","map","/shop/walk-behind-buggies/mgi-e-boost-white/","supporting"
"mgi e-boost white online","map","/shop/walk-behind-buggies/mgi-e-boost-white/","supporting"
"order mgi e-boost white","map","/shop/walk-behind-buggies/mgi-e-boost-white/","supporting"
"clicgear 4.5","map","/shop/push-golf-buggies/clicgear-model-4-5-buggy-black/","primary"
"buy clicgear 4.5 black","map","/shop/push-golf-buggies/clicgear-model-4-5-buggy-black/","supporting"
"clicgear 4.5 black for sale","map","/shop/push-golf-buggies/clicgear-model-4-5-buggy-black/","supporting"
"clicgear 4.5 black price australia","map","/shop/push-golf-buggies/clicgear-model-4-5-buggy-black/","supporting"
"best price clicgear 4.5 black","map","/shop/push-golf-buggies/clicgear-model-4-5-buggy-black/","supporting"
"clicgear 4.5 black online","map","/shop/push-golf-buggies/clicgear-model-4-5-buggy-black/","supporting"
"push buggy","map","/shop/push-golf-buggies/clicgear-model-4-0-buggy-silver/","primary"
"clicgear 4.0 best price australia","map","/shop/push-golf-buggies/clicgear-model-4-0-buggy-silver/","supporting"
"clicgear 4.0 for sale","map","/shop/push-golf-buggies/clicgear-model-4-0-buggy-silver/","supporting"
"buy clicgear 4.0","map","/shop/push-golf-buggies/clicgear-model-4-0-buggy-silver/","supporting"
"clicgear 4 wheel","map","/shop/push-golf-buggies/clicgear-model-4-0-buggy-silver/","supporting"
"clicgear 4.0 australia","map","/shop/push-golf-buggies/clicgear-model-4-0-buggy-silver/","supporting"
"clicgear model 4.0","map","/shop/push-golf-buggies/clicgear-model-4-0-buggy-matte-white/","primary"
"clicgear model 4 buggy","map","/shop/push-golf-buggies/clicgear-model-4-0-buggy-matte-white/","supporting"
"clicgear 4.0 price","map","/shop/push-golf-buggies/clicgear-model-4-0-buggy-matte-white/","supporting"
"clicgear 4.0 best price","map","/shop/push-golf-buggies/clicgear-model-4-0-buggy-matte-white/","supporting"
"clicgear 4 vs 8","map","/shop/push-golf-buggies/clicgear-model-4-0-buggy-matte-white/","supporting"
"clicgear 4.0 golf trolley","map","/shop/push-golf-buggies/clicgear-model-4-0-buggy-matte-white/","supporting"
"golf three wheel trolley","map","/shop/push-golf-buggies/clicgear-model-4-0-buggy-soft-pink/","primary"
"electric golf push buggy","map","/shop/push-golf-buggies/clicgear-model-4-0-buggy-soft-pink/","supporting"
"3 wheel electric golf buggy","map","/shop/push-golf-buggies/clicgear-model-4-0-buggy-soft-pink/","supporting"
"3 wheel golf trolly","map","/shop/push-golf-buggies/clicgear-model-4-0-buggy-soft-pink/","supporting"
"3 wheel push golf trolley","map","/shop/push-golf-buggies/clicgear-model-4-0-buggy-soft-pink/","supporting"
"3 wheel ride on golf buggy","map","/shop/push-golf-buggies/clicgear-model-4-0-buggy-soft-pink/","supporting"
"three wheel electric golf buggy","map","/shop/push-golf-buggies/clicgear-model-4-0-buggy-teal/","primary"
"3 wheel golf buggy for sale","map","/shop/push-golf-buggies/clicgear-model-4-0-buggy-teal/","supporting"
"push golf trolley sale","map","/shop/push-golf-buggies/clicgear-model-4-0-buggy-teal/","supporting"
"3 wheel golf caddy","map","/shop/push-golf-buggies/clicgear-model-4-0-buggy-teal/","supporting"
"3 wheel golf trolley sale","map","/shop/push-golf-buggies/clicgear-model-4-0-buggy-teal/","supporting"
"3 wheeler golf trolley","map","/shop/push-golf-buggies/clicgear-model-4-0-buggy-teal/","supporting"
"rovic rv1s 2.0","map","/shop/push-golf-buggies/rovic-rv1s-swivel-2-0-buggy-light-blue/","primary"
"rv1s rovic","map","/shop/push-golf-buggies/rovic-rv1s-swivel-2-0-buggy-light-blue/","supporting"
"rovic rv1s swivel golf buggy","map","/shop/push-golf-buggies/rovic-rv1s-swivel-2-0-buggy-light-blue/","supporting"
"rovic rv1s swivel","map","/shop/push-golf-buggies/rovic-rv1s-swivel-2-0-buggy-light-blue/","supporting"
"rovic swivel golf buggy","map","/shop/push-golf-buggies/rovic-rv1s-swivel-2-0-buggy-light-blue/","supporting"
"rovic 1s","map","/shop/push-golf-buggies/rovic-rv1s-swivel-2-0-buggy-light-blue/","supporting"
"rovic rv1c compact","map","/shop/push-golf-buggies/rovic-rv1c-compact-2-0-buggy-silver-black/","primary"
"rv1c rovic","map","/shop/push-golf-buggies/rovic-rv1c-compact-2-0-buggy-silver-black/","supporting"
"rovic compact","map","/shop/push-golf-buggies/rovic-rv1c-compact-2-0-buggy-silver-black/","supporting"
"rovic golf buggy rv1c","map","/shop/push-golf-buggies/rovic-rv1c-compact-2-0-buggy-silver-black/","supporting"
"rv1c golf trolley","map","/shop/push-golf-buggies/rovic-rv1c-compact-2-0-buggy-silver-black/","supporting"
"rovic rv1c 2.0","map","/shop/push-golf-buggies/rovic-rv1c-compact-2-0-buggy-silver-black/","supporting"
"buy mgi lithium 24v 13ah battery","map","/shop/batteries-chargers/mgi-lithium-24v-13ah-battery/","primary"
"mgi lithium 24v 13ah battery for sale","map","/shop/batteries-chargers/mgi-lithium-24v-13ah-battery/","supporting"
"mgi lithium 24v 13ah battery price australia","map","/shop/batteries-chargers/mgi-lithium-24v-13ah-battery/","supporting"
"best price mgi lithium 24v 13ah battery","map","/shop/batteries-chargers/mgi-lithium-24v-13ah-battery/","supporting"
"mgi lithium 24v 13ah battery online","map","/shop/batteries-chargers/mgi-lithium-24v-13ah-battery/","supporting"
"order mgi lithium 24v 13ah battery","map","/shop/batteries-chargers/mgi-lithium-24v-13ah-battery/","supporting"
"mgi battery","map","/shop/batteries-chargers/mgi-lithium-24v-250wh-battery/","primary"
"mgi battery replacement","map","/shop/batteries-chargers/mgi-lithium-24v-250wh-battery/","supporting"
"mgi batteries","map","/shop/batteries-chargers/mgi-lithium-24v-250wh-battery/","supporting"
"mgi battery box","map","/shop/batteries-chargers/mgi-lithium-24v-250wh-battery/","supporting"
"battery powered golf buggy","map","/shop/batteries-chargers/mgi-lithium-24v-250wh-battery/","supporting"
"battery operated golf buggy","map","/shop/batteries-chargers/mgi-lithium-24v-250wh-battery/","supporting"
"mgi zip navigator at battery","map","/shop/batteries-chargers/mgi-2024-zip-24v-250wh-lithium-battery/","primary"
"mgi zip navigator battery charging","map","/shop/batteries-chargers/mgi-2024-zip-24v-250wh-lithium-battery/","supporting"
"mgi zip navigator battery replacement","map","/shop/batteries-chargers/mgi-2024-zip-24v-250wh-lithium-battery/","supporting"
"mgi zip navigator remote control battery replacement","map","/shop/batteries-chargers/mgi-2024-zip-24v-250wh-lithium-battery/","supporting"
"mgi zip battery replacement","map","/shop/batteries-chargers/mgi-2024-zip-24v-250wh-lithium-battery/","supporting"
"mgi zip x1 2024 lithium battery motorised buggy reviews","map","/shop/batteries-chargers/mgi-2024-zip-24v-250wh-lithium-battery/","supporting"
"buy mgi 2024 zip 24v 299wh lithium battery","map","/shop/batteries-chargers/mgi-2024-zip-24v-299wh-lithium-battery/","primary"
"mgi 2024 zip 24v 299wh lithium battery for sale","map","/shop/batteries-chargers/mgi-2024-zip-24v-299wh-lithium-battery/","supporting"
"mgi 2024 zip 24v 299wh lithium battery price australia","map","/shop/batteries-chargers/mgi-2024-zip-24v-299wh-lithium-battery/","supporting"
"best price mgi 2024 zip 24v 299wh lithium battery","map","/shop/batteries-chargers/mgi-2024-zip-24v-299wh-lithium-battery/","supporting"
"mgi 2024 zip 24v 299wh lithium battery online","map","/shop/batteries-chargers/mgi-2024-zip-24v-299wh-lithium-battery/","supporting"
"order mgi 2024 zip 24v 299wh lithium battery","map","/shop/batteries-chargers/mgi-2024-zip-24v-299wh-lithium-battery/","supporting"
"12 volt golf buggy batteries","map","/shop/batteries-chargers/mgi-lithium-12v-299wh-battery/","primary"
"12v golf trolley battery","map","/shop/batteries-chargers/mgi-lithium-12v-299wh-battery/","supporting"
"12v 20ah golf trolley battery","map","/shop/batteries-chargers/mgi-lithium-12v-299wh-battery/","supporting"
"12v 26ah golf trolley battery","map","/shop/batteries-chargers/mgi-lithium-12v-299wh-battery/","supporting"
"12v golf buggy mgi lite lithium batteries","map","/shop/batteries-chargers/mgi-lithium-12v-299wh-battery/","supporting"
"golf buggy battery 12v 22 amp hours","map","/shop/batteries-chargers/mgi-lithium-12v-299wh-battery/","supporting"
"mgi battery charger","map","/shop/batteries-chargers/mgi-lithium-24v-smart-charger-ai-and-zip-series/","primary"
"mgi charger","map","/shop/batteries-chargers/mgi-lithium-24v-smart-charger-ai-and-zip-series/","supporting"
"mgi battery charger replacement","map","/shop/batteries-chargers/mgi-lithium-24v-smart-charger-ai-and-zip-series/","supporting"
"electric golf trolley battery charger","map","/shop/batteries-chargers/mgi-lithium-24v-smart-charger-ai-and-zip-series/","supporting"
"golf buggy battery charger","map","/shop/batteries-chargers/mgi-lithium-24v-smart-charger-ai-and-zip-series/","supporting"
"golf battery charger","map","/shop/batteries-chargers/mgi-lithium-24v-smart-charger-ai-and-zip-series/","supporting"
"mgi 24v lithium battery charger","map","/shop/batteries-chargers/mgi-e-series-charger/","primary"
"mgi golf buggy battery charger","map","/shop/batteries-chargers/mgi-e-series-charger/","supporting"
"mgi lithium 24v 380wh battery charger","map","/shop/batteries-chargers/mgi-e-series-charger/","supporting"
"mgi lithium battery charger","map","/shop/batteries-chargers/mgi-e-series-charger/","supporting"
"mgi zip battery charger","map","/shop/batteries-chargers/mgi-e-series-charger/","supporting"
"mgi zip navigator battery charger","map","/shop/batteries-chargers/mgi-e-series-charger/","supporting"
"golf buggy phone holder","map","/shop/accessories-spare-parts/mgi-phone-holder/","primary"
"best phone holder for golf trolley","map","/shop/accessories-spare-parts/mgi-phone-holder/","supporting"
"golf trolley iphone holder","map","/shop/accessories-spare-parts/mgi-phone-holder/","supporting"
"buy mgi phone holder","map","/shop/accessories-spare-parts/mgi-phone-holder/","supporting"
"mgi phone holder for sale","map","/shop/accessories-spare-parts/mgi-phone-holder/","supporting"
"mgi phone holder price australia","map","/shop/accessories-spare-parts/mgi-phone-holder/","supporting"
"golf buggy gps holder","map","/shop/accessories-spare-parts/mgi-zip-series-gps-holder/","primary"
"golf trolley gps holder","map","/shop/accessories-spare-parts/mgi-zip-series-gps-holder/","supporting"
"golf caddy gps holder","map","/shop/accessories-spare-parts/mgi-zip-series-gps-holder/","supporting"
"universal gps holder for golf trolley","map","/shop/accessories-spare-parts/mgi-zip-series-gps-holder/","supporting"
"mgi navigator accessories gps holder","map","/shop/accessories-spare-parts/mgi-zip-series-gps-holder/","supporting"
"buy mgi zip series gps holder","map","/shop/accessories-spare-parts/mgi-zip-series-gps-holder/","supporting"
"buy mgi umbrella holder","map","/shop/accessories-spare-parts/mgi-umbrella-holder/","primary"
"mgi umbrella holder for sale","map","/shop/accessories-spare-parts/mgi-umbrella-holder/","supporting"
"mgi umbrella holder price australia","map","/shop/accessories-spare-parts/mgi-umbrella-holder/","supporting"
"best price mgi umbrella holder","map","/shop/accessories-spare-parts/mgi-umbrella-holder/","supporting"
"mgi umbrella holder online","map","/shop/accessories-spare-parts/mgi-umbrella-holder/","supporting"
"order mgi umbrella holder","map","/shop/accessories-spare-parts/mgi-umbrella-holder/","supporting"
"buy mgi umbrella holder extender","map","/shop/accessories-spare-parts/mgi-umbrella-holder-extender/","primary"
"mgi umbrella holder extender for sale","map","/shop/accessories-spare-parts/mgi-umbrella-holder-extender/","supporting"
"mgi umbrella holder extender price australia","map","/shop/accessories-spare-parts/mgi-umbrella-holder-extender/","supporting"
"best price mgi umbrella holder extender","map","/shop/accessories-spare-parts/mgi-umbrella-holder-extender/","supporting"
"mgi umbrella holder extender online","map","/shop/accessories-spare-parts/mgi-umbrella-holder-extender/","supporting"
"order mgi umbrella holder extender","map","/shop/accessories-spare-parts/mgi-umbrella-holder-extender/","supporting"
"buy mgi telescopic umbrella","map","/shop/accessories-spare-parts/mgi-telescopic-umbrella/","primary"
"mgi telescopic umbrella for sale","map","/shop/accessories-spare-parts/mgi-telescopic-umbrella/","supporting"
"mgi telescopic umbrella price australia","map","/shop/accessories-spare-parts/mgi-telescopic-umbrella/","supporting"
"best price mgi telescopic umbrella","map","/shop/accessories-spare-parts/mgi-telescopic-umbrella/","supporting"
"mgi telescopic umbrella online","map","/shop/accessories-spare-parts/mgi-telescopic-umbrella/","supporting"
"order mgi telescopic umbrella","map","/shop/accessories-spare-parts/mgi-telescopic-umbrella/","supporting"
"golf buggy drink holder","map","/shop/accessories-spare-parts/mgi-drink-bottle-holder/","primary"
"golf trolley bottle holder","map","/shop/accessories-spare-parts/mgi-drink-bottle-holder/","supporting"
"golf trolley cup holder","map","/shop/accessories-spare-parts/mgi-drink-bottle-holder/","supporting"
"golf trolley drinks holder","map","/shop/accessories-spare-parts/mgi-drink-bottle-holder/","supporting"
"universal golf trolley drinks holder","map","/shop/accessories-spare-parts/mgi-drink-bottle-holder/","supporting"
"golf trolley wine bottle holder","map","/shop/accessories-spare-parts/mgi-drink-bottle-holder/","supporting"
"buy mgi multipurpose hook","map","/shop/accessories-spare-parts/mgi-multipurpose-hook/","primary"
"mgi multipurpose hook for sale","map","/shop/accessories-spare-parts/mgi-multipurpose-hook/","supporting"
"mgi multipurpose hook price australia","map","/shop/accessories-spare-parts/mgi-multipurpose-hook/","supporting"
"best price mgi multipurpose hook","map","/shop/accessories-spare-parts/mgi-multipurpose-hook/","supporting"
"mgi multipurpose hook online","map","/shop/accessories-spare-parts/mgi-multipurpose-hook/","supporting"
"order mgi multipurpose hook","map","/shop/accessories-spare-parts/mgi-multipurpose-hook/","supporting"
"buy mgi scorecard holder","map","/shop/accessories-spare-parts/mgi-scorecard-holder/","primary"
"mgi scorecard holder for sale","map","/shop/accessories-spare-parts/mgi-scorecard-holder/","supporting"
"mgi scorecard holder price australia","map","/shop/accessories-spare-parts/mgi-scorecard-holder/","supporting"
"best price mgi scorecard holder","map","/shop/accessories-spare-parts/mgi-scorecard-holder/","supporting"
"mgi scorecard holder online","map","/shop/accessories-spare-parts/mgi-scorecard-holder/","supporting"
"order mgi scorecard holder","map","/shop/accessories-spare-parts/mgi-scorecard-holder/","supporting"
"mgi seat","map","/shop/accessories-spare-parts/mgi-seat/","primary"
"push golf buggy with seat","map","/shop/accessories-spare-parts/mgi-seat/","supporting"
"electric golf buggy with seat","map","/shop/accessories-spare-parts/mgi-seat/","supporting"
"single seat golf buggies","map","/shop/accessories-spare-parts/mgi-seat/","supporting"
"single seat golf buggy for sale","map","/shop/accessories-spare-parts/mgi-seat/","supporting"
"single seat golf buggy accessories","map","/shop/accessories-spare-parts/mgi-seat/","supporting"
"mgi rain cover","map","/shop/accessories-spare-parts/mgi-rain-cover/","primary"
"rain cover for golf buggy top","map","/shop/accessories-spare-parts/mgi-rain-cover/","supporting"
"buy mgi rain cover","map","/shop/accessories-spare-parts/mgi-rain-cover/","supporting"
"mgi rain cover for sale","map","/shop/accessories-spare-parts/mgi-rain-cover/","supporting"
"mgi rain cover price australia","map","/shop/accessories-spare-parts/mgi-rain-cover/","supporting"
"best price mgi rain cover","map","/shop/accessories-spare-parts/mgi-rain-cover/","supporting"
"golf trolley hedgehog wheel covers","map","/shop/accessories-spare-parts/mgi-wheel-covers/","primary"
"golf trolley studded wheel covers","map","/shop/accessories-spare-parts/mgi-wheel-covers/","supporting"
"buy mgi wheel covers","map","/shop/accessories-spare-parts/mgi-wheel-covers/","supporting"
"mgi wheel covers for sale","map","/shop/accessories-spare-parts/mgi-wheel-covers/","supporting"
"mgi wheel covers price australia","map","/shop/accessories-spare-parts/mgi-wheel-covers/","supporting"
"best price mgi wheel covers","map","/shop/accessories-spare-parts/mgi-wheel-covers/","supporting"
"golf trolley wheels","map","/shop/accessories-spare-parts/mgi-rear-wheels/","primary"
"golf buggy wheels for sale","map","/shop/accessories-spare-parts/mgi-rear-wheels/","supporting"
"golf buggy mag wheels","map","/shop/accessories-spare-parts/mgi-rear-wheels/","supporting"
"mgi wheel replacement","map","/shop/accessories-spare-parts/mgi-rear-wheels/","supporting"
"mgi buggy wheels","map","/shop/accessories-spare-parts/mgi-rear-wheels/","supporting"
"big wheel golf buggy accessories","map","/shop/accessories-spare-parts/mgi-rear-wheels/","supporting"
"mgi zip navigator cooler bag","map","/shop/accessories-spare-parts/mgi-cooler-bag/","primary"
"buy mgi cooler bag","map","/shop/accessories-spare-parts/mgi-cooler-bag/","supporting"
"mgi cooler bag for sale","map","/shop/accessories-spare-parts/mgi-cooler-bag/","supporting"
"mgi cooler bag price australia","map","/shop/accessories-spare-parts/mgi-cooler-bag/","supporting"
"best price mgi cooler bag","map","/shop/accessories-spare-parts/mgi-cooler-bag/","supporting"
"mgi cooler bag online","map","/shop/accessories-spare-parts/mgi-cooler-bag/","supporting"
"buy mgi travel bag","map","/shop/accessories-spare-parts/mgi-travel-bag/","primary"
"mgi travel bag for sale","map","/shop/accessories-spare-parts/mgi-travel-bag/","supporting"
"mgi travel bag price australia","map","/shop/accessories-spare-parts/mgi-travel-bag/","supporting"
"best price mgi travel bag","map","/shop/accessories-spare-parts/mgi-travel-bag/","supporting"
"mgi travel bag online","map","/shop/accessories-spare-parts/mgi-travel-bag/","supporting"
"order mgi travel bag","map","/shop/accessories-spare-parts/mgi-travel-bag/","supporting"
"mgi accessories","map","/shop/accessories-spare-parts/mgi-accessories-bag/","primary"
"mgi golf buggy accessories","map","/shop/accessories-spare-parts/mgi-accessories-bag/","supporting"
"golf trolley accessories","map","/shop/accessories-spare-parts/mgi-accessories-bag/","supporting"
"electric golf trolley accessories","map","/shop/accessories-spare-parts/mgi-accessories-bag/","supporting"
"golf push buggy accessories","map","/shop/accessories-spare-parts/mgi-accessories-bag/","supporting"
"mgi golf buggy accessories australia","map","/shop/accessories-spare-parts/mgi-accessories-bag/","supporting"
"mgi charging box","map","/shop/batteries-chargers/mgi-fireproof-charging-box/","primary"
"buy mgi fireproof charging box","map","/shop/batteries-chargers/mgi-fireproof-charging-box/","supporting"
"mgi fireproof charging box for sale","map","/shop/batteries-chargers/mgi-fireproof-charging-box/","supporting"
"mgi fireproof charging box price australia","map","/shop/batteries-chargers/mgi-fireproof-charging-box/","supporting"
"best price mgi fireproof charging box","map","/shop/batteries-chargers/mgi-fireproof-charging-box/","supporting"
"mgi fireproof charging box online","map","/shop/batteries-chargers/mgi-fireproof-charging-box/","supporting"
"buy mgi halo eye","map","/shop/accessories-spare-parts/mgi-halo-eye/","primary"
"mgi halo eye for sale","map","/shop/accessories-spare-parts/mgi-halo-eye/","supporting"
"mgi halo eye price australia","map","/shop/accessories-spare-parts/mgi-halo-eye/","supporting"
"best price mgi halo eye","map","/shop/accessories-spare-parts/mgi-halo-eye/","supporting"
"mgi halo eye online","map","/shop/accessories-spare-parts/mgi-halo-eye/","supporting"
"order mgi halo eye","map","/shop/accessories-spare-parts/mgi-halo-eye/","supporting"
"clicgear seat","map","/shop/accessories-spare-parts/clicgear-soft-seat-cover/","primary"
"clicgear 4.0 seat","map","/shop/accessories-spare-parts/clicgear-soft-seat-cover/","supporting"
"golf buggy seat covers australia","map","/shop/accessories-spare-parts/clicgear-soft-seat-cover/","supporting"
"golf buggy seat cover padded","map","/shop/accessories-spare-parts/clicgear-soft-seat-cover/","supporting"
"golf buggy seat covers dry","map","/shop/accessories-spare-parts/clicgear-soft-seat-cover/","supporting"
"buy clicgear soft seat cover","map","/shop/accessories-spare-parts/clicgear-soft-seat-cover/","supporting"
"rovic seat","map","/shop/accessories-spare-parts/rovic-rv1c-1s-seat/","primary"
"rovic golf buggy seat","map","/shop/accessories-spare-parts/rovic-rv1c-1s-seat/","supporting"
"buy rovic rv1c rv1s seat","map","/shop/accessories-spare-parts/rovic-rv1c-1s-seat/","supporting"
"rovic rv1c rv1s seat for sale","map","/shop/accessories-spare-parts/rovic-rv1c-1s-seat/","supporting"
"rovic rv1c rv1s seat price australia","map","/shop/accessories-spare-parts/rovic-rv1c-1s-seat/","supporting"
"best price rovic rv1c rv1s seat","map","/shop/accessories-spare-parts/rovic-rv1c-1s-seat/","supporting"
"push golf buggy for sale","map","/shop/push-golf-buggies/","primary"
"golf pull buggy","map","/shop/push-golf-buggies/","supporting"
"push golf buggies australia","map","/shop/push-golf-buggies/","supporting"
"golf buggy push cart","map","/shop/push-golf-buggies/","supporting"
"golf push carts for sale","map","/shop/push-golf-buggies/","supporting"
"golf push cart australia","map","/shop/push-golf-buggies/","supporting"
"clicgear","map","/shop/brand/clicgear/","primary"
"clickgear","map","/shop/brand/clicgear/","supporting"
"clic gear","map","/shop/brand/clicgear/","supporting"
"clicgear golf buggies","map","/shop/brand/clicgear/","supporting"
"clicgear buggies","map","/shop/brand/clicgear/","supporting"
"cliqgear","map","/shop/brand/clicgear/","supporting"
"clickgear buggy","map","/shop/brand/clicgear/","supporting"
"rovic","map","/shop/brand/rovic/","primary"
"rovic buggy","map","/shop/brand/rovic/","supporting"
"rovic golf","map","/shop/brand/rovic/","supporting"
"rovic golf buggies","map","/shop/brand/rovic/","supporting"
"rovic push carts","map","/shop/brand/rovic/","supporting"
"clicgear rovic","map","/shop/brand/rovic/","supporting"
"rovic accessories","map","/shop/brand/rovic/","supporting"
"mgi zip x5","map","/blog/mgi-zip-x-series-explained/","primary"
"mgi x1","map","/blog/mgi-zip-x-series-explained/","supporting"
"mgi x3","map","/blog/mgi-zip-x-series-explained/","supporting"
"mgi x5 golf buggy","map","/blog/mgi-zip-x-series-explained/","supporting"
"mgi x3 golf buggy","map","/blog/mgi-zip-x-series-explained/","supporting"
"zip x5 electric cart","map","/blog/mgi-zip-x-series-explained/","supporting"
"mgi navigator ai gps+","map","/blog/mgi-ai-navigator-gps-explained/","primary"
"mgi ai navigator halo","map","/blog/mgi-ai-navigator-gps-explained/","supporting"
"navigator ai","map","/blog/mgi-ai-navigator-gps-explained/","supporting"
"mgi ai500","map","/blog/mgi-ai-navigator-gps-explained/","supporting"
"mgi ai 500 electric golf cart","map","/blog/mgi-ai-navigator-gps-explained/","supporting"
"mgi ai navigator gps buggy","map","/blog/mgi-ai-navigator-gps-explained/","supporting"
"mgi navigator at manual","map","/blog/mgi-zip-navigator-setup-guide/","primary"
"mgi navigator at","map","/blog/mgi-zip-navigator-setup-guide/","supporting"
"mgi zip.navigator","map","/blog/mgi-zip-navigator-setup-guide/","supporting"
"mgi all terrain buggy","map","/blog/mgi-zip-navigator-setup-guide/","supporting"
"mgi zip navigator parts list","map","/blog/mgi-zip-navigator-setup-guide/","supporting"
"zip navigator mgi","map","/blog/mgi-zip-navigator-setup-guide/","supporting"
"clicgear 4.0 manual","map","/blog/clicgear-rovic-push-buggies-guide/","primary"
"rovic rv1c replacement parts","map","/blog/clicgear-rovic-push-buggies-guide/","supporting"
"clicgear 4.0 straps","map","/blog/clicgear-rovic-push-buggies-guide/","supporting"
"clicgear parts","map","/blog/clicgear-rovic-push-buggies-guide/","supporting"
"bag cozy clicgear","map","/blog/clicgear-rovic-push-buggies-guide/","supporting"
"clicgear 2.0 parts","map","/blog/clicgear-rovic-push-buggies-guide/","supporting"
"mgi phone holder","map","/blog/mgi-buggy-accessories-guide/","primary"
"mgi umbrella holder","map","/blog/mgi-buggy-accessories-guide/","supporting"
"mgi zip seat","map","/blog/mgi-buggy-accessories-guide/","supporting"
"mgi umbrella extender","map","/blog/mgi-buggy-accessories-guide/","supporting"
"mgi drink holder","map","/blog/mgi-buggy-accessories-guide/","supporting"
"mgi remote clip","map","/blog/mgi-buggy-accessories-guide/","supporting"
"how to pair mgi remote","map","/blog/mgi-remote-pairing-guide/","primary"
"charging mgi remote","map","/blog/mgi-remote-pairing-guide/","supporting"
"mg remote battery change","map","/blog/mgi-remote-pairing-guide/","supporting"
"mg remote battery replacement","map","/blog/mgi-remote-pairing-guide/","supporting"
"how to pair mgi navigator remote","map","/blog/mgi-remote-pairing-guide/","supporting"
"mgi zip navigator remote pairing","map","/blog/mgi-remote-pairing-guide/","supporting"
"how long to charge mgi battery","map","/blog/mgi-battery-charger-guide/","primary"
"mgi lithium 24v 380wh battery replacement","map","/blog/mgi-battery-charger-guide/","supporting"
"mg battery replacement","map","/blog/mgi-battery-charger-guide/","supporting"
"mgi zip battery","map","/blog/mgi-battery-charger-guide/","supporting"
"charging mgi battery","map","/blog/mgi-battery-charger-guide/","supporting"
"golf cart battery charger not working","map","/blog/mgi-battery-charger-guide/","supporting"
"mgi golf buggies australia","map","/blog/mgi-golf-buggies-australia-guide/","primary"
"mgi golf","map","/blog/mgi-golf-buggies-australia-guide/","supporting"
"mgi australia","map","/blog/mgi-golf-buggies-australia-guide/","supporting"
"mgi golf buggy problems","map","/blog/mgi-golf-buggies-australia-guide/","supporting"
"mgi golf carts","map","/blog/mgi-golf-buggies-australia-guide/","supporting"
"mgi golf buggy spare parts","map","/blog/mgi-golf-buggies-australia-guide/","supporting"
"mgi parts","map","/blog/mgi-parts-wheels-warranty-guide/","primary"
"mgi navigator wheels","map","/blog/mgi-parts-wheels-warranty-guide/","supporting"
"mgi navigator manual","map","/blog/mgi-parts-wheels-warranty-guide/","supporting"
"mgi navigator replacement parts","map","/blog/mgi-parts-wheels-warranty-guide/","supporting"
"mgi navigator spare parts","map","/blog/mgi-parts-wheels-warranty-guide/","supporting"
"mgi zip navigator all terrain manual","map","/blog/mgi-parts-wheels-warranty-guide/","supporting"
"mgi zip navigator no power","map","/blog/mgi-zip-navigator-troubleshooting/","primary"
"mgi navigator reset","map","/blog/mgi-zip-navigator-troubleshooting/","supporting"
"mgi zip navigator 2020","map","/blog/mgi-zip-navigator-troubleshooting/","supporting"
"mgi zip navigator 2024","map","/blog/mgi-zip-navigator-troubleshooting/","supporting"
"mgi zip navigator accessories installation","map","/blog/mgi-zip-navigator-troubleshooting/","supporting"
"mgi zip navigator alignment","map","/blog/mgi-zip-navigator-troubleshooting/","supporting"
"atlas 4-passenger lifted lithium buggy","product-tags","/atlas-4-passenger-lifted-lithium-buggy","tag"
"4 seater golf buggy","product-tags","/atlas-4-passenger-lifted-lithium-buggy","tag"
"luxury golf buggy","product-tags","/atlas-4-passenger-lifted-lithium-buggy","tag"
"lithium golf buggy","product-tags","/atlas-4-passenger-lifted-lithium-buggy","tag"
"48v lithium","product-tags","/atlas-4-passenger-lifted-lithium-buggy","tag"
"3-inch factory lift","product-tags","/atlas-4-passenger-lifted-lithium-buggy","tag"
"custom leather seats","product-tags","/atlas-4-passenger-lifted-lithium-buggy","tag"
"touchscreen display","product-tags","/atlas-4-passenger-lifted-lithium-buggy","tag"
"gated estates","product-tags","/atlas-4-passenger-lifted-lithium-buggy","tag"
"luxury property owners","product-tags","/atlas-4-passenger-lifted-lithium-buggy","tag"
"resort operators","product-tags","/atlas-4-passenger-lifted-lithium-buggy","tag"
"evolution d5 ranger 4+2 plus","product-tags","/evolution-d5-ranger-4-plus-2","tag"
"evolution golf buggy","product-tags","/evolution-d5-ranger-4-plus-2","tag"
"110ah lithium","product-tags","/evolution-d5-ranger-4-plus-2","tag"
"soundbar with bluetooth","product-tags","/evolution-d5-ranger-4-plus-2","tag"
"9-inch touchscreen","product-tags","/evolution-d5-ranger-4-plus-2","tag"
"foldable windshield","product-tags","/evolution-d5-ranger-4-plus-2","tag"
"high net-worth families","product-tags","/evolution-d5-ranger-4-plus-2","tag"
"lifestyle acreage owners","product-tags","/evolution-d5-ranger-4-plus-2","tag"
"golf buggy australia","product-tags","/evolution-d5-ranger-4-plus-2","tag"
"buggy for sale yatala qld","product-tags","/evolution-d5-ranger-4-plus-2","tag"
"club car onward 4-passenger lithium","product-tags","/club-car-onward-4-passenger-lithium","tag"
"ac drive motor","product-tags","/club-car-onward-4-passenger-lithium","tag"
"custom metallic paint","product-tags","/club-car-onward-4-passenger-lithium","tag"
"ergonomic seating","product-tags","/club-car-onward-4-passenger-lithium","tag"
"aircraft-grade aluminum frame","product-tags","/club-car-onward-4-passenger-lithium","tag"
"club car brand loyalists","product-tags","/club-car-onward-4-passenger-lithium","tag"
"premium golf village residents","product-tags","/club-car-onward-4-passenger-lithium","tag"
"tara roadster 2+2 lifted","product-tags","/tara-roadster-2-plus-2-lifted","tag"
"lithium battery","product-tags","/tara-roadster-2-plus-2-lifted","tag"
"lifted chassis","product-tags","/tara-roadster-2-plus-2-lifted","tag"
"hydraulic disc brakes","product-tags","/tara-roadster-2-plus-2-lifted","tag"
"led light package","product-tags","/tara-roadster-2-plus-2-lifted","tag"
"budget-luxury buyers","product-tags","/tara-roadster-2-plus-2-lifted","tag"
"semi-rural properties","product-tags","/tara-roadster-2-plus-2-lifted","tag"
"e-z-go express l6 lithium","product-tags","/ezgo-express-l6-lithium","tag"
"e-z-go golf buggy","product-tags","/ezgo-express-l6-lithium","tag"
"elite lithium technology","product-tags","/ezgo-express-l6-lithium","tag"
"6-passenger seating","product-tags","/ezgo-express-l6-lithium","tag"
"high ground clearance","product-tags","/ezgo-express-l6-lithium","tag"
"heavy duty suspension","product-tags","/ezgo-express-l6-lithium","tag"
"resort transport","product-tags","/ezgo-express-l6-lithium","tag"
"large family estates","product-tags","/ezgo-express-l6-lithium","tag"
"commercial venues","product-tags","/ezgo-express-l6-lithium","tag"
"lvtong 4-seater resort cruiser","product-tags","/lvtong-4-seater-resort-cruiser","tag"
"4kw ac motor","product-tags","/lvtong-4-seater-resort-cruiser","tag"
"maintenance-free lithium","product-tags","/lvtong-4-seater-resort-cruiser","tag"
"on-board charger","product-tags","/lvtong-4-seater-resort-cruiser","tag"
"heavy duty bumper","product-tags","/lvtong-4-seater-resort-cruiser","tag"
"hotels holiday parks community centers","product-tags","/lvtong-4-seater-resort-cruiser","tag"
"club car tempo lithium 2025 model","product-tags","/club-car-tempo-lithium-2025","tag"
"golf buggy for sale australia","product-tags","/club-car-tempo-lithium-2025","tag"
"monaco drive system","product-tags","/club-car-tempo-lithium-2025","tag"
"rust-proof aluminum frame","product-tags","/club-car-tempo-lithium-2025","tag"
"automotive-style dashboard","product-tags","/club-car-tempo-lithium-2025","tag"
"avid golfers","product-tags","/club-car-tempo-lithium-2025","tag"
"private course members","product-tags","/club-car-tempo-lithium-2025","tag"
"e-z-go rxv elite lithium","product-tags","/ezgo-rxv-elite-lithium","tag"
"samsung sdi lithium batteries","product-tags","/ezgo-rxv-elite-lithium","tag"
"automatic electromagnetic brake","product-tags","/ezgo-rxv-elite-lithium","tag"
"high-efficiency ac drive","product-tags","/ezgo-rxv-elite-lithium","tag"
"golfers fleet buyers retirement village residents","product-tags","/ezgo-rxv-elite-lithium","tag"
"yamaha drive2 ac lithium","product-tags","/yamaha-drive2-ac-lithium","tag"
"ultra-comfort seats","product-tags","/yamaha-drive2-ac-lithium","tag"
"wide dash storage","product-tags","/yamaha-drive2-ac-lithium","tag"
"golfers wanting smooth ride comfort","product-tags","/yamaha-drive2-ac-lithium","tag"
"course fleets","product-tags","/yamaha-drive2-ac-lithium","tag"
"tara spirit pro 2-seater","product-tags","/tara-spirit-pro-2-seater","tag"
"lightweight frame","product-tags","/tara-spirit-pro-2-seater","tag"
"rapid charger","product-tags","/tara-spirit-pro-2-seater","tag"
"digital speedometer","product-tags","/tara-spirit-pro-2-seater","tag"
"sweater basket","product-tags","/tara-spirit-pro-2-seater","tag"
"cost-conscious private golfers","product-tags","/tara-spirit-pro-2-seater","tag"
"lvtong 2-passenger golf buggy","product-tags","/lvtong-2-passenger-golf-buggy","tag"
"48v system","product-tags","/lvtong-2-passenger-golf-buggy","tag"
"split foldable windshield","product-tags","/lvtong-2-passenger-golf-buggy","tag"
"dual sand bottles","product-tags","/lvtong-2-passenger-golf-buggy","tag"
"caddy bag holder","product-tags","/lvtong-2-passenger-golf-buggy","tag"
"budget private buyers","product-tags","/lvtong-2-passenger-golf-buggy","tag"
"local golf clubs","product-tags","/lvtong-2-passenger-golf-buggy","tag"
"evolution classic 2 plus","product-tags","/evolution-classic-2-plus","tag"
"6.3-inch lcd screen","product-tags","/evolution-classic-2-plus","tag"
"lithium-ion battery","product-tags","/evolution-classic-2-plus","tag"
"two-tone seats","product-tags","/evolution-classic-2-plus","tag"
"side mirrors with turn signals","product-tags","/evolution-classic-2-plus","tag"
"modern tech-focused golfers","product-tags","/evolution-classic-2-plus","tag"
"atlas 4-seater heavy duty lifted 350a","product-tags","/atlas-4-seater-heavy-duty-lifted-350a","tag"
"350a controller","product-tags","/atlas-4-seater-heavy-duty-lifted-350a","tag"
"4-wheel hydraulic brakes","product-tags","/atlas-4-seater-heavy-duty-lifted-350a","tag"
"rugged all-terrain tires","product-tags","/atlas-4-seater-heavy-duty-lifted-350a","tag"
"brush guard","product-tags","/atlas-4-seater-heavy-duty-lifted-350a","tag"
"acreage owners","product-tags","/atlas-4-seater-heavy-duty-lifted-350a","tag"
"hilly farm tracks","product-tags","/atlas-4-seater-heavy-duty-lifted-350a","tag"
"rural properties","product-tags","/atlas-4-seater-heavy-duty-lifted-350a","tag"
"evolution d-max gt4 off-road","product-tags","/evolution-d-max-gt4-off-road","tag"
"heavy duty roll cage","product-tags","/evolution-d-max-gt4-off-road","tag"
"independent off-road suspension","product-tags","/evolution-d-max-gt4-off-road","tag"
"integrated winch","product-tags","/evolution-d-max-gt4-off-road","tag"
"high-power ac engine","product-tags","/evolution-d-max-gt4-off-road","tag"
"hunters large property managers trail enthusiasts","product-tags","/evolution-d-max-gt4-off-road","tag"
"e-z-go express s4 lifted high-torque","product-tags","/ezgo-express-s4-lifted-high-torque","tag"
"4-inch lift kit","product-tags","/ezgo-express-s4-lifted-high-torque","tag"
"desert eagle all-terrain tires","product-tags","/ezgo-express-s4-lifted-high-torque","tag"
"convertible rear seat to cargo bed","product-tags","/ezgo-express-s4-lifted-high-torque","tag"
"rural families","product-tags","/ezgo-express-s4-lifted-high-torque","tag"
"farm transport","product-tags","/ezgo-express-s4-lifted-high-torque","tag"
"lvtong rough-terrain lifted buggy","product-tags","/lvtong-rough-terrain-lifted-buggy","tag"
"reinforced steel subframe","product-tags","/lvtong-rough-terrain-lifted-buggy","tag"
"front led light bar","product-tags","/lvtong-rough-terrain-lifted-buggy","tag"
"farmers orchard owners bush properties","product-tags","/lvtong-rough-terrain-lifted-buggy","tag"
"club car onward lifted efi petrol","product-tags","/club-car-onward-lifted-efi-petrol","tag"
"kohler 14hp efi petrol engine","product-tags","/club-car-onward-lifted-efi-petrol","tag"
"lifted suspension","product-tags","/club-car-onward-lifted-efi-petrol","tag"
"all-terrain tread","product-tags","/club-car-onward-lifted-efi-petrol","tag"
"buyers without grid power access","product-tags","/club-car-onward-lifted-efi-petrol","tag"
"long-distance farm users","product-tags","/club-car-onward-lifted-efi-petrol","tag"
"tara roadster 4 off-road","product-tags","/tara-roadster-4-off-road","tag"
"high-torque gear ratio","product-tags","/tara-roadster-4-off-road","tag"
"12-inch off-road rims","product-tags","/tara-roadster-4-off-road","tag"
"rear cargo tray option","product-tags","/tara-roadster-4-off-road","tag"
"property owners needing steep incline power","product-tags","/tara-roadster-4-off-road","tag"
"club car carryall 700 electric utility","product-tags","/club-car-carryall-700-electric-utility","tag"
"utility buggy","product-tags","/club-car-carryall-700-electric-utility","tag"
"commercial buggy","product-tags","/club-car-carryall-700-electric-utility","tag"
"farm buggy","product-tags","/club-car-carryall-700-electric-utility","tag"
"cargo buggy","product-tags","/club-car-carryall-700-electric-utility","tag"
"6-foot aluminum cargo box","product-tags","/club-car-carryall-700-electric-utility","tag"
"680kg payload capacity","product-tags","/club-car-carryall-700-electric-utility","tag"
"heavy-duty tow hitch","product-tags","/club-car-carryall-700-electric-utility","tag"
"councils maintenance teams commercial farms","product-tags","/club-car-carryall-700-electric-utility","tag"
"e-z-go cushman hauler pro lithium","product-tags","/ezgo-cushman-hauler-pro-lithium","tag"
"72v ac drive","product-tags","/ezgo-cushman-hauler-pro-lithium","tag"
"electric cargo bed dump option","product-tags","/ezgo-cushman-hauler-pro-lithium","tag"
"544kg towing capacity","product-tags","/ezgo-cushman-hauler-pro-lithium","tag"
"turf managers schools university campuses","product-tags","/ezgo-cushman-hauler-pro-lithium","tag"
"yamaha umax rally efi petrol","product-tags","/yamaha-umax-rally-efi-petrol","tag"
"efi utility buggy","product-tags","/yamaha-umax-rally-efi-petrol","tag"
"petrol utility buggy","product-tags","/yamaha-umax-rally-efi-petrol","tag"
"402cc yamaha efi engine","product-tags","/yamaha-umax-rally-efi-petrol","tag"
"side-filling fuel tank","product-tags","/yamaha-umax-rally-efi-petrol","tag"
"bucket seats","product-tags","/yamaha-umax-rally-efi-petrol","tag"
"under-hood storage","product-tags","/yamaha-umax-rally-efi-petrol","tag"
"livestock properties","product-tags","/yamaha-umax-rally-efi-petrol","tag"
"large regional venues","product-tags","/yamaha-umax-rally-efi-petrol","tag"
"evolution 700 heavy commercial utility","product-tags","/evolution-700-heavy-commercial-utility","tag"
"drop-side flatbed tray","product-tags","/evolution-700-heavy-commercial-utility","tag"
"lithium-ion","product-tags","/evolution-700-heavy-commercial-utility","tag"
"high-output headlights","product-tags","/evolution-700-heavy-commercial-utility","tag"
"tow bar","product-tags","/evolution-700-heavy-commercial-utility","tag"
"facility management","product-tags","/evolution-700-heavy-commercial-utility","tag"
"security patrols","product-tags","/evolution-700-heavy-commercial-utility","tag"
"lvtong commercial flatbed / cargo buggy","product-tags","/lvtong-commercial-flatbed-cargo-buggy","tag"
"resort shuttle buggy","product-tags","/lvtong-commercial-flatbed-cargo-buggy","tag"
"steel mesh flatbed","product-tags","/lvtong-commercial-flatbed-cargo-buggy","tag"
"low loader height","product-tags","/lvtong-commercial-flatbed-cargo-buggy","tag"
"regenerative braking","product-tags","/lvtong-commercial-flatbed-cargo-buggy","tag"
"warehouses nurseries eco-resort groundskeepers","product-tags","/lvtong-commercial-flatbed-cargo-buggy","tag"
"club car transporter 6 commercial","product-tags","/club-car-transporter-6-commercial","tag"
"6-passenger forward-facing seating","product-tags","/club-car-transporter-6-commercial","tag"
"armor-flex body","product-tags","/club-car-transporter-6-commercial","tag"
"heavy-duty axles","product-tags","/club-car-transporter-6-commercial","tag"
"airports mines large resort guest shuttles","product-tags","/club-car-transporter-6-commercial","tag"
"yamaha drive2 quiettech efi petrol","product-tags","/yamaha-drive2-quiettech-efi-petrol","tag"
"efi golf buggy","product-tags","/yamaha-drive2-quiettech-efi-petrol","tag"
"fully independent rear suspension","product-tags","/yamaha-drive2-quiettech-efi-petrol","tag"
"high mpg","product-tags","/yamaha-drive2-quiettech-efi-petrol","tag"
"club car tempo efi petrol","product-tags","/club-car-tempo-efi-petrol","tag"
"14hp single cylinder engine","product-tags","/club-car-tempo-efi-petrol","tag"
"overhead cam","product-tags","/club-car-tempo-efi-petrol","tag"
"tank capacity 25.4l","product-tags","/club-car-tempo-efi-petrol","tag"
"traditional rural users","product-tags","/club-car-tempo-efi-petrol","tag"
"remote property caretakers","product-tags","/club-car-tempo-efi-petrol","tag"
"e-z-go freedom rxv gas","product-tags","/ezgo-freedom-rxv-gas","tag"
"ex1 closed-loop efi petrol engine","product-tags","/ezgo-freedom-rxv-gas","tag"
"low maintenance","product-tags","/ezgo-freedom-rxv-gas","tag"
"energy efficient","product-tags","/ezgo-freedom-rxv-gas","tag"
"farmers acreage owners","product-tags","/ezgo-freedom-rxv-gas","tag"
"cushman hauler 1200 gas utility","product-tags","/cushman-hauler-1200-gas-utility","tag"
"13.5hp kawasaki engine","product-tags","/cushman-hauler-1200-gas-utility","tag"
"manual dump bed","product-tags","/cushman-hauler-1200-gas-utility","tag"
"544kg total load capacity","product-tags","/cushman-hauler-1200-gas-utility","tag"
"heavy agricultural property work","product-tags","/cushman-hauler-1200-gas-utility","tag"
"yamaha umax one efi utility","product-tags","/yamaha-umax-one-efi-utility","tag"
"compact utility bed","product-tags","/yamaha-umax-one-efi-utility","tag"
"one-hand latch system","product-tags","/yamaha-umax-one-efi-utility","tag"
"high comfort bucket seats","product-tags","/yamaha-umax-one-efi-utility","tag"
"small farms","product-tags","/yamaha-umax-one-efi-utility","tag"
"lifestyle blocks","product-tags","/yamaha-umax-one-efi-utility","tag"
"sport venues","product-tags","/yamaha-umax-one-efi-utility","tag"
"club car carryall 300 petrol","product-tags","/club-car-carryall-300-petrol","tag"
"14hp engine","product-tags","/club-car-carryall-300-petrol","tag"
"compact turning radius","product-tags","/club-car-carryall-300-petrol","tag"
"light commercial","product-tags","/club-car-carryall-300-petrol","tag"
"school groundskeeping","product-tags","/club-car-carryall-300-petrol","tag"
"mgi ai navigator gps remote buggy","product-tags","/mgi-ai-navigator-gps-remote-buggy","tag"
"walk behind golf buggy","product-tags","/mgi-ai-navigator-gps-remote-buggy","tag"
"lithium golf trolley","product-tags","/mgi-ai-navigator-gps-remote-buggy","tag"
"gps golf trolley","product-tags","/mgi-ai-navigator-gps-remote-buggy","tag"
"full directional remote","product-tags","/mgi-ai-navigator-gps-remote-buggy","tag"
"integrated touchscreen gps","product-tags","/mgi-ai-navigator-gps-remote-buggy","tag"
"gyroscope straight tracker","product-tags","/mgi-ai-navigator-gps-remote-buggy","tag"
"private golfers walking the course","product-tags","/mgi-ai-navigator-gps-remote-buggy","tag"
"mgi zip navigator all-terrain","product-tags","/mgi-zip-navigator-all-terrain","tag"
"twin 230w motors","product-tags","/mgi-zip-navigator-all-terrain","tag"
"24v 380wh lithium battery","product-tags","/mgi-zip-navigator-all-terrain","tag"
"rear anti-tip 5th wheel","product-tags","/mgi-zip-navigator-all-terrain","tag"
"walk-behind golfers wanting all-terrain stability","product-tags","/mgi-zip-navigator-all-terrain","tag"
"mgi 2024 zip x5 36-hole lithium","product-tags","/mgi-2024-zip-x5-36-hole-lithium","tag"
"downhill speed control","product-tags","/mgi-2024-zip-x5-36-hole-lithium","tag"
"electronic park brake","product-tags","/mgi-2024-zip-x5-36-hole-lithium","tag"
"distance control function","product-tags","/mgi-2024-zip-x5-36-hole-lithium","tag"
"golfers playing long 36-hole days","product-tags","/mgi-2024-zip-x5-36-hole-lithium","tag"
"powakaddy fx7 gps lithium","product-tags","/powakaddy-fx7-gps-lithium","tag"
"high-power 30v plug n play lithium","product-tags","/powakaddy-fx7-gps-lithium","tag"
"tech-savvy golfers seeking uk engineering","product-tags","/powakaddy-fx7-gps-lithium","tag"
"robera pro follow remote golf buggy","product-tags","/robera-pro-follow-remote-golf-buggy","tag"
"follow me golf buggy","product-tags","/robera-pro-follow-remote-golf-buggy","tag"
"smart follow tracking tag","product-tags","/robera-pro-follow-remote-golf-buggy","tag"
"remote control dual-mode","product-tags","/robera-pro-follow-remote-golf-buggy","tag"
"all-terrain dual motors","product-tags","/robera-pro-follow-remote-golf-buggy","tag"
"premium walk-behind buyers seeking hands-free tech","product-tags","/robera-pro-follow-remote-golf-buggy","tag"
"mgi zip x1 lithium buggy","product-tags","/mgi-zip-x1-lithium-buggy","tag"
"simple speed dial","product-tags","/mgi-zip-x1-lithium-buggy","tag"
"click & go lithium system","product-tags","/mgi-zip-x1-lithium-buggy","tag"
"compact fold mechanism","product-tags","/mgi-zip-x1-lithium-buggy","tag"
"first-time motorised buggy buyers","product-tags","/mgi-zip-x1-lithium-buggy","tag"
"eco battery 48v 105ah lithium conversion kit","product-tags","/eco-battery-48v-105ah-lithium-conversion-kit","tag"
"eco battery golf buggy battery","product-tags","/eco-battery-48v-105ah-lithium-conversion-kit","tag"
"lithium golf buggy battery","product-tags","/eco-battery-48v-105ah-lithium-conversion-kit","tag"
"lithium conversion kit","product-tags","/eco-battery-48v-105ah-lithium-conversion-kit","tag"
"digital gauge","product-tags","/eco-battery-48v-105ah-lithium-conversion-kit","tag"
"mounting bracket","product-tags","/eco-battery-48v-105ah-lithium-conversion-kit","tag"
"universal harness","product-tags","/eco-battery-48v-105ah-lithium-conversion-kit","tag"
"golf cart owners upgrading from lead-acid to lithium","product-tags","/eco-battery-48v-105ah-lithium-conversion-kit","tag"
"lithium conversion kit 48v","product-tags","/eco-battery-48v-105ah-lithium-conversion-kit","tag"
"105ah lithium conversion","product-tags","/eco-battery-48v-105ah-lithium-conversion-kit","tag"
"roypow 48v 105ah golf cart lithium battery pack","product-tags","/roypow-48v-105ah-lithium-battery-pack","tag"
"roypow golf buggy battery","product-tags","/roypow-48v-105ah-lithium-battery-pack","tag"
"drop-in replacement","product-tags","/roypow-48v-105ah-lithium-battery-pack","tag"
"built-in bms","product-tags","/roypow-48v-105ah-lithium-battery-pack","tag"
"5-year warranty","product-tags","/roypow-48v-105ah-lithium-battery-pack","tag"
"thermal protection","product-tags","/roypow-48v-105ah-lithium-battery-pack","tag"
"club car precedent / ezgo rxv owners","product-tags","/roypow-48v-105ah-lithium-battery-pack","tag"
"48v lithium battery pack","product-tags","/roypow-48v-105ah-lithium-battery-pack","tag"
"105ah lithium battery","product-tags","/roypow-48v-105ah-lithium-battery-pack","tag"
"drop in lithium battery","product-tags","/roypow-48v-105ah-lithium-battery-pack","tag"
"roypow 72v 105ah commercial lithium battery pack","product-tags","/roypow-72v-105ah-commercial-lithium-battery","tag"
"72v 105ah","product-tags","/roypow-72v-105ah-commercial-lithium-battery","tag"
"resort fleets","product-tags","/roypow-72v-105ah-commercial-lithium-battery","tag"
"security patrols and grounds teams running 72v vehicles","product-tags","/roypow-72v-105ah-commercial-lithium-battery","tag"
"72v lithium battery pack","product-tags","/roypow-72v-105ah-commercial-lithium-battery","tag"
"commercial lithium battery","product-tags","/roypow-72v-105ah-commercial-lithium-battery","tag"
"invicta 48v 50ah lithium drop-in module","product-tags","/invicta-48v-50ah-lithium-drop-in-module","tag"
"invicta golf buggy accessory","product-tags","/invicta-48v-50ah-lithium-drop-in-module","tag"
"parallel expansion capable","product-tags","/invicta-48v-50ah-lithium-drop-in-module","tag"
"integrated bluetooth monitoring","product-tags","/invicta-48v-50ah-lithium-drop-in-module","tag"
"compact or light-duty cart owners","product-tags","/invicta-48v-50ah-lithium-drop-in-module","tag"
"48v lithium battery","product-tags","/invicta-48v-50ah-lithium-drop-in-module","tag"
"drop in lithium module","product-tags","/invicta-48v-50ah-lithium-drop-in-module","tag"
"bluetooth battery monitor","product-tags","/invicta-48v-50ah-lithium-drop-in-module","tag"
"50ah lithium battery","product-tags","/invicta-48v-50ah-lithium-drop-in-module","tag"
"trojan t-875 8v deep cycle lead acid battery","product-tags","/trojan-t-875-8v-deep-cycle-lead-acid-battery","tag"
"trojan golf buggy battery","product-tags","/trojan-t-875-8v-deep-cycle-lead-acid-battery","tag"
"lead acid golf buggy battery","product-tags","/trojan-t-875-8v-deep-cycle-lead-acid-battery","tag"
"8v deep cycle","product-tags","/trojan-t-875-8v-deep-cycle-lead-acid-battery","tag"
"t2 technology","product-tags","/trojan-t-875-8v-deep-cycle-lead-acid-battery","tag"
"high capacity grid design","product-tags","/trojan-t-875-8v-deep-cycle-lead-acid-battery","tag"
"fleet operators","product-tags","/trojan-t-875-8v-deep-cycle-lead-acid-battery","tag"
"standard golf carts","product-tags","/trojan-t-875-8v-deep-cycle-lead-acid-battery","tag"
"8v deep cycle battery","product-tags","/trojan-t-875-8v-deep-cycle-lead-acid-battery","tag"
"trojan deep cycle battery","product-tags","/trojan-t-875-8v-deep-cycle-lead-acid-battery","tag"
"golf buggy deep cycle battery","product-tags","/trojan-t-875-8v-deep-cycle-lead-acid-battery","tag"
"delta-q quiq 48v smart on-board charger","product-tags","/delta-q-quiq-48v-smart-on-board-charger","tag"
"delta-q golf buggy charger","product-tags","/delta-q-quiq-48v-smart-on-board-charger","tag"
"multi-profile charging algorithms","product-tags","/delta-q-quiq-48v-smart-on-board-charger","tag"
"weatherproof sealed enclosure","product-tags","/delta-q-quiq-48v-smart-on-board-charger","tag"
"e-z-go rxv / txt owners needing charger replacement","product-tags","/delta-q-quiq-48v-smart-on-board-charger","tag"
"on board charger","product-tags","/delta-q-quiq-48v-smart-on-board-charger","tag"
"48v smart charger","product-tags","/delta-q-quiq-48v-smart-on-board-charger","tag"
"weatherproof charger","product-tags","/delta-q-quiq-48v-smart-on-board-charger","tag"
"multi-profile charger","product-tags","/delta-q-quiq-48v-smart-on-board-charger","tag"
"club car eric 48v high-frequency charger","product-tags","/club-car-eric-48v-high-frequency-charger","tag"
"automatic voltage compensation","product-tags","/club-car-eric-48v-high-frequency-charger","tag"
"global ac input compatibility","product-tags","/club-car-eric-48v-high-frequency-charger","tag"
"club car precedent & tempo owners","product-tags","/club-car-eric-48v-high-frequency-charger","tag"
"48v charger","product-tags","/club-car-eric-48v-high-frequency-charger","tag"
"high frequency charger","product-tags","/club-car-eric-48v-high-frequency-charger","tag"
"club car charger","product-tags","/club-car-eric-48v-high-frequency-charger","tag"
"global ac input charger","product-tags","/club-car-eric-48v-high-frequency-charger","tag"
"mgi 24v lithium battery 24-spindle / 36 hole","product-tags","/mgi-24v-lithium-battery-36-hole","tag"
"24v 380wh capacity","product-tags","/mgi-24v-lithium-battery-36-hole","tag"
"advanced bms","product-tags","/mgi-24v-lithium-battery-36-hole","tag"
"click & go design","product-tags","/mgi-24v-lithium-battery-36-hole","tag"
"owners of mgi zip & ai series buggies","product-tags","/mgi-24v-lithium-battery-36-hole","tag"
"24v lithium golf trolley battery","product-tags","/mgi-24v-lithium-battery-36-hole","tag"
"mgi spare battery","product-tags","/mgi-24v-lithium-battery-36-hole","tag"
"36 hole lithium battery","product-tags","/mgi-24v-lithium-battery-36-hole","tag"
"curtis 1268 400a programmable motor controller","product-tags","/curtis-1268-400a-programmable-motor-controller","tag"
"curtis golf buggy accessory","product-tags","/curtis-1268-400a-programmable-motor-controller","tag"
"golf buggy accessory","product-tags","/curtis-1268-400a-programmable-motor-controller","tag"
"400 amp peak output","product-tags","/curtis-1268-400a-programmable-motor-controller","tag"
"regenerative braking control","product-tags","/curtis-1268-400a-programmable-motor-controller","tag"
"programmable curves","product-tags","/curtis-1268-400a-programmable-motor-controller","tag"
"lifted cart builders","product-tags","/curtis-1268-400a-programmable-motor-controller","tag"
"performance tuners","product-tags","/curtis-1268-400a-programmable-motor-controller","tag"
"golf buggy motor controller","product-tags","/curtis-1268-400a-programmable-motor-controller","tag"
"programmable controller","product-tags","/curtis-1268-400a-programmable-motor-controller","tag"
"regenerative braking controller","product-tags","/curtis-1268-400a-programmable-motor-controller","tag"
"400a controller","product-tags","/curtis-1268-400a-programmable-motor-controller","tag"
"navitas 600a ac controller upgrade kit","product-tags","/navitas-600a-ac-controller-upgrade-kit","tag"
"navitas golf buggy accessory","product-tags","/navitas-600a-ac-controller-upgrade-kit","tag"
"up to 600 amps output","product-tags","/navitas-600a-ac-controller-upgrade-kit","tag"
"golfers needing speed 40+ km/h & hill climbing torque","product-tags","/navitas-600a-ac-controller-upgrade-kit","tag"
"ac controller upgrade","product-tags","/navitas-600a-ac-controller-upgrade-kit","tag"
"600 amp controller","product-tags","/navitas-600a-ac-controller-upgrade-kit","tag"
"golf buggy controller upgrade","product-tags","/navitas-600a-ac-controller-upgrade-kit","tag"
"bluetooth lockout controller","product-tags","/navitas-600a-ac-controller-upgrade-kit","tag"
"universal 48v/36v to 12v 30a voltage reducer","product-tags","/universal-48v-to-12v-30a-voltage-reducer","tag"
"key-switch triggered","product-tags","/universal-48v-to-12v-30a-voltage-reducer","tag"
"waterproof cast aluminum housing","product-tags","/universal-48v-to-12v-30a-voltage-reducer","tag"
"diy cart builders adding lights audio or horns","product-tags","/universal-48v-to-12v-30a-voltage-reducer","tag"
"48v to 12v converter","product-tags","/universal-48v-to-12v-30a-voltage-reducer","tag"
"golf buggy voltage reducer","product-tags","/universal-48v-to-12v-30a-voltage-reducer","tag"
"12v accessory power","product-tags","/universal-48v-to-12v-30a-voltage-reducer","tag"
"dc converter","product-tags","/universal-48v-to-12v-30a-voltage-reducer","tag"
"madjax alpha lux street legal led light kit","product-tags","/madjax-alpha-lux-street-legal-led-light-kit","tag"
"madjax golf buggy accessory","product-tags","/madjax-alpha-lux-street-legal-led-light-kit","tag"
"automotive turn signals","product-tags","/madjax-alpha-lux-street-legal-led-light-kit","tag"
"hazard lights","product-tags","/madjax-alpha-lux-street-legal-led-light-kit","tag"
"brake switch included","product-tags","/madjax-alpha-lux-street-legal-led-light-kit","tag"
"gated estate drivers driving at night","product-tags","/madjax-alpha-lux-street-legal-led-light-kit","tag"
"golf buggy led lights","product-tags","/madjax-alpha-lux-street-legal-led-light-kit","tag"
"led light kit","product-tags","/madjax-alpha-lux-street-legal-led-light-kit","tag"
"turn signal kit","product-tags","/madjax-alpha-lux-street-legal-led-light-kit","tag"
"hazard light kit","product-tags","/madjax-alpha-lux-street-legal-led-light-kit","tag"
"heavy duty 4-wheel hydraulic disc brake kit","product-tags","/heavy-duty-4-wheel-hydraulic-disc-brake-kit","tag"
"dual-piston calipers","product-tags","/heavy-duty-4-wheel-hydraulic-disc-brake-kit","tag"
"stainless steel lines","product-tags","/heavy-duty-4-wheel-hydraulic-disc-brake-kit","tag"
"direct bolt-on","product-tags","/heavy-duty-4-wheel-hydraulic-disc-brake-kit","tag"
"heavy utility and fast lifted cart owners","product-tags","/heavy-duty-4-wheel-hydraulic-disc-brake-kit","tag"
"golf buggy brake kit","product-tags","/heavy-duty-4-wheel-hydraulic-disc-brake-kit","tag"
"dual piston calipers","product-tags","/heavy-duty-4-wheel-hydraulic-disc-brake-kit","tag"
"bolt-on brake kit","product-tags","/heavy-duty-4-wheel-hydraulic-disc-brake-kit","tag"
"all-weather heavy-duty pvc enclosure","product-tags","/all-weather-heavy-duty-pvc-enclosure","tag"
"roll-up clear vinyl windows","product-tags","/all-weather-heavy-duty-pvc-enclosure","tag"
"heavy duty zippers","product-tags","/all-weather-heavy-duty-pvc-enclosure","tag"
"universal fit options","product-tags","/all-weather-heavy-duty-pvc-enclosure","tag"
"golfers playing in rain","product-tags","/all-weather-heavy-duty-pvc-enclosure","tag"
"winter drivers","product-tags","/all-weather-heavy-duty-pvc-enclosure","tag"
"golf buggy enclosure","product-tags","/all-weather-heavy-duty-pvc-enclosure","tag"
"all weather enclosure","product-tags","/all-weather-heavy-duty-pvc-enclosure","tag"
"roll up vinyl enclosure","product-tags","/all-weather-heavy-duty-pvc-enclosure","tag"
"golf buggy rain cover","product-tags","/all-weather-heavy-duty-pvc-enclosure","tag"
"all-terrain 23x10.5-12 wheel & tyre combo set of 4","product-tags","/all-terrain-23x10-5-12-wheel-tyre-combo","tag"
"12-inch machined alloy rims","product-tags","/all-terrain-23x10-5-12-wheel-tyre-combo","tag"
"6-ply off-road tread","product-tags","/all-terrain-23x10-5-12-wheel-tyre-combo","tag"
"lifted cart owners","product-tags","/all-terrain-23x10-5-12-wheel-tyre-combo","tag"
"property buyers","product-tags","/all-terrain-23x10-5-12-wheel-tyre-combo","tag"
"all terrain wheel tyre combo","product-tags","/all-terrain-23x10-5-12-wheel-tyre-combo","tag"
"golf buggy wheels and tyres","product-tags","/all-terrain-23x10-5-12-wheel-tyre-combo","tag"
"all terrain tyres","product-tags","/all-terrain-23x10-5-12-wheel-tyre-combo","tag"
"12 inch alloy wheels","product-tags","/all-terrain-23x10-5-12-wheel-tyre-combo","tag"
"23x10.5-12 tyres","product-tags","/all-terrain-23x10-5-12-wheel-tyre-combo","tag"
"foldable tinted acrylic windshield system","product-tags","/foldable-tinted-acrylic-windshield-system","tag"
"high-impact acrylic","product-tags","/foldable-tinted-acrylic-windshield-system","tag"
"snug noise-reduction clips","product-tags","/foldable-tinted-acrylic-windshield-system","tag"
"uv protection","product-tags","/foldable-tinted-acrylic-windshield-system","tag"
"club car ezgo and yamaha owners","product-tags","/foldable-tinted-acrylic-windshield-system","tag"
"golf buggy windshield","product-tags","/foldable-tinted-acrylic-windshield-system","tag"
"tinted acrylic windshield","product-tags","/foldable-tinted-acrylic-windshield-system","tag"
"uv protection windshield","product-tags","/foldable-tinted-acrylic-windshield-system","tag"
"heavy duty solenoid albright 48vdc 200a","product-tags","/heavy-duty-solenoid-albright-48vdc-200a","tag"
"albright golf buggy accessory","product-tags","/heavy-duty-solenoid-albright-48vdc-200a","tag"
"continuous duty rating","product-tags","/heavy-duty-solenoid-albright-48vdc-200a","tag"
"silver alloy contacts","product-tags","/heavy-duty-solenoid-albright-48vdc-200a","tag"
"carts experiencing ignition or starting issues","product-tags","/heavy-duty-solenoid-albright-48vdc-200a","tag"
"golf buggy solenoid","product-tags","/heavy-duty-solenoid-albright-48vdc-200a","tag"
"48v solenoid","product-tags","/heavy-duty-solenoid-albright-48vdc-200a","tag"
"200 amp solenoid","product-tags","/heavy-duty-solenoid-albright-48vdc-200a","tag"
"albright solenoid","product-tags","/heavy-duty-solenoid-albright-48vdc-200a","tag"
"replacement mgi ai & zip remote controller unit","product-tags","/replacement-mgi-ai-zip-remote-controller","tag"
"mgi golf buggy accessory","product-tags","/replacement-mgi-ai-zip-remote-controller","tag"
"pre-programmed pairing capability","product-tags","/replacement-mgi-ai-zip-remote-controller","tag"
"usb-c rechargeable","product-tags","/replacement-mgi-ai-zip-remote-controller","tag"
"mgi buggy owners who lost or damaged their remote","product-tags","/replacement-mgi-ai-zip-remote-controller","tag"
"golf trolley remote","product-tags","/replacement-mgi-ai-zip-remote-controller","tag"
"mgi remote control","product-tags","/replacement-mgi-ai-zip-remote-controller","tag"
"replacement remote controller","product-tags","/replacement-mgi-ai-zip-remote-controller","tag"
"usb-c rechargeable remote","product-tags","/replacement-mgi-ai-zip-remote-controller","tag"
"golf cart side mirrors with integrated led indicators","product-tags","/golf-cart-side-mirrors-integrated-led-indicators","tag"
"convex glass for wide angle view","product-tags","/golf-cart-side-mirrors-integrated-led-indicators","tag"
"integrated led amber indicators","product-tags","/golf-cart-side-mirrors-integrated-led-indicators","tag"
"road-registered or estate golf buggy users","product-tags","/golf-cart-side-mirrors-integrated-led-indicators","tag"
"golf buggy side mirrors","product-tags","/golf-cart-side-mirrors-integrated-led-indicators","tag"
"led indicator mirrors","product-tags","/golf-cart-side-mirrors-integrated-led-indicators","tag"
"convex side mirrors","product-tags","/golf-cart-side-mirrors-integrated-led-indicators","tag"
"estate golf buggy mirrors","product-tags","/golf-cart-side-mirrors-integrated-led-indicators","tag"
"heavy duty rear flip seat kit converts 2 to 4 seater","product-tags","/heavy-duty-rear-flip-seat-kit-2-to-4","tag"
"folds flat into flatbed cargo tray","product-tags","/heavy-duty-rear-flip-seat-kit-2-to-4","tag"
"powder-coated steel frame","product-tags","/heavy-duty-rear-flip-seat-kit-2-to-4","tag"
"owners wanting to expand 2-seater capacity to 4","product-tags","/heavy-duty-rear-flip-seat-kit-2-to-4","tag"
"rear flip seat kit","product-tags","/heavy-duty-rear-flip-seat-kit-2-to-4","tag"
"golf buggy rear seat","product-tags","/heavy-duty-rear-flip-seat-kit-2-to-4","tag"
"flatbed rear seat","product-tags","/heavy-duty-rear-flip-seat-kit-2-to-4","tag"
"heavy duty tow hitch & ball assembly","product-tags","/heavy-duty-tow-hitch-ball-assembly","tag"
"2-inch receiver","product-tags","/heavy-duty-tow-hitch-ball-assembly","tag"
"powder coated steel","product-tags","/heavy-duty-tow-hitch-ball-assembly","tag"
"mounting hardware included","product-tags","/heavy-duty-tow-hitch-ball-assembly","tag"
"farm cart owners pulling trailers or mowers","product-tags","/heavy-duty-tow-hitch-ball-assembly","tag"
"golf buggy tow hitch","product-tags","/heavy-duty-tow-hitch-ball-assembly","tag"
"2 inch receiver hitch","product-tags","/heavy-duty-tow-hitch-ball-assembly","tag"
"trailer hitch for golf buggy","product-tags","/heavy-duty-tow-hitch-ball-assembly","tag"
"tow ball assembly","product-tags","/heavy-duty-tow-hitch-ball-assembly","tag"
"golf cart solar charging panel expansion kit 175w","product-tags","/golf-cart-solar-charging-panel-expansion-kit","tag"
"golf buggy solar charging","product-tags","/golf-cart-solar-charging-panel-expansion-kit","tag"
"flexible rooftop panel","product-tags","/golf-cart-solar-charging-panel-expansion-kit","tag"
"mppt charge controller 36v/48v","product-tags","/golf-cart-solar-charging-panel-expansion-kit","tag"
"acreage cart owners parked away from power","product-tags","/golf-cart-solar-charging-panel-expansion-kit","tag"
"solar panel for golf buggy","product-tags","/golf-cart-solar-charging-panel-expansion-kit","tag"
"mppt charge controller","product-tags","/golf-cart-solar-charging-panel-expansion-kit","tag"
"waterproof marine grade bluetooth soundbar 26-inch","product-tags","/waterproof-marine-grade-bluetooth-soundbar","tag"
"ip67 waterproof","product-tags","/waterproof-marine-grade-bluetooth-soundbar","tag"
"integrated rgb lights","product-tags","/waterproof-marine-grade-bluetooth-soundbar","tag"
"direct clamp to roll cage","product-tags","/waterproof-marine-grade-bluetooth-soundbar","tag"
"resort and lifestyle cart drivers","product-tags","/waterproof-marine-grade-bluetooth-soundbar","tag"
"golf buggy sound system","product-tags","/waterproof-marine-grade-bluetooth-soundbar","tag"
"bluetooth soundbar","product-tags","/waterproof-marine-grade-bluetooth-soundbar","tag"
"waterproof golf buggy speaker","product-tags","/waterproof-marine-grade-bluetooth-soundbar","tag"
"ip67 soundbar","product-tags","/waterproof-marine-grade-bluetooth-soundbar","tag"
"retractable seatbelt system set front & rear","product-tags","/retractable-seatbelt-system-set","tag"
"3-point lap & shoulder harness","product-tags","/retractable-seatbelt-system-set","tag"
"bracket kit included","product-tags","/retractable-seatbelt-system-set","tag"
"e-mark certified","product-tags","/retractable-seatbelt-system-set","tag"
"families with kids","product-tags","/retractable-seatbelt-system-set","tag"
"estate road compliance","product-tags","/retractable-seatbelt-system-set","tag"
"golf buggy seat belts","product-tags","/retractable-seatbelt-system-set","tag"
"retractable seatbelts","product-tags","/retractable-seatbelt-system-set","tag"
"lockable dash glove box storage system","product-tags","/lockable-dash-glove-box-storage-system","tag"
"carbon fiber finish","product-tags","/lockable-dash-glove-box-storage-system","tag"
"dual keys","product-tags","/lockable-dash-glove-box-storage-system","tag"
"golfers leaving valuables at the club or resort","product-tags","/lockable-dash-glove-box-storage-system","tag"
"golf buggy glove box","product-tags","/lockable-dash-glove-box-storage-system","tag"
"lockable dash storage","product-tags","/lockable-dash-glove-box-storage-system","tag"
"dual key glove box","product-tags","/lockable-dash-glove-box-storage-system","tag"
"dash storage box","product-tags","/lockable-dash-glove-box-storage-system","tag"
"heavy duty sand bottle assembly dual set","product-tags","/heavy-duty-sand-bottle-assembly-dual-set","tag"
"rattle-free bracket mounts","product-tags","/heavy-duty-sand-bottle-assembly-dual-set","tag"
"easy-pour curved neck design","product-tags","/heavy-duty-sand-bottle-assembly-dual-set","tag"
"private golf cart owners","product-tags","/heavy-duty-sand-bottle-assembly-dual-set","tag"
"course operators","product-tags","/heavy-duty-sand-bottle-assembly-dual-set","tag"
"golf buggy sand bottle","product-tags","/heavy-duty-sand-bottle-assembly-dual-set","tag"
"dual sand bottle set","product-tags","/heavy-duty-sand-bottle-assembly-dual-set","tag"
"divot sand bottle","product-tags","/heavy-duty-sand-bottle-assembly-dual-set","tag"
"sand bottle holder","product-tags","/heavy-duty-sand-bottle-assembly-dual-set","tag"
"mgi navigator ai","product-tags","/mgi-zip-navigator","tag"
"mgi navigator accessories","product-tags","/mgi-zip-navigator","tag"
"mgi navigator remote","product-tags","/mgi-zip-navigator","tag"
"mgi navigator ai gps","product-tags","/mgi-zip-navigator","tag"
"mgi navigator remote control","product-tags","/mgi-zip-navigator","tag"
"mgi navigator remote control charging","product-tags","/mgi-zip-navigator","tag"
"mgi navigator ai gps+ review","product-tags","/mgi-zip-navigator","tag"
"mgi ai 500 review","product-tags","/mgi-ai-500-electric-buggy","tag"
"mgi ai golf buggy","product-tags","/mgi-ai-500-electric-buggy","tag"
"mgi ai 500 australia","product-tags","/mgi-ai-500-electric-buggy","tag"
"mgi ai 500 delivery australia","product-tags","/mgi-ai-500-electric-buggy","tag"
"mgi ai 500 best price","product-tags","/mgi-ai-500-electric-buggy","tag"
"mgi ai 500 order online","product-tags","/mgi-ai-500-electric-buggy","tag"
"mgi ai 500 deal","product-tags","/mgi-ai-500-electric-buggy","tag"
"mgi ai navigator halo australia","product-tags","/mgi-ai-navigator-halo","tag"
"mgi ai navigator halo delivery australia","product-tags","/mgi-ai-navigator-halo","tag"
"mgi ai navigator halo best price","product-tags","/mgi-ai-navigator-halo","tag"
"mgi ai navigator halo order online","product-tags","/mgi-ai-navigator-halo","tag"
"mgi ai navigator halo deal","product-tags","/mgi-ai-navigator-halo","tag"
"mgi ai navigator halo in stock","product-tags","/mgi-ai-navigator-halo","tag"
"shop mgi ai navigator halo","product-tags","/mgi-ai-navigator-halo","tag"
"mgi x3 review","product-tags","/mgi-zip-x3","tag"
"mgi zip x3 review","product-tags","/mgi-zip-x3","tag"
"mgi zip x3 battery replacement","product-tags","/mgi-zip-x3","tag"
"mgi zip x3 best price","product-tags","/mgi-zip-x3","tag"
"mgi zip x3 buggy price","product-tags","/mgi-zip-x3","tag"
"mgi zip x3 lithium electric trolley","product-tags","/mgi-zip-x3","tag"
"mgi zip x3 australia","product-tags","/mgi-zip-x3","tag"
"mgi golf buggy electric","product-tags","/mgi-e-boost-black","tag"
"mgi golf trolley","product-tags","/mgi-e-boost-black","tag"
"mgi buggy with remote","product-tags","/mgi-e-boost-black","tag"
"electric mgi buggy","product-tags","/mgi-e-boost-black","tag"
"mgi trolleys","product-tags","/mgi-e-boost-black","tag"
"mgi golf buggy with remote","product-tags","/mgi-e-boost-black","tag"
"best mgi golf buggy","product-tags","/mgi-e-boost-black","tag"
"mgi buggy for sale","product-tags","/mgi-e-boost-navy","tag"
"mgi buggy remote","product-tags","/mgi-e-boost-navy","tag"
"mgi buggy seat","product-tags","/mgi-e-boost-navy","tag"
"mgi golf buggy prices","product-tags","/mgi-e-boost-navy","tag"
"mgi golf buggy review","product-tags","/mgi-e-boost-navy","tag"
"mgi golf buggy seat","product-tags","/mgi-e-boost-navy","tag"
"mgi golf buggy spares","product-tags","/mgi-e-boost-navy","tag"
"mgi golf buggy wheels","product-tags","/mgi-e-boost-white","tag"
"battery for mgi golf buggy","product-tags","/mgi-e-boost-white","tag"
"mgi golf trolley review","product-tags","/mgi-e-boost-white","tag"
"mgi buggy prices","product-tags","/mgi-e-boost-white","tag"
"mgi buggy review","product-tags","/mgi-e-boost-white","tag"
"mgi golf buggy comparison","product-tags","/mgi-e-boost-white","tag"
"mgi golf buggy for sale australia","product-tags","/mgi-e-boost-white","tag"
"clicgear buggy accessories","product-tags","/clicgear-model-4-5-buggy-black","tag"
"clic gear buggy","product-tags","/clicgear-model-4-5-buggy-black","tag"
"clicgear 4.0 accessories","product-tags","/clicgear-model-4-5-buggy-black","tag"
"buy clicgear buggy","product-tags","/clicgear-model-4-5-buggy-black","tag"
"clicgear 4.0 silver","product-tags","/clicgear-model-4-5-buggy-black","tag"
"best clicgear accessories","product-tags","/clicgear-model-4-0-buggy-silver","tag"
"clicgear 4.0 accessories australia","product-tags","/clicgear-model-4-0-buggy-silver","tag"
"clic buggy","product-tags","/clicgear-model-4-0-buggy-silver","tag"
"clicgear 4.0 black","product-tags","/clicgear-model-4-0-buggy-silver","tag"
"buy clicgear","product-tags","/clicgear-model-4-0-buggy-silver","tag"
"clic golf trolley","product-tags","/clicgear-model-4-0-buggy-matte-white","tag"
"clic golf buggy","product-tags","/clicgear-model-4-0-buggy-matte-white","tag"
"clicgear 4.0 blue","product-tags","/clicgear-model-4-0-buggy-matte-white","tag"
"clicgear 4.0 review","product-tags","/clicgear-model-4-0-buggy-matte-white","tag"
"clicgear 4.0 matte white australia","product-tags","/clicgear-model-4-0-buggy-matte-white","tag"
"clicgear 4.0 matte white delivery australia","product-tags","/clicgear-model-4-0-buggy-matte-white","tag"
"clicgear 4.0 matte white best price","product-tags","/clicgear-model-4-0-buggy-matte-white","tag"
"clicgear 4.0 soft pink australia","product-tags","/clicgear-model-4-0-buggy-soft-pink","tag"
"clicgear 4.0 soft pink delivery australia","product-tags","/clicgear-model-4-0-buggy-soft-pink","tag"
"clicgear 4.0 soft pink best price","product-tags","/clicgear-model-4-0-buggy-soft-pink","tag"
"clicgear 4.0 soft pink order online","product-tags","/clicgear-model-4-0-buggy-soft-pink","tag"
"clicgear 4.0 soft pink deal","product-tags","/clicgear-model-4-0-buggy-soft-pink","tag"
"clicgear 4.0 soft pink in stock","product-tags","/clicgear-model-4-0-buggy-soft-pink","tag"
"shop clicgear 4.0 soft pink","product-tags","/clicgear-model-4-0-buggy-soft-pink","tag"
"clicgear 4.0 teal australia","product-tags","/clicgear-model-4-0-buggy-teal","tag"
"clicgear 4.0 teal delivery australia","product-tags","/clicgear-model-4-0-buggy-teal","tag"
"clicgear 4.0 teal best price","product-tags","/clicgear-model-4-0-buggy-teal","tag"
"clicgear 4.0 teal order online","product-tags","/clicgear-model-4-0-buggy-teal","tag"
"clicgear 4.0 teal deal","product-tags","/clicgear-model-4-0-buggy-teal","tag"
"clicgear 4.0 teal in stock","product-tags","/clicgear-model-4-0-buggy-teal","tag"
"shop clicgear 4.0 teal","product-tags","/clicgear-model-4-0-buggy-teal","tag"
"rovic golf buggy accessories","product-tags","/rovic-rv1s-swivel-2-0-buggy-light-blue","tag"
"rovic rv1c accessories","product-tags","/rovic-rv1s-swivel-2-0-buggy-light-blue","tag"
"rovic golf trolley accessories","product-tags","/rovic-rv1s-swivel-2-0-buggy-light-blue","tag"
"rovic rv1s accessories","product-tags","/rovic-rv1s-swivel-2-0-buggy-light-blue","tag"
"rovic buggy accessories","product-tags","/rovic-rv1s-swivel-2-0-buggy-light-blue","tag"
"rovic golf buggy australia","product-tags","/rovic-rv1s-swivel-2-0-buggy-light-blue","tag"
"rovic golf trolley","product-tags","/rovic-rv1c-compact-2-0-buggy-silver-black","tag"
"rovic 2.0 golf buggy","product-tags","/rovic-rv1c-compact-2-0-buggy-silver-black","tag"
"golf buggy rovic","product-tags","/rovic-rv1c-compact-2-0-buggy-silver-black","tag"
"golf buggy battery replacement price","product-tags","/mgi-lithium-24v-13ah-battery","tag"
"electric golf buggy battery","product-tags","/mgi-lithium-24v-13ah-battery","tag"
"mgi golf battery","product-tags","/mgi-lithium-24v-13ah-battery","tag"
"battery golf buggy for sale","product-tags","/mgi-lithium-24v-13ah-battery","tag"
"golf trolley battery","product-tags","/mgi-lithium-24v-13ah-battery","tag"
"mgi lithium battery","product-tags","/mgi-lithium-24v-13ah-battery","tag"
"mgi 12v lithium battery charger","product-tags","/mgi-lithium-24v-13ah-battery","tag"
"mgi battery charging time","product-tags","/mgi-lithium-24v-250wh-battery","tag"
"mgi battery replacement price","product-tags","/mgi-lithium-24v-250wh-battery","tag"
"mgi golf batteries","product-tags","/mgi-lithium-24v-250wh-battery","tag"
"mgi remote battery","product-tags","/mgi-lithium-24v-250wh-battery","tag"
"mgi remote battery replacement","product-tags","/mgi-lithium-24v-250wh-battery","tag"
"battery buggy price","product-tags","/mgi-lithium-24v-250wh-battery","tag"
"battery operated golf trolley","product-tags","/mgi-lithium-24v-250wh-battery","tag"
"battery powered golf trolley","product-tags","/mgi-2024-zip-24v-250wh-lithium-battery","tag"
"electric golf trolley battery","product-tags","/mgi-2024-zip-24v-250wh-lithium-battery","tag"
"electric golf trolley with lithium battery","product-tags","/mgi-2024-zip-24v-250wh-lithium-battery","tag"
"golf battery car","product-tags","/mgi-2024-zip-24v-250wh-lithium-battery","tag"
"golf trolley battery charger","product-tags","/mgi-2024-zip-24v-250wh-lithium-battery","tag"
"golf trolley battery replacement","product-tags","/mgi-2024-zip-24v-250wh-lithium-battery","tag"
"battery golf buggies australia","product-tags","/mgi-2024-zip-24v-250wh-lithium-battery","tag"
"battery golf trolleys for sale","product-tags","/mgi-2024-zip-24v-299wh-lithium-battery","tag"
"battery powered golf buggies for sale","product-tags","/mgi-2024-zip-24v-299wh-lithium-battery","tag"
"mgi lithium batteries","product-tags","/mgi-2024-zip-24v-299wh-lithium-battery","tag"
"mgi battery for sale","product-tags","/mgi-2024-zip-24v-299wh-lithium-battery","tag"
"battery golf buggy reviews","product-tags","/mgi-2024-zip-24v-299wh-lithium-battery","tag"
"golf trolley 12v battery charger","product-tags","/mgi-2024-zip-24v-299wh-lithium-battery","tag"
"12v golf buggy batteries","product-tags","/mgi-2024-zip-24v-299wh-lithium-battery","tag"
"best electric golf buggy battery","product-tags","/mgi-lithium-12v-299wh-battery","tag"
"best electric golf trolley battery","product-tags","/mgi-lithium-12v-299wh-battery","tag"
"best golf buggy battery","product-tags","/mgi-lithium-12v-299wh-battery","tag"
"best golf trolley battery reviews","product-tags","/mgi-lithium-12v-299wh-battery","tag"
"electric golf trolley 36 hole lithium battery","product-tags","/mgi-lithium-12v-299wh-battery","tag"
"electric golf trolley batteries cheapest","product-tags","/mgi-lithium-12v-299wh-battery","tag"
"electric golf trolley no battery","product-tags","/mgi-lithium-12v-299wh-battery","tag"
"mgi remote charger","product-tags","/mgi-lithium-24v-smart-charger-ai-and-zip-series","tag"
"golf trolley charger","product-tags","/mgi-lithium-24v-smart-charger-ai-and-zip-series","tag"
"golf buggy lithium battery charger","product-tags","/mgi-lithium-24v-smart-charger-ai-and-zip-series","tag"
"golf trolley battery charger australia","product-tags","/mgi-lithium-24v-smart-charger-ai-and-zip-series","tag"
"best golf trolley battery charger","product-tags","/mgi-lithium-24v-smart-charger-ai-and-zip-series","tag"
"mgi golf buggy charger","product-tags","/mgi-lithium-24v-smart-charger-ai-and-zip-series","tag"
"mgi navigator charger","product-tags","/mgi-lithium-24v-smart-charger-ai-and-zip-series","tag"
"mgi navigator golf buggy remote charging","product-tags","/mgi-e-series-charger","tag"
"mgi zip navigator remote control charger cable","product-tags","/mgi-e-series-charger","tag"
"mgi zip navigator remote charging","product-tags","/mgi-e-series-charger","tag"
"mgi e series charger australia","product-tags","/mgi-e-series-charger","tag"
"mgi e series charger delivery australia","product-tags","/mgi-e-series-charger","tag"
"mgi e series charger best price","product-tags","/mgi-e-series-charger","tag"
"mgi e series charger order online","product-tags","/mgi-e-series-charger","tag"
"mgi phone holder australia","product-tags","/mgi-phone-holder","tag"
"mgi phone holder delivery australia","product-tags","/mgi-phone-holder","tag"
"mgi phone holder best price","product-tags","/mgi-phone-holder","tag"
"mgi phone holder order online","product-tags","/mgi-phone-holder","tag"
"mgi phone holder deal","product-tags","/mgi-phone-holder","tag"
"mgi phone holder in stock","product-tags","/mgi-phone-holder","tag"
"shop mgi phone holder","product-tags","/mgi-phone-holder","tag"
"mgi ai navigator gps+ buggy black","product-tags","/mgi-zip-series-gps-holder","tag"
"mgi gps navigator","product-tags","/mgi-zip-series-gps-holder","tag"
"mgi ai navigator gps","product-tags","/mgi-zip-series-gps-holder","tag"
"mgi ai navigator gps+ accessories","product-tags","/mgi-zip-series-gps-holder","tag"
"mg gps","product-tags","/mgi-zip-series-gps-holder","tag"
"mgi ai navigator gps+ motorised buggy","product-tags","/mgi-zip-series-gps-holder","tag"
"mgi ai navigator gps+ remote","product-tags","/mgi-zip-series-gps-holder","tag"
"golf trolley brolly holder","product-tags","/mgi-umbrella-holder","tag"
"mgi umbrella holder australia","product-tags","/mgi-umbrella-holder","tag"
"mgi umbrella holder delivery australia","product-tags","/mgi-umbrella-holder","tag"
"mgi umbrella holder order online","product-tags","/mgi-umbrella-holder","tag"
"mgi umbrella holder deal","product-tags","/mgi-umbrella-holder","tag"
"mgi umbrella holder in stock","product-tags","/mgi-umbrella-holder","tag"
"shop mgi umbrella holder","product-tags","/mgi-umbrella-holder","tag"
"mgi umbrella holder extender australia","product-tags","/mgi-umbrella-holder-extender","tag"
"mgi umbrella holder extender delivery australia","product-tags","/mgi-umbrella-holder-extender","tag"
"mgi umbrella holder extender order online","product-tags","/mgi-umbrella-holder-extender","tag"
"mgi umbrella holder extender deal","product-tags","/mgi-umbrella-holder-extender","tag"
"mgi umbrella holder extender in stock","product-tags","/mgi-umbrella-holder-extender","tag"
"shop mgi umbrella holder extender","product-tags","/mgi-umbrella-holder-extender","tag"
"mgi umbrella holder extender cost","product-tags","/mgi-umbrella-holder-extender","tag"
"mgi telescopic umbrella australia","product-tags","/mgi-telescopic-umbrella","tag"
"mgi telescopic umbrella delivery australia","product-tags","/mgi-telescopic-umbrella","tag"
"mgi telescopic umbrella order online","product-tags","/mgi-telescopic-umbrella","tag"
"mgi telescopic umbrella deal","product-tags","/mgi-telescopic-umbrella","tag"
"mgi telescopic umbrella in stock","product-tags","/mgi-telescopic-umbrella","tag"
"shop mgi telescopic umbrella","product-tags","/mgi-telescopic-umbrella","tag"
"mgi telescopic umbrella cost","product-tags","/mgi-telescopic-umbrella","tag"
"mgi drink bottle holder australia","product-tags","/mgi-drink-bottle-holder","tag"
"mgi drink bottle holder delivery australia","product-tags","/mgi-drink-bottle-holder","tag"
"mgi drink bottle holder best price","product-tags","/mgi-drink-bottle-holder","tag"
"mgi drink bottle holder order online","product-tags","/mgi-drink-bottle-holder","tag"
"mgi drink bottle holder deal","product-tags","/mgi-drink-bottle-holder","tag"
"mgi drink bottle holder in stock","product-tags","/mgi-drink-bottle-holder","tag"
"shop mgi drink bottle holder","product-tags","/mgi-drink-bottle-holder","tag"
"mgi remote clip replacement","product-tags","/mgi-multipurpose-hook","tag"
"mgi at navigator remote control clip","product-tags","/mgi-multipurpose-hook","tag"
"mgi at navigator remote control clip australia","product-tags","/mgi-multipurpose-hook","tag"
"mgi navigator nvr750c remote control clip","product-tags","/mgi-multipurpose-hook","tag"
"mgi navigator nvr750c remote control clipl","product-tags","/mgi-multipurpose-hook","tag"
"mgi navigator remote control clipl","product-tags","/mgi-multipurpose-hook","tag"
"mgi multipurpose hook australia","product-tags","/mgi-multipurpose-hook","tag"
"mgi scorecard holder australia","product-tags","/mgi-scorecard-holder","tag"
"mgi scorecard holder delivery australia","product-tags","/mgi-scorecard-holder","tag"
"mgi scorecard holder order online","product-tags","/mgi-scorecard-holder","tag"
"mgi scorecard holder deal","product-tags","/mgi-scorecard-holder","tag"
"mgi scorecard holder in stock","product-tags","/mgi-scorecard-holder","tag"
"shop mgi scorecard holder","product-tags","/mgi-scorecard-holder","tag"
"mgi scorecard holder cost","product-tags","/mgi-scorecard-holder","tag"
"golf buggy with seat for sale","product-tags","/mgi-seat","tag"
"mgi ai seat","product-tags","/mgi-seat","tag"
"3 wheel golf buggy with seat","product-tags","/mgi-seat","tag"
"electric golf trolley seats","product-tags","/mgi-seat","tag"
"three wheel golf buggy with seat","product-tags","/mgi-seat","tag"
"best golf buggy with seat","product-tags","/mgi-seat","tag"
"universal golf trolley seat","product-tags","/mgi-seat","tag"
"mgi 2024 zip navigator all terrain","product-tags","/mgi-rain-cover","tag"
"mgi 2024 zip navigator all terrain motorised buggy","product-tags","/mgi-rain-cover","tag"
"mgi all terrain golf buggy","product-tags","/mgi-rain-cover","tag"
"mgi zip navigator all terrain for sale","product-tags","/mgi-rain-cover","tag"
"mgi zip navigator all terrain review","product-tags","/mgi-rain-cover","tag"
"mgi zip navigator at - all terrain review","product-tags","/mgi-rain-cover","tag"
"mgi zip navigator vs all terrain","product-tags","/mgi-rain-cover","tag"
"golf buggy third wheel","product-tags","/mgi-wheel-covers","tag"
"big wheel golf buggy","product-tags","/mgi-wheel-covers","tag"
"electric golf buggy wheels","product-tags","/mgi-wheel-covers","tag"
"electric golf trolley wheels","product-tags","/mgi-wheel-covers","tag"
"golf buggy alloy wheels","product-tags","/mgi-wheel-covers","tag"
"golf buggy front wheel","product-tags","/mgi-wheel-covers","tag"
"golf buggy wheels australia","product-tags","/mgi-wheel-covers","tag"
"golf trolley front wheel","product-tags","/mgi-rear-wheels","tag"
"golf trolley wheels for sale","product-tags","/mgi-rear-wheels","tag"
"motorised golf buggy wheels","product-tags","/mgi-rear-wheels","tag"
"3 wheel electric buggy","product-tags","/mgi-rear-wheels","tag"
"3 wheel golf buggy reviews","product-tags","/mgi-rear-wheels","tag"
"3 wheel golf trolley reviews","product-tags","/mgi-rear-wheels","tag"
"3 wheel golf trolley sports direct","product-tags","/mgi-rear-wheels","tag"
"mgi cooler bag australia","product-tags","/mgi-cooler-bag","tag"
"mgi cooler bag delivery australia","product-tags","/mgi-cooler-bag","tag"
"mgi cooler bag order online","product-tags","/mgi-cooler-bag","tag"
"mgi cooler bag deal","product-tags","/mgi-cooler-bag","tag"
"mgi cooler bag in stock","product-tags","/mgi-cooler-bag","tag"
"shop mgi cooler bag","product-tags","/mgi-cooler-bag","tag"
"mgi cooler bag cost","product-tags","/mgi-cooler-bag","tag"
"mgi travel bag australia","product-tags","/mgi-travel-bag","tag"
"mgi travel bag delivery australia","product-tags","/mgi-travel-bag","tag"
"mgi travel bag order online","product-tags","/mgi-travel-bag","tag"
"mgi travel bag deal","product-tags","/mgi-travel-bag","tag"
"mgi travel bag in stock","product-tags","/mgi-travel-bag","tag"
"shop mgi travel bag","product-tags","/mgi-travel-bag","tag"
"mgi travel bag cost","product-tags","/mgi-travel-bag","tag"
"mgi golf accessories","product-tags","/mgi-accessories-bag","tag"
"mgi ai accessories","product-tags","/mgi-accessories-bag","tag"
"mgi ai navigator accessories","product-tags","/mgi-accessories-bag","tag"
"mgi navigator at accessories","product-tags","/mgi-accessories-bag","tag"
"best mgi zip navigator accessories","product-tags","/mgi-accessories-bag","tag"
"golf trolley accessories holder","product-tags","/mgi-accessories-bag","tag"
"universal golf trolley accessories","product-tags","/mgi-accessories-bag","tag"
"mgi fireproof charging box australia","product-tags","/mgi-fireproof-charging-box","tag"
"mgi fireproof charging box delivery australia","product-tags","/mgi-fireproof-charging-box","tag"
"mgi fireproof charging box order online","product-tags","/mgi-fireproof-charging-box","tag"
"mgi fireproof charging box deal","product-tags","/mgi-fireproof-charging-box","tag"
"mgi fireproof charging box in stock","product-tags","/mgi-fireproof-charging-box","tag"
"shop mgi fireproof charging box","product-tags","/mgi-fireproof-charging-box","tag"
"mgi fireproof charging box cost","product-tags","/mgi-fireproof-charging-box","tag"
"mgi halo eye australia","product-tags","/mgi-halo-eye","tag"
"mgi halo eye delivery australia","product-tags","/mgi-halo-eye","tag"
"mgi halo eye order online","product-tags","/mgi-halo-eye","tag"
"mgi halo eye deal","product-tags","/mgi-halo-eye","tag"
"mgi halo eye in stock","product-tags","/mgi-halo-eye","tag"
"shop mgi halo eye","product-tags","/mgi-halo-eye","tag"
"mgi halo eye cost","product-tags","/mgi-halo-eye","tag"
"clicgear soft seat cover australia","product-tags","/clicgear-soft-seat-cover","tag"
"clicgear soft seat cover delivery australia","product-tags","/clicgear-soft-seat-cover","tag"
"clicgear soft seat cover best price","product-tags","/clicgear-soft-seat-cover","tag"
"clicgear soft seat cover order online","product-tags","/clicgear-soft-seat-cover","tag"
"clicgear soft seat cover deal","product-tags","/clicgear-soft-seat-cover","tag"
"clicgear soft seat cover in stock","product-tags","/clicgear-soft-seat-cover","tag"
"shop clicgear soft seat cover","product-tags","/clicgear-soft-seat-cover","tag"
"rovic rv1c 1s seat australia","product-tags","/rovic-rv1c-1s-seat","tag"
"rovic rv1c 1s seat delivery australia","product-tags","/rovic-rv1c-1s-seat","tag"
"rovic rv1c 1s seat best price","product-tags","/rovic-rv1c-1s-seat","tag"
"rovic rv1c 1s seat order online","product-tags","/rovic-rv1c-1s-seat","tag"
"rovic rv1c 1s seat deal","product-tags","/rovic-rv1c-1s-seat","tag"
"rovic rv1c 1s seat in stock","product-tags","/rovic-rv1c-1s-seat","tag"
"shop rovic rv1c 1s seat","product-tags","/rovic-rv1c-1s-seat","tag"
"mgi x1 buggy","blog-tags","/blog/mgi-zip-x-series-explained/","tag"
"mgi zip x5 accessories","blog-tags","/blog/mgi-zip-x-series-explained/","tag"
"mgi zip x3 golf buggy","blog-tags","/blog/mgi-zip-x-series-explained/","tag"
"mgi zip x3 motorised golf buggy","blog-tags","/blog/mgi-zip-x-series-explained/","tag"
"mgi x5 buggy","blog-tags","/blog/mgi-zip-x-series-explained/","tag"
"mgi x5 manual","blog-tags","/blog/mgi-zip-x-series-explained/","tag"
"mgi x5 remote control","blog-tags","/blog/mgi-zip-x-series-explained/","tag"
"mgi zip x1 manual","blog-tags","/blog/mgi-zip-x-series-explained/","tag"
"mgi zip x5 battery","blog-tags","/blog/mgi-zip-x-series-explained/","tag"
"mgi zip x5 manual","blog-tags","/blog/mgi-zip-x-series-explained/","tag"
"mgi follow me buggy","blog-tags","/blog/mgi-ai-navigator-gps-explained/","tag"
"mgi navigator gps","blog-tags","/blog/mgi-ai-navigator-gps-explained/","tag"
"mgi ai gps","blog-tags","/blog/mgi-ai-navigator-gps-explained/","tag"
"ai navigator gps","blog-tags","/blog/mgi-ai-navigator-gps-explained/","tag"
"ai navigator gps+","blog-tags","/blog/mgi-ai-navigator-gps-explained/","tag"
"mgi ai 500 electric buggy","blog-tags","/blog/mgi-ai-navigator-gps-explained/","tag"
"mgi ai 500 remote","blog-tags","/blog/mgi-ai-navigator-gps-explained/","tag"
"mgi ai navigator gps+ app","blog-tags","/blog/mgi-ai-navigator-gps-explained/","tag"
"mgi ai navigator gps+ manual","blog-tags","/blog/mgi-ai-navigator-gps-explained/","tag"
"mgi gps","blog-tags","/blog/mgi-ai-navigator-gps-explained/","tag"
"mgi zip at","blog-tags","/blog/mgi-zip-navigator-setup-guide/","tag"
"mgi zip navigator remote","blog-tags","/blog/mgi-zip-navigator-setup-guide/","tag"
"mgi zip nav at","blog-tags","/blog/mgi-zip-navigator-setup-guide/","tag"
"mgi zip navigator at accessories","blog-tags","/blog/mgi-zip-navigator-setup-guide/","tag"
"mgi zip navigator parts","blog-tags","/blog/mgi-zip-navigator-setup-guide/","tag"
"mgi zip navigator wheels","blog-tags","/blog/mgi-zip-navigator-setup-guide/","tag"
"mgi zip navigator spare parts","blog-tags","/blog/mgi-zip-navigator-setup-guide/","tag"
"mgi zip navigator ai","blog-tags","/blog/mgi-zip-navigator-setup-guide/","tag"
"mgi zip navigator ai gps","blog-tags","/blog/mgi-zip-navigator-setup-guide/","tag"
"mgi zip navigator gps","blog-tags","/blog/mgi-zip-navigator-setup-guide/","tag"
"rovic rv1s 2.0 golf push cart","blog-tags","/blog/clicgear-rovic-push-buggies-guide/","tag"
"clicgear 4.0 brake cable replacement","blog-tags","/blog/clicgear-rovic-push-buggies-guide/","tag"
"rovic 2.0","blog-tags","/blog/clicgear-rovic-push-buggies-guide/","tag"
"clicgear 4.0 army brown","blog-tags","/blog/clicgear-rovic-push-buggies-guide/","tag"
"rovic rv1c seat","blog-tags","/blog/clicgear-rovic-push-buggies-guide/","tag"
"rovic rv1s seat","blog-tags","/blog/clicgear-rovic-push-buggies-guide/","tag"
"clicgear 4.0 army green","blog-tags","/blog/clicgear-rovic-push-buggies-guide/","tag"
"clicgear 4.0 red","blog-tags","/blog/clicgear-rovic-push-buggies-guide/","tag"
"clicgear 4.0 pink","blog-tags","/blog/clicgear-rovic-push-buggies-guide/","tag"
"clicgear 4.0 release date","blog-tags","/blog/clicgear-rovic-push-buggies-guide/","tag"
"mgi bag","blog-tags","/blog/mgi-buggy-accessories-guide/","tag"
"mgi zip umbrella holder","blog-tags","/blog/mgi-buggy-accessories-guide/","tag"
"mgi zip accessories","blog-tags","/blog/mgi-buggy-accessories-guide/","tag"
"mgi umbrella","blog-tags","/blog/mgi-buggy-accessories-guide/","tag"
"mgi accessories bag","blog-tags","/blog/mgi-buggy-accessories-guide/","tag"
"mgi golf umbrella","blog-tags","/blog/mgi-buggy-accessories-guide/","tag"
"mgi umbrella extension","blog-tags","/blog/mgi-buggy-accessories-guide/","tag"
"mgi umbrella holder extender","blog-tags","/blog/mgi-buggy-accessories-guide/","tag"
"mgi sand bucket holder","blog-tags","/blog/mgi-buggy-accessories-guide/","tag"
"mgi cup holder","blog-tags","/blog/mgi-buggy-accessories-guide/","tag"
"pairing mgi remote","blog-tags","/blog/mgi-remote-pairing-guide/","tag"
"how to pair mgi remote to electric golf cart","blog-tags","/blog/mgi-remote-pairing-guide/","tag"
"how to pair mgi zip navigator remote","blog-tags","/blog/mgi-remote-pairing-guide/","tag"
"mgi zip navigator remote problems","blog-tags","/blog/mgi-remote-pairing-guide/","tag"
"mgi zip navigator at remote","blog-tags","/blog/mgi-remote-pairing-guide/","tag"
"mgi zip navigator remote charging cable","blog-tags","/blog/mgi-remote-pairing-guide/","tag"
"mgi zip navigator remote clip","blog-tags","/blog/mgi-remote-pairing-guide/","tag"
"mgi zip navigator remote control charging cable","blog-tags","/blog/mgi-remote-pairing-guide/","tag"
"mgi zip x5 remote","blog-tags","/blog/mgi-remote-pairing-guide/","tag"
"does the mgi zip x3 have a remote","blog-tags","/blog/mgi-remote-pairing-guide/","tag"
"golf cart charger not working","blog-tags","/blog/mgi-battery-charger-guide/","tag"
"golf cart charger wont charge","blog-tags","/blog/mgi-battery-charger-guide/","tag"
"how to check golf cart battery charger","blog-tags","/blog/mgi-battery-charger-guide/","tag"
"mgi battery charger user manual","blog-tags","/blog/mgi-battery-charger-guide/","tag"
"mgi battery fire","blog-tags","/blog/mgi-battery-charger-guide/","tag"
"mgi battery life","blog-tags","/blog/mgi-battery-charger-guide/","tag"
"mgi navigator battery replacement","blog-tags","/blog/mgi-battery-charger-guide/","tag"
"mgi zip navigator battery life","blog-tags","/blog/mgi-battery-charger-guide/","tag"
"mgi zip navigator charger","blog-tags","/blog/mgi-battery-charger-guide/","tag"
"mgi zip x1 battery","blog-tags","/blog/mgi-battery-charger-guide/","tag"
"mgi golf trolleys","blog-tags","/blog/mgi-golf-buggies-australia-guide/","tag"
"mgi golf bags australia","blog-tags","/blog/mgi-golf-buggies-australia-guide/","tag"
"mgi golf buggy problems forum","blog-tags","/blog/mgi-golf-buggies-australia-guide/","tag"
"what is mgi","blog-tags","/blog/mgi-golf-buggies-australia-guide/","tag"
"who owns mgi","blog-tags","/blog/mgi-golf-buggies-australia-guide/","tag"
"mgi golf buggy manual","blog-tags","/blog/mgi-golf-buggies-australia-guide/","tag"
"mgi golf buggy warranty","blog-tags","/blog/mgi-golf-buggies-australia-guide/","tag"
"mgi golf cart bag","blog-tags","/blog/mgi-golf-buggies-australia-guide/","tag"
"mgi golf zip navigator","blog-tags","/blog/mgi-golf-buggies-australia-guide/","tag"
"mgi golf zip navigator electric caddy","blog-tags","/blog/mgi-golf-buggies-australia-guide/","tag"
"mgi zip navigator at manual","blog-tags","/blog/mgi-parts-wheels-warranty-guide/","tag"
"mgi zip navigator front wheel adjustment","blog-tags","/blog/mgi-parts-wheels-warranty-guide/","tag"
"mgi zip navigator front wheel assembly","blog-tags","/blog/mgi-parts-wheels-warranty-guide/","tag"
"mgi zip navigator front wheel replacement","blog-tags","/blog/mgi-parts-wheels-warranty-guide/","tag"
"mgi zip navigator manual","blog-tags","/blog/mgi-parts-wheels-warranty-guide/","tag"
"mgi zip navigator parts diagram","blog-tags","/blog/mgi-parts-wheels-warranty-guide/","tag"
"mgi zip navigator problems","blog-tags","/blog/mgi-parts-wheels-warranty-guide/","tag"
"mgi zip navigator rear wheel","blog-tags","/blog/mgi-parts-wheels-warranty-guide/","tag"
"mgi zip navigator replacement parts","blog-tags","/blog/mgi-parts-wheels-warranty-guide/","tag"
"mgi zip navigator troubleshooting manual","blog-tags","/blog/mgi-parts-wheels-warranty-guide/","tag"
"mgi zip navigator assembly instructions","blog-tags","/blog/mgi-zip-navigator-troubleshooting/","tag"
"mgi zip navigator at 2024","blog-tags","/blog/mgi-zip-navigator-troubleshooting/","tag"
"mgi zip navigator instructions","blog-tags","/blog/mgi-zip-navigator-troubleshooting/","tag"
"mgi zip navigator maintenance","blog-tags","/blog/mgi-zip-navigator-troubleshooting/","tag"
"mgi zip navigator motor controller","blog-tags","/blog/mgi-zip-navigator-troubleshooting/","tag"
"mgi zip navigator seat installation","blog-tags","/blog/mgi-zip-navigator-troubleshooting/","tag"
"mgi zip navigator troubleshooting","blog-tags","/blog/mgi-zip-navigator-troubleshooting/","tag"
"mgi zip navigator usb port","blog-tags","/blog/mgi-zip-navigator-troubleshooting/","tag"
"mgi zip navigator motor trimming","blog-tags","/blog/mgi-zip-navigator-troubleshooting/","tag"
