url,type,title,titleLen,desc,descLen,h1Count,h1,h2Count,words,declaredKeyword,cluster,clusterVol,clusterIntent,intentOk,clusterNote,kTitle,kH1,kMeta,kFirst100,kH2,kCount,kDensityPct,canonical,robots,ldTypes,imgs,imgNoAlt,imgEmptyAlt,inboundAll,inboundContextual,shopLinksInMain,blogLinksInMain,sharedSentencePct
/,home,"Buggies for Sale Australia | Golf Carts | Buggies Express",57,"Buggies for sale Australia-wide: 62 golf buggies and carts, from luxury 4-seaters to lifted 4x4 acreage models. Sales, service and parts from Yatala QLD.",153,1,"Buggies for Sale Australia — Golf Buggy Sales, Service & Custom Builds",5,1659,"",,,"",,"",,,,,,,,https://www.golfbuggiesexpress.com.au/,"index, follow","Organization+Store+AutomotiveBusiness+ImageObject+PostalAddress+Place+PropertyValue+Country+State+ContactPoint+Brand+AggregateOffer+OfferCatalog+WebSite+SearchAction+EntryPoint+FAQPage+Question+Answer",9,0,0,173,2,7,3,
/_not-found/,noindex-utility,"Buggies for Sale Australia | Golf Carts | Buggies Express",57,"Buggies for sale Australia-wide: 62 golf buggies and carts, from luxury 4-seaters to lifted 4x4 acreage models. Sales, service and parts from Yatala QLD.",153,1,"Buggy Model or Page Not Found",0,29,"",,,"",,"",,,,,,,,https://www.golfbuggiesexpress.com.au/,"noindex","",2,0,0,0,0,1,0,
/about/,static,"About The Buggies Express | Yatala QLD Depot",44,"Golf Buggies Express PTY LTD, ABN 28 668 598 758, based in Yatala QLD. Sales, custom lithium builds, spare parts and nationwide enclosed freight.",145,1,"About The Buggies Express & Our Yatala QLD Operations",3,569,"",,,"",,"",,,,,,,,https://www.golfbuggiesexpress.com.au/about/,"index, follow","AboutPage+Organization+Store+AutomotiveBusiness+ImageObject+PostalAddress+Place+PropertyValue+Country+State+ContactPoint+Brand+AggregateOffer+OfferCatalog+BreadcrumbList+ListItem",2,0,0,173,2,1,0,
/blog/,blog-hub,"Golf Buggy Guides & Technical Advice | Buggies Express",54,"Authoritative Australian golf buggy guides, lithium battery comparisons, road registration laws, and maintenance tips from Yatala QLD technicians.",146,1,"Golf Buggy Technical Guides, Buying Advice & Fleet Insights",3,3434,"",,,"",,"",,,,,,,,https://www.golfbuggiesexpress.com.au/blog/,"index, follow","Blog+BlogPosting+Person+BreadcrumbList+ListItem",74,0,0,173,72,2,71,
/blog/4-seater-vs-6-seater-golf-buggies-australia/,blog,"4-Seater vs 6-Seater Golf Buggies Compared | Buggies Express",60,"How to actually decide between a 4-seater and a 6-seater golf buggy: real passenger use versus occasional capacity, footprint and storage, and where the…",153,1,"4-Seater Vs 6-Seater Golf Buggies: Which Fits Your Family Or Fleet?",8,1035,"4 seater vs 6 seater golf buggy",,,"",,"not in bank (no volume data)",true,true,false,true,false,0,0,https://www.golfbuggiesexpress.com.au/blog/4-seater-vs-6-seater-golf-buggies-australia/,"index, follow","BlogPosting+WebPage+Person+BreadcrumbList+ListItem+FAQPage+Question+Answer",3,0,0,1,1,2,3,0
/blog/ac-vs-dc-golf-buggy-motors-torque-efficiency-australia/,blog,"AC vs DC Golf Buggy Motors: Torque & Efficiency",47,"Technical breakdown of brushless Alternating Current (AC) versus traditional Direct Current (DC) golf buggy motors. Why modern AC drivetrains dominate…",151,1,"AC vs DC Motors in Modern Golf Buggies: Torque Curves, Hill Climbing & Maintenance Compared",10,1246,"",,,"",,"",,,,,,,,https://www.golfbuggiesexpress.com.au/blog/ac-vs-dc-golf-buggy-motors-torque-efficiency-australia/,"index, follow","BlogPosting+WebPage+Person+BreadcrumbList+ListItem+FAQPage+Question+Answer",3,0,0,1,1,2,3,0
/blog/best-electric-golf-trolley-brands-australia/,blog,"Best Electric Golf Trolley Brands in Australia",46,"What actually separates electric golf trolley brands in Australia, the four features worth paying for, and the support question most buyers forget.",147,1,"Best Electric Golf Trolley in Australia: How to Judge the Brands Properly",7,1036,"best electric golf trolley",C00307,90,"Commercial",pass,"",true,true,false,true,false,1,0.39,https://www.golfbuggiesexpress.com.au/blog/best-electric-golf-trolley-brands-australia/,"index, follow","BlogPosting+WebPage+Person+BreadcrumbList+ListItem+FAQPage+Question+Answer",3,0,0,1,1,2,3,0
/blog/best-golf-trolley-australia-push-motorized-remote-comparison/,blog,"Best Golf Trolley Australia: Push vs Motorised",46,"Find your ideal walking companion on Australian fairways. Detailed comparison of manual push trolleys, motorized walkers, and hands-free remote caddies.",152,1,"Best Golf Trolley in Australia: Push vs Motorized vs Remote Control Comprehensive Evaluation",10,1295,"",,,"",,"",,,,,,,,https://www.golfbuggiesexpress.com.au/blog/best-golf-trolley-australia-push-motorized-remote-comparison/,"index, follow","BlogPosting+WebPage+Person+BreadcrumbList+ListItem+FAQPage+Question+Answer",3,0,0,2,2,2,3,0
/blog/best-push-golf-buggy-australia-3-wheel-vs-4-wheel-review/,blog,"Best Push Golf Buggy Australia: 3 vs 4 Wheel",44,"Comparing 3-wheel swivel agility against 4-wheel slope stability. Discover the best push golf buggies for Australian golfers seeking durability and boot…",153,1,"Best Push Golf Buggy in Australia: 3-Wheel vs 4-Wheel Stability & Performance Review",9,1191,"",,,"",,"",,,,,,,,https://www.golfbuggiesexpress.com.au/blog/best-push-golf-buggy-australia-3-wheel-vs-4-wheel-review/,"index, follow","BlogPosting+WebPage+Person+BreadcrumbList+ListItem+FAQPage+Question+Answer",3,0,0,3,3,2,3,0
/blog/buying-a-4-seater-golf-buggy-in-australia-rules-and-guide/,blog,"4 Seater Golf Buggy Australia: Rules & Buying Guide",51,"Everything you need to know before buying a 4-passenger golf buggy in QLD, NSW, and VIC — conditional registration, community estate bylaws, and safety specs.",158,1,"Buying a 4-Seater Golf Buggy in Australia: Road Rules, Acreage & Resort Access",8,1179,"",,,"",,"",,,,,,,,https://www.golfbuggiesexpress.com.au/blog/buying-a-4-seater-golf-buggy-in-australia-rules-and-guide/,"index, follow","BlogPosting+WebPage+Person+BreadcrumbList+ListItem+FAQPage+Question+Answer",3,0,0,72,72,2,3,0
/blog/buying-second-hand-golf-carts-in-australia-checklist/,blog,"Second Hand Golf Buggy Australia: Buyers Checklist",50,"Avoid costly pitfalls when buying used golf carts. How to test battery cell health, detect chassis aluminum corrosion, check motor controllers, and verify…",155,1,"Buying a Second Hand Golf Cart in Australia: 15-Point Pre-Purchase Inspection Checklist",10,1283,"",,,"",,"",,,,,,,,https://www.golfbuggiesexpress.com.au/blog/buying-second-hand-golf-carts-in-australia-checklist/,"index, follow","BlogPosting+WebPage+Person+BreadcrumbList+ListItem+FAQPage+Question+Answer",3,0,0,1,1,2,3,0
/blog/clicgear-vs-mgi-push-buggy-comparison-australia/,blog,"Clicgear vs MGI: Push and Electric Compared",43,"Clicgear built its reputation on manual push buggies and MGI on motorised ones. Here is how the two approaches compare for Australian golfers.",142,1,"Clicgear vs MGI in Australia: Manual Push Buggy or Motorised Trolley?",7,1046,"clicgear buggy",,720,"",,"removed in Phase 0: off-topic: no golf buggy/cart/trolley anchor",false,true,true,true,false,1,0.19,https://www.golfbuggiesexpress.com.au/blog/clicgear-vs-mgi-push-buggy-comparison-australia/,"index, follow","BlogPosting+WebPage+Person+BreadcrumbList+ListItem+FAQPage+Question+Answer",3,0,0,1,1,2,3,0
/blog/commercial-utility-golf-buggies-resorts-and-industrial-parks/,blog,"Commercial Utility Buggies for Australian Resorts",49,"Cargo bed capacities, aluminum versus steel frames, towing limits, and commercial warranty support for high-duty Australian operations.",135,1,"Commercial Utility Buggies for Australian Resorts, Vineyards & Worksites",8,1085,"",,,"",,"",,,,,,,,https://www.golfbuggiesexpress.com.au/blog/commercial-utility-golf-buggies-resorts-and-industrial-parks/,"index, follow","BlogPosting+WebPage+Person+BreadcrumbList+ListItem+FAQPage+Question+Answer",3,0,0,1,1,2,3,0
/blog/electric-buggy-australia-what-it-means/,blog,"Electric Buggy Australia: What the Term Covers",46,"Electric buggy means three very different vehicles in Australia. Here is what each one does, what they cost, and how to work out which you are shopping for.",156,1,"Electric Buggy in Australia: What the Term Actually Covers and Which One You Need",7,1061,"electric buggy",C00011,720,"Commercial",pass,"",true,true,true,true,true,7,1.32,https://www.golfbuggiesexpress.com.au/blog/electric-buggy-australia-what-it-means/,"index, follow","BlogPosting+WebPage+Person+BreadcrumbList+ListItem+FAQPage+Question+Answer",3,0,0,1,1,2,3,0
/blog/electric-golf-buggy-australia-complete-guide/,blog,"Electric Golf Buggy Australia: Complete Guide",45,"Everything Australian buyers need on electric golf buggies: lithium versus lead-acid, seat counts, charging at home, heat, and what they actually cost.",151,1,"Electric Golf Buggy Australia: The Complete Guide to Choosing, Charging and Owning One",8,1142,"electric golf buggy",C00006,3290,"Informational, Commercial",pass,"",true,true,true,true,true,4,1.05,https://www.golfbuggiesexpress.com.au/blog/electric-golf-buggy-australia-complete-guide/,"index, follow","BlogPosting+WebPage+Person+BreadcrumbList+ListItem+FAQPage+Question+Answer",3,0,0,1,1,2,3,0
/blog/electric-golf-buggy-maintenance-schedule-australia/,blog,"Electric Golf Buggy Maintenance Schedule | Buggies Express",58,"A preventive maintenance guide for Australian electric golf buggies and utility carts. Brake fluid flushes, differential oil, tyre rotations, and electrical…",157,1,"Electric Golf Buggy Maintenance Schedule: Monthly, Quarterly & Annual Checks for Longevity",10,1251,"",,,"",,"",,,,,,,,https://www.golfbuggiesexpress.com.au/blog/electric-golf-buggy-maintenance-schedule-australia/,"index, follow","BlogPosting+WebPage+Person+BreadcrumbList+ListItem+FAQPage+Question+Answer",3,0,0,1,1,2,3,0
/blog/electric-golf-buggy-range-test-one-charge-australia/,blog,"Electric Golf Buggy Range: How Far on One Charge",48,"Data-backed range testing across 18-hole courses, gated communities, and hilly rural acreage. How lithium capacity (Ah), payload, terrain, and speed affect…",156,1,"How Far Can an Electric Golf Buggy Go on One Charge? Real-World Australian Range Testing",10,1252,"",,,"",,"",,,,,,,,https://www.golfbuggiesexpress.com.au/blog/electric-golf-buggy-range-test-one-charge-australia/,"index, follow","BlogPosting+WebPage+Person+BreadcrumbList+ListItem+FAQPage+Question+Answer",3,0,0,2,2,2,3,0
/blog/electric-golf-buggy-troubleshooting-and-replacement-parts/,blog,"Electric Golf Buggy Troubleshooting & Parts",43,"Step-by-step diagnostic guide for common electric golf buggy problems. Learn how to test solenoids, identify controller LED error codes, and source spare…",154,1,"Electric Golf Buggy Troubleshooting Guide: Diagnosing Motor, Controller & Solenoid Faults",9,1281,"",,,"",,"",,,,,,,,https://www.golfbuggiesexpress.com.au/blog/electric-golf-buggy-troubleshooting-and-replacement-parts/,"index, follow","BlogPosting+WebPage+Person+BreadcrumbList+ListItem+FAQPage+Question+Answer",3,0,0,2,2,2,3,0
/blog/electric-utility-buggy-price-guide-australia/,blog,"Electric Utility Buggy Price Guide Australia",44,"Transparent 2025 pricing analysis for electric utility buggies in Australia. Comparison of acquisition costs, 240V charging electricity, and maintenance…",153,1,"Electric Utility Buggy Pricing in Australia: Purchase Costs, Battery Life & Running Economics",9,1239,"",,,"",,"",,,,,,,,https://www.golfbuggiesexpress.com.au/blog/electric-utility-buggy-price-guide-australia/,"index, follow","BlogPosting+WebPage+Person+BreadcrumbList+ListItem+FAQPage+Question+Answer",3,0,0,1,1,2,3,0
/blog/eofy-golf-buggy-deals-australia-buying-guide/,blog,"EOFY Golf Buggy Deals Australia: Buying Guide",45,"What actually makes the end of financial year a sensible time to buy a golf buggy in Australia, how business buyers should plan around it, and how to avoid…",156,1,"EOFY Golf Buggy Deals Australia: The Smart Buyer's End of Financial Year Guide",8,1122,"golf buggy eofy deals",,,"",,"not in bank (no volume data)",true,true,false,false,false,0,0,https://www.golfbuggiesexpress.com.au/blog/eofy-golf-buggy-deals-australia-buying-guide/,"index, follow","BlogPosting+WebPage+Person+BreadcrumbList+ListItem+FAQPage+Question+Answer",3,0,0,1,1,2,3,0
/blog/foldable-golf-buggy-buyers-guide-boot-space-weight/,blog,"Foldable Golf Buggy Guide: Boot Space & Weight",46,"A practical guide to folding golf buggies in Australia. Compact boot-space measurements, one-step fold mechanisms, quick-release wheels, and travel cases.",154,1,"Foldable Golf Buggy Buying Guide: Boot Space Dimensions, Weight & Folding Mechanisms",9,1180,"",,,"",,"",,,,,,,,https://www.golfbuggiesexpress.com.au/blog/foldable-golf-buggy-buyers-guide-boot-space-weight/,"index, follow","BlogPosting+WebPage+Person+BreadcrumbList+ListItem+FAQPage+Question+Answer",3,0,0,3,3,2,3,0
/blog/golf-buggies-for-caravan-parks-holiday-resorts-australia/,blog,"Golf Buggies For Caravan Parks & Resorts | Buggies Express",58,"What a caravan park or holiday resort actually needs from a fleet buggy: durability under constant guest use, easy servicing between peak seasons, and enough…",158,1,"Golf Buggies For Caravan Parks & Holiday Resorts In Australia",8,1058,"golf buggies for caravan parks",,,"",,"not in bank (no volume data)",true,true,false,false,false,0,0,https://www.golfbuggiesexpress.com.au/blog/golf-buggies-for-caravan-parks-holiday-resorts-australia/,"index, follow","BlogPosting+WebPage+Person+BreadcrumbList+ListItem+FAQPage+Question+Answer",3,0,0,1,1,2,3,0
/blog/golf-buggies-for-gated-communities-residential-estates/,blog,"Golf Buggies For Gated Communities & Estates",44,"What matters when a golf buggy is bought for daily use on private estate roads shared with cars and pedestrians: road-aware features, presentation, and…",152,1,"Golf Buggies For Large Residential Estates & Gated Communities In Australia",8,1017,"golf buggies for gated communities australia",,,"",,"not in bank (no volume data)",false,true,false,false,false,0,0,https://www.golfbuggiesexpress.com.au/blog/golf-buggies-for-gated-communities-residential-estates/,"index, follow","BlogPosting+WebPage+Person+BreadcrumbList+ListItem+FAQPage+Question+Answer",3,0,0,1,1,2,3,0
/blog/golf-buggies-for-retirement-villages-australia/,blog,"Golf Buggies for Retirement Villages Australia",46,"What actually matters when a golf buggy is bought for daily use inside a retirement village or over-55 lifestyle community: automatic braking, ease of entry…",157,1,"Golf Buggies for Retirement Villages & Over-55 Lifestyle Communities in Australia",8,1083,"golf buggies for retirement villages",,,"",,"not in bank (no volume data)",true,true,true,true,false,0,0,https://www.golfbuggiesexpress.com.au/blog/golf-buggies-for-retirement-villages-australia/,"index, follow","BlogPosting+WebPage+Person+BreadcrumbList+ListItem+FAQPage+Question+Answer",3,0,0,1,1,2,3,0
/blog/golf-buggies-for-sale-canberra-act/,blog,"Golf Buggies For Sale Canberra & ACT | The Buggies Express",58,"How to buy and receive a golf buggy in Canberra and the ACT: enclosed freight from our Yatala QLD depot, what affects delivery timing for the ACT…",146,1,"Golf Buggies For Sale In Canberra & The ACT: Delivery And Conditions To Know",8,1013,"golf buggies for sale canberra",C00946,20,"Transactional",FAIL,"",true,true,false,true,false,0,0,https://www.golfbuggiesexpress.com.au/blog/golf-buggies-for-sale-canberra-act/,"index, follow","BlogPosting+WebPage+Person+BreadcrumbList+ListItem+FAQPage+Question+Answer",3,0,0,1,1,2,3,0
/blog/golf-buggies-for-schools-campuses-large-venues-australia/,blog,"Golf Buggies For Schools, Campuses & Venues",43,"What actually matters when a school, university campus, hospital site or large event venue buys a buggy fleet for grounds and logistics work: durability…",153,1,"Golf Buggies For Schools, Campuses & Large Venues In Australia",8,995,"golf buggies for campuses australia",,,"",,"not in bank (no volume data)",false,true,false,false,false,0,0,https://www.golfbuggiesexpress.com.au/blog/golf-buggies-for-schools-campuses-large-venues-australia/,"index, follow","BlogPosting+WebPage+Person+BreadcrumbList+ListItem+FAQPage+Question+Answer",3,0,0,1,1,2,3,0
/blog/golf-buggies-for-wineries-vineyards-australia/,blog,"Golf Buggies For Wineries & Vineyards Australia",47,"What actually matters when a winery or vineyard buys a buggy for row work and cellar-door guest transport: width against row spacing, traction on grassed or…",157,1,"Golf Buggies For Wineries & Vineyards: Row Spacing, Traction & Guest Transport",8,1055,"golf buggies for wineries australia",,,"",,"not in bank (no volume data)",true,false,false,false,false,0,0,https://www.golfbuggiesexpress.com.au/blog/golf-buggies-for-wineries-vineyards-australia/,"index, follow","BlogPosting+WebPage+Person+BreadcrumbList+ListItem+FAQPage+Question+Answer",3,0,0,1,1,2,3,0
/blog/golf-buggy-brakes-explained-australia/,blog,"Golf Buggy Brakes Explained: Types Compared",43,"How the three braking systems fitted to Australian golf buggies actually work, why heavier or lifted models need more than a stock drum brake, and the…",151,1,"Golf Buggy Brakes Explained: Drum, Disc & Electromagnetic Braking Compared",8,1127,"golf buggy brakes",,,"",,"not in bank (no volume data)",true,true,true,true,true,1,0.27,https://www.golfbuggiesexpress.com.au/blog/golf-buggy-brakes-explained-australia/,"index, follow","BlogPosting+WebPage+Person+BreadcrumbList+ListItem+FAQPage+Question+Answer",3,0,0,1,1,2,3,0
/blog/golf-buggy-chargers-explained-australia/,blog,"Golf Buggy Chargers Explained: Australian Guide",47,"How golf buggy chargers actually work, why matching amperage and chemistry matters more than the price on the box, and realistic charge times on a standard…",156,1,"Golf Buggy Chargers Explained: Amperage, Charge Times & Choosing The Right Charger",8,1100,"golf buggy charger australia",,,"",,"not in bank (no volume data)",false,false,false,false,false,0,0,https://www.golfbuggiesexpress.com.au/blog/golf-buggy-chargers-explained-australia/,"index, follow","BlogPosting+WebPage+Person+BreadcrumbList+ListItem+FAQPage+Question+Answer",3,0,0,1,1,2,3,0
/blog/golf-buggy-etiquette-course-rules-australia/,blog,"Golf Buggy Etiquette & Course Rules Australia",45,"The unwritten and written rules of driving a golf buggy on an Australian course: cart path rules, the 90-degree rule, staying off greens and tees, and…",151,1,"Golf Buggy Etiquette & Course Rules Every Australian Golfer Should Know",8,1069,"golf buggy etiquette rules",,,"",,"not in bank (no volume data)",true,true,false,true,false,0,0,https://www.golfbuggiesexpress.com.au/blog/golf-buggy-etiquette-course-rules-australia/,"index, follow","BlogPosting+WebPage+Person+BreadcrumbList+ListItem+FAQPage+Question+Answer",3,0,0,1,1,2,3,0
/blog/golf-buggy-fleet-purchase-guide-australia/,blog,"Golf Buggy Fleet Purchase Guide Australia | Buggies Express",59,"How Australian clubs, resorts and councils should specify a golf buggy fleet, from charging infrastructure to standardising models and budgeting batteries.",155,1,"Buying a Golf Buggy Fleet in Australia: Specification, Charging and Total Cost",7,1022,"golf buggy fleet australia",,,"",,"not in bank (no volume data)",true,true,false,true,false,2,0.78,https://www.golfbuggiesexpress.com.au/blog/golf-buggy-fleet-purchase-guide-australia/,"index, follow","BlogPosting+WebPage+Person+BreadcrumbList+ListItem+FAQPage+Question+Answer",3,0,0,1,1,2,3,0
/blog/golf-buggy-insurance-australia-explained/,blog,"Golf Buggy Insurance In Australia Explained",43,"A general, educational look at how golf buggy insurance typically works in Australia: the difference between comprehensive and third-party cover, common…",153,1,"Golf Buggy Insurance In Australia: What's Commonly Covered And What Isn't",8,1041,"golf buggy insurance australia",,,"",,"not in bank (no volume data)",true,true,true,true,false,0,0,https://www.golfbuggiesexpress.com.au/blog/golf-buggy-insurance-australia-explained/,"index, follow","BlogPosting+WebPage+Person+BreadcrumbList+ListItem+FAQPage+Question+Answer",3,0,0,1,1,2,3,0
/blog/golf-buggy-lighting-street-legal-kits-australia/,blog,"Golf Buggy Lighting & Street-Legal Kits | Buggies Express",57,"What an LED light kit actually adds to a golf buggy, why ""street-legal"" branded parts are not the same as an approved road-registered vehicle, and how to…",154,1,"Golf Buggy Lighting & Street-Legal Kits: What To Know In Australia",8,1052,"golf buggy road legal kit australia",,,"",,"not in bank (no volume data)",false,false,false,false,true,0,0,https://www.golfbuggiesexpress.com.au/blog/golf-buggy-lighting-street-legal-kits-australia/,"index, follow","BlogPosting+WebPage+Person+BreadcrumbList+ListItem+FAQPage+Question+Answer",3,0,0,1,1,2,3,0
/blog/golf-buggy-maintenance-checklist-australian-climates/,blog,"Golf Buggy Maintenance Checklist Australia | Buggies Express",60,"A preventative maintenance routine covering tyre pressures, brake fluid flushes, lithium BMS health checks, and chassis rust protection.",136,1,"Essential Golf Buggy Maintenance: Protecting Your Cart in Australian Heat & Coastal Salt",8,1138,"",,,"",,"",,,,,,,,https://www.golfbuggiesexpress.com.au/blog/golf-buggy-maintenance-checklist-australian-climates/,"index, follow","BlogPosting+WebPage+Person+BreadcrumbList+ListItem+FAQPage+Question+Answer",3,0,0,4,4,2,3,0
/blog/golf-buggy-parts-and-spares-australia-guide/,blog,"Golf Buggy Parts & Spares Australia: Guide | Buggies Express",60,"Which golf buggy parts are worth keeping on hand, which need a technician, and why Australian parts availability decides a buggy's real lifespan.",145,1,"Golf Buggy Parts and Spares in Australia: What to Stock and What to Source",7,1040,"golf buggy parts",,210,"",,"removed in Phase 0: parts / repair / manuals",true,true,true,true,true,3,0.87,https://www.golfbuggiesexpress.com.au/blog/golf-buggy-parts-and-spares-australia-guide/,"index, follow","BlogPosting+WebPage+Person+BreadcrumbList+ListItem+FAQPage+Question+Answer",3,0,0,2,2,2,3,0
/blog/golf-buggy-registration-australia-conditional-road-access/,blog,"Golf Buggy Registration Australia: Road Access",46,"Navigating conditional road registration across QLD, NSW, VIC, and WA. Essential lighting, seatbelts, speed limits, and permits for golf estates and private…",157,1,"Golf Buggy Registration in Australia: State-by-State Guide to Conditional Road & Community Access",11,1293,"",,,"",,"",,,,,,,,https://www.golfbuggiesexpress.com.au/blog/golf-buggy-registration-australia-conditional-road-access/,"index, follow","BlogPosting+WebPage+Person+BreadcrumbList+ListItem+FAQPage+Question+Answer",3,0,0,1,1,2,3,0
/blog/golf-buggy-seat-covers-and-upholstery-australia/,blog,"Golf Buggy Seat Covers Australia: UV & Wear",43,"Why golf buggy seats fail in Australian conditions, what seat covers actually protect against, and how to choose material that lasts more than a season.",152,1,"Golf Buggy Seat Covers in Australia: Protecting Upholstery From Sun and Wet",7,1045,"golf buggy seat covers",C00065,170,"Commercial",pass,"",true,true,true,true,false,1,0.38,https://www.golfbuggiesexpress.com.au/blog/golf-buggy-seat-covers-and-upholstery-australia/,"index, follow","BlogPosting+WebPage+Person+BreadcrumbList+ListItem+FAQPage+Question+Answer",3,0,0,2,2,2,3,0
/blog/golf-buggy-tyres-explained-australia/,blog,"Golf Buggy Tyres Explained: Australian Guide",44,"The three tyre types fitted to golf buggies in Australia, what each is actually built for, and how to tell if the tyres on the buggy you are looking at match…",158,1,"Golf Buggy Tyres Explained: Turf, All-Terrain & Street Tyres for Australian Conditions",8,1144,"golf buggy tyres australia",C02486,20,"Commercial",pass,"",false,false,true,true,false,0,0,https://www.golfbuggiesexpress.com.au/blog/golf-buggy-tyres-explained-australia/,"index, follow","BlogPosting+WebPage+Person+BreadcrumbList+ListItem+FAQPage+Question+Answer",3,0,0,1,1,2,3,0
/blog/golf-buggy-warranty-australia-explained/,blog,"Golf Buggy Warranty Australia: What’s Covered",45,"What our Australian warranty actually covers on a new golf buggy, how long lithium battery cover runs, and the common causes of a voided warranty claim worth…",158,1,"Golf Buggy Warranty In Australia: What's Covered, For How Long & What Voids It",8,1053,"golf buggy warranty australia",,,"",,"not in bank (no volume data)",true,true,false,true,false,0,0,https://www.golfbuggiesexpress.com.au/blog/golf-buggy-warranty-australia-explained/,"index, follow","BlogPosting+WebPage+Person+BreadcrumbList+ListItem+FAQPage+Question+Answer",3,0,0,1,1,2,3,0
/blog/golf-buggy-windscreens-weather-enclosures-australia/,blog,"Golf Buggy Windscreens & Weather Enclosures",43,"The difference between a fold-down windscreen and a full weather enclosure on a golf buggy, when each actually earns its keep in Australian conditions, and…",156,1,"Golf Buggy Windscreens & Weather Enclosures: Rain, Wind & Cold Protection",8,1014,"golf buggy windscreen australia",,,"",,"not in bank (no volume data)",false,false,false,false,false,0,0,https://www.golfbuggiesexpress.com.au/blog/golf-buggy-windscreens-weather-enclosures-australia/,"index, follow","BlogPosting+WebPage+Person+BreadcrumbList+ListItem+FAQPage+Question+Answer",3,0,0,1,1,2,3,0
/blog/golf-buggy-winter-storage-battery-care-australia/,blog,"Golf Buggy Winter Storage & Battery Care | Buggies Express",58,"Proven off-season care tips for electric golf buggies across southern Australia. State of charge optimization, moisture mitigation, tyre preservation, and…",155,1,"Golf Buggy Winter Storage & Long-Term Care: Preventing Deep Discharge & Electronic Faults",10,1243,"",,,"",,"",,,,,,,,https://www.golfbuggiesexpress.com.au/blog/golf-buggy-winter-storage-battery-care-australia/,"index, follow","BlogPosting+WebPage+Person+BreadcrumbList+ListItem+FAQPage+Question+Answer",3,0,0,2,2,2,3,0
/blog/golf-buggy-with-seat-options-explained-australia/,blog,"Golf Buggy With Seat: Options Explained | Buggies Express",57,"How to add seating to a golf buggy in Australia with flip seat kits, what it means for brakes and safety, and when to buy a four-seater instead.",144,1,"Golf Buggy With a Seat: Rear Seat Kits, Flip Seats and Adding Capacity",7,1027,"golf buggy with seat",C00036,430,"Commercial",pass,"",true,true,true,true,true,0,0,https://www.golfbuggiesexpress.com.au/blog/golf-buggy-with-seat-options-explained-australia/,"index, follow","BlogPosting+WebPage+Person+BreadcrumbList+ListItem+FAQPage+Question+Answer",3,0,0,1,1,2,3,0
/blog/golf-caddy-australia-buyers-guide/,blog,"Golf Caddy Australia: Electric & Push Buyers Guide",50,"What Australians mean by a golf caddy, how electric and push models differ, and which suits your course, your boot and your back.",129,1,"Golf Caddy Buyers Guide Australia: Electric, Remote and Push Options Compared",7,1092,"golf caddy",C00098,140,"Informational, Commercial",pass,"",true,true,true,true,true,10,1.83,https://www.golfbuggiesexpress.com.au/blog/golf-caddy-australia-buyers-guide/,"index, follow","BlogPosting+WebPage+Person+BreadcrumbList+ListItem+FAQPage+Question+Answer",3,0,0,1,1,2,3,0
/blog/golf-car-vs-golf-buggy-vs-golf-cart-australia/,blog,"Golf Car vs Golf Buggy vs Golf Cart Explained",45,"Golf car, golf buggy and golf cart mean the same vehicle in Australia but signal different things. Here is the terminology and why it affects your search.",154,1,"Golf Car, Golf Buggy or Golf Cart? What Australians Actually Call Them and Why It Matters",7,1038,"golf car",C00002,10540,"Commercial",pass,"",true,true,true,true,true,8,1.54,https://www.golfbuggiesexpress.com.au/blog/golf-car-vs-golf-buggy-vs-golf-cart-australia/,"index, follow","BlogPosting+WebPage+Person+BreadcrumbList+ListItem+FAQPage+Question+Answer",3,0,0,1,1,2,3,0
/blog/golf-cart-finance-options-pay-in-4-vs-crypto-discounts/,blog,"Golf Buggy Finance Australia: Pay in 4 vs Crypto",48,"Explore flexible payment avenues for new and pre-owned golf buggies, including 0% interest Finance in 4 installment plans and direct BTC/USDT savings.",150,1,"How to Finance a Golf Cart in Australia: Finance in 4 vs 10% Crypto Discounts",8,1133,"",,,"",,"",,,,,,,,https://www.golfbuggiesexpress.com.au/blog/golf-cart-finance-options-pay-in-4-vs-crypto-discounts/,"index, follow","BlogPosting+WebPage+Person+BreadcrumbList+ListItem+FAQPage+Question+Answer",3,0,0,1,1,2,3,0
/blog/golf-cart-with-remote-control-australia-guide/,blog,"Golf Cart with Remote Control: Australia Guide",46,"How remote control golf buggies work, why gyroscope tracking matters on side-slopes, and what separates a good handset from a frustrating one.",142,1,"Golf Cart with Remote Control in Australia: How It Works and What to Look For",7,1066,"golf cart with remote",C00026,440,"Commercial",pass,"",true,true,false,true,false,0,0,https://www.golfbuggiesexpress.com.au/blog/golf-cart-with-remote-control-australia-guide/,"index, follow","BlogPosting+WebPage+Person+BreadcrumbList+ListItem+FAQPage+Question+Answer",3,0,0,1,1,2,3,0
/blog/golf-carts-for-sale-adelaide-sa-buyers-guide/,blog,"Golf Carts for Sale Adelaide: SA Buyers Guide",45,"Buying a golf buggy in Adelaide and South Australia from our Yatala QLD depot, with enclosed freight, dry-heat battery advice and vineyard use.",143,1,"Golf Carts for Sale in Adelaide: Dry Heat, Vineyard Blocks and Delivery to South Australia",7,1037,"golf carts for sale adelaide",C00082,170,"Transactional",FAIL,"",true,true,false,true,false,0,0,https://www.golfbuggiesexpress.com.au/blog/golf-carts-for-sale-adelaide-sa-buyers-guide/,"index, follow","BlogPosting+WebPage+Person+BreadcrumbList+ListItem+FAQPage+Question+Answer",3,0,0,1,1,2,3,0
/blog/golf-carts-for-sale-brisbane-buyers-guide/,blog,"Golf Carts for Sale Brisbane: Local Buyers Guide",48,"Buying a golf buggy in Brisbane, from our Yatala depot 40 minutes south. Local delivery, QLD conditional registration and humidity considerations.",146,1,"Golf Carts for Sale in Brisbane: Delivery, Registration and What Suits South East Queensland",7,1130,"golf carts for sale brisbane",C00052,290,"Transactional",FAIL,"",true,true,false,true,false,0,0,https://www.golfbuggiesexpress.com.au/blog/golf-carts-for-sale-brisbane-buyers-guide/,"index, follow","BlogPosting+WebPage+Person+BreadcrumbList+ListItem+FAQPage+Question+Answer",3,0,0,1,1,2,3,0
/blog/golf-carts-for-sale-melbourne-buyers-guide/,blog,"Golf Carts for Sale Melbourne: Buyers Guide",43,"Buying a golf buggy in Melbourne, including MGI walk-behind trolleys, enclosed delivery from Yatala QLD, and what Victorian winters do to batteries.",148,1,"Golf Carts and Buggies for Sale in Melbourne: Delivery, Cold Starts and Victorian Rules",7,1066,"golf carts for sale melbourne",C00054,260,"Transactional",FAIL,"",true,true,false,true,false,0,0,https://www.golfbuggiesexpress.com.au/blog/golf-carts-for-sale-melbourne-buyers-guide/,"index, follow","BlogPosting+WebPage+Person+BreadcrumbList+ListItem+FAQPage+Question+Answer",3,0,0,1,1,2,3,0
/blog/golf-carts-for-sale-perth-wa-buyers-guide/,blog,"Golf Carts for Sale Perth: WA Buyers Guide | Buggies Express",60,"Buying a golf buggy in Perth and WA from our Yatala QLD depot. Cross-country enclosed freight, extreme heat on batteries, and sand-country tyres.",145,1,"Golf Carts for Sale in Perth: Cross-Country Freight, Heat and Sandy Ground",7,1101,"golf carts for sale perth",C00053,260,"Transactional",FAIL,"",true,true,false,true,false,0,0,https://www.golfbuggiesexpress.com.au/blog/golf-carts-for-sale-perth-wa-buyers-guide/,"index, follow","BlogPosting+WebPage+Person+BreadcrumbList+ListItem+FAQPage+Question+Answer",3,0,0,1,1,2,3,0
/blog/golf-carts-for-sale-sydney-nsw-buyers-guide/,blog,"Golf Carts for Sale Sydney & NSW: Buyers Guide",46,"Buying a golf buggy in Sydney or regional NSW from our Yatala QLD depot, with enclosed freight, coastal corrosion advice and NSW road access rules.",147,1,"Golf Carts for Sale in Sydney and NSW: Delivery, Coastal Salt and Access Rules",7,1080,"golf carts for sale nsw",C00062,270,"Transactional",FAIL,"",true,true,false,true,false,0,0,https://www.golfbuggiesexpress.com.au/blog/golf-carts-for-sale-sydney-nsw-buyers-guide/,"index, follow","BlogPosting+WebPage+Person+BreadcrumbList+ListItem+FAQPage+Question+Answer",3,0,0,1,1,2,3,0
/blog/golf-push-cart-vs-electric-trolley-australia/,blog,"Golf Push Cart vs Electric Trolley Australia",44,"A golf push cart costs less and never needs charging. An electric trolley removes the load entirely. Here is how to decide which fits your game.",144,1,"Golf Push Cart or Electric Trolley? Choosing Between Them in Australia",7,1071,"golf push cart",C00013,1080,"Commercial",pass,"",true,true,true,true,true,3,0.84,https://www.golfbuggiesexpress.com.au/blog/golf-push-cart-vs-electric-trolley-australia/,"index, follow","BlogPosting+WebPage+Person+BreadcrumbList+ListItem+FAQPage+Question+Answer",3,0,0,1,1,2,3,0
/blog/heavy-duty-off-road-golf-buggy-rural-acreage-guide/,blog,"Heavy Duty Off-Road Golf Buggies Rural Australia",48,"How heavy-duty lifted golf buggies handle steep gullies, cattle paddocks, and muddy tracks across Australian farms with high-torque AC motors and 23-inch…",154,1,"Heavy Duty Off-Road Golf Buggies for Rural Australia: Mud, Slopes & Acreage Fencing",9,1190,"",,,"",,"",,,,,,,,https://www.golfbuggiesexpress.com.au/blog/heavy-duty-off-road-golf-buggy-rural-acreage-guide/,"index, follow","BlogPosting+WebPage+Person+BreadcrumbList+ListItem+FAQPage+Question+Answer",3,0,0,1,1,2,3,0
/blog/how-golf-buggy-ordering-invoicing-delivery-works/,blog,"How Golf Buggy Ordering & Delivery Works | Buggies Express",58,"A plain walkthrough of what actually happens between choosing a model and it arriving at your door: quoting freight, paying, the invoice you receive, and how…",158,1,"How Golf Buggy Ordering, Invoicing & Delivery Works At The Buggies Express",8,1020,"how to buy a golf buggy online australia",,,"",,"not in bank (no volume data)",false,false,false,false,false,0,0,https://www.golfbuggiesexpress.com.au/blog/how-golf-buggy-ordering-invoicing-delivery-works/,"index, follow","BlogPosting+WebPage+Person+BreadcrumbList+ListItem+FAQPage+Question+Answer",3,0,0,1,1,2,3,0
/blog/how-much-does-a-golf-cart-cost-australia/,blog,"How Much Does a Golf Cart Cost in Australia?",44,"What golf buggies actually cost in Australia by category, what drives the price differences, and the costs buyers routinely forget to budget for.",145,1,"How Much Does a Golf Cart Cost in Australia? Real Price Bands for 2026",7,1041,"how much is a golf cart",C01175,30,"Transactional",FAIL,"",false,false,false,false,false,0,0,https://www.golfbuggiesexpress.com.au/blog/how-much-does-a-golf-cart-cost-australia/,"index, follow","BlogPosting+WebPage+Person+BreadcrumbList+ListItem+FAQPage+Question+Answer",3,0,0,1,1,2,3,0
/blog/how-to-choose-the-right-electric-golf-buggy-in-australia/,blog,"How to Choose an Electric Golf Buggy in Australia",49,"A definitive guide comparing walk-behind electric caddies, traditional 2-seaters, 4-passenger estate cruisers, and off-road 4x4 carts for Australian…",149,1,"How to Choose the Right Electric Golf Buggy in Australia: Walk-Behind vs Ride-On Comparison",10,1265,"",,,"",,"",,,,,,,,https://www.golfbuggiesexpress.com.au/blog/how-to-choose-the-right-electric-golf-buggy-in-australia/,"index, follow","BlogPosting+WebPage+Person+BreadcrumbList+ListItem+FAQPage+Question+Answer",3,0,0,1,1,2,3,0
/blog/junior-golf-buggy-australia-guide/,blog,"Junior Golf Buggy Australia: What to Look For",45,"What makes a golf buggy suitable for a junior golfer in Australia, how to size one properly, and the safety points parents should insist on.",140,1,"Junior Golf Buggies in Australia: Sizing, Safety and What to Look For",7,1147,"junior golf trolley",,10,"",,"removed in Phase 0: held: junior range (owner-initiated coming-soon page only)",false,false,false,true,false,0,0,https://www.golfbuggiesexpress.com.au/blog/junior-golf-buggy-australia-guide/,"index, follow","BlogPosting+WebPage+Person+BreadcrumbList+ListItem+FAQPage+Question+Answer",3,0,0,2,2,2,3,0
/blog/lifted-4x4-golf-carts-acreage-and-farm-performance/,blog,"Lifted 4x4 Golf Buggies for Australian Acreage",46,"How 400A AC motors, heavy-duty coilover suspension, hydraulic disc brakes, and all-terrain tyres tackle steep paddocks and rugged rural terrain.",144,1,"Lifted 4x4 Off-Road Golf Buggies: Acreage, Farm & Muddy Incline Performance",8,1178,"",,,"",,"",,,,,,,,https://www.golfbuggiesexpress.com.au/blog/lifted-4x4-golf-carts-acreage-and-farm-performance/,"index, follow","BlogPosting+WebPage+Person+BreadcrumbList+ListItem+FAQPage+Question+Answer",3,0,0,72,72,2,3,0
/blog/lithium-battery-conversion-guide-cost-australia/,blog,"Lithium Battery Conversion Cost Guide Australia",47,"Comparing LiFePO4 lithium against flooded lead-acid and AGM packs in harsh Australian heat. Weight savings, cycle life, charging times, and true 10-year…",153,1,"Lithium vs Lead-Acid Golf Buggy Batteries: 10-Year Total Cost & Heat Performance in Australia",10,1252,"",,,"",,"",,,,,,,,https://www.golfbuggiesexpress.com.au/blog/lithium-battery-conversion-guide-cost-australia/,"index, follow","BlogPosting+WebPage+Person+BreadcrumbList+ListItem+FAQPage+Question+Answer",3,0,0,2,2,2,3,0
/blog/lithium-vs-lead-acid-golf-buggy-batteries-australia/,blog,"Lithium vs Lead-Acid Golf Buggy Batteries Australia",51,"Comparing real-world driving range, 8-year lifespan savings, hill climb torque, and maintenance differences for Australian golf courses and acreage estates.",156,1,"Lithium vs Lead-Acid Golf Buggy Batteries: The Complete Australian Buyer Guide",8,1170,"",,,"",,"",,,,,,,,https://www.golfbuggiesexpress.com.au/blog/lithium-vs-lead-acid-golf-buggy-batteries-australia/,"index, follow","BlogPosting+WebPage+Person+BreadcrumbList+ListItem+FAQPage+Question+Answer",3,0,0,73,73,2,3,0
/blog/mgi-golf-buggy-accessories-guide-australia/,blog,"MGI Golf Buggy Accessories Guide Australia | Buggies Express",60,"Explore the essential accessory attachments for MGI Zip and Ai Navigator electric buggies. From sun umbrella extenders and padded seats to sand bucket loops…",157,1,"MGI Golf Buggy Accessories Guide: Top 10 Must-Have Add-Ons for Australian Courses",11,1221,"",,,"",,"",,,,,,,,https://www.golfbuggiesexpress.com.au/blog/mgi-golf-buggy-accessories-guide-australia/,"index, follow","BlogPosting+WebPage+Person+BreadcrumbList+ListItem+FAQPage+Question+Answer",3,0,0,2,2,2,3,0
/blog/mgi-vs-motocaddy-electric-golf-trolley-australia/,blog,"MGI vs Motocaddy: Electric Trolleys Compared",44,"An honest comparison of MGI and Motocaddy electric golf trolleys for Australian golfers, covering tracking, batteries, parts support and local service.",151,1,"MGI vs Motocaddy: Comparing Electric Golf Trolleys in Australia",7,1028,"mgi vs motocaddy",,20,"",,"removed in Phase 0: off-topic: no golf buggy/cart/trolley anchor",true,true,false,true,false,0,0,https://www.golfbuggiesexpress.com.au/blog/mgi-vs-motocaddy-electric-golf-trolley-australia/,"index, follow","BlogPosting+WebPage+Person+BreadcrumbList+ListItem+FAQPage+Question+Answer",3,0,0,1,1,2,3,0
/blog/motorised-vs-push-golf-buggy-health-stamina-benefits/,blog,"Motorised vs Push Golf Buggy: Health Benefits",45,"Sports science insights into how motorized golf buggies reduce shoulder fatigue, preserve back health, and save 2–3 shots per round on back-nine greens.",152,1,"Motorised vs Push Golf Buggies: Which Improves Stamina, Heart Rate & Your Handicap?",9,1244,"",,,"",,"",,,,,,,,https://www.golfbuggiesexpress.com.au/blog/motorised-vs-push-golf-buggy-health-stamina-benefits/,"index, follow","BlogPosting+WebPage+Person+BreadcrumbList+ListItem+FAQPage+Question+Answer",3,0,0,3,3,2,3,0
/blog/must-have-golf-buggy-accessories-and-spares-australia/,blog,"Golf Buggy Accessories & Spare Parts Australia",46,"The top 10 essential golf buggy accessories and replacement spares for Australian courses. Sun protection, sand buckets, drink coolers, and spare wheels.",153,1,"Must-Have Golf Buggy Accessories & Spare Parts in Australia: From Umbrella Mounts to Sand Buckets",10,1188,"",,,"",,"",,,,,,,,https://www.golfbuggiesexpress.com.au/blog/must-have-golf-buggy-accessories-and-spares-australia/,"index, follow","BlogPosting+WebPage+Person+BreadcrumbList+ListItem+FAQPage+Question+Answer",3,0,0,2,2,2,3,0
/blog/paying-for-a-golf-buggy-in-crypto-btc-usdt-guide/,blog,"Paying For A Golf Buggy In Crypto: BTC & USDT",45,"How to pay for a golf buggy in Bitcoin or Tether at The Buggies Express, why it earns a 10% discount, and exactly what happens between sending the…",147,1,"Paying For A Golf Buggy In Crypto: A Step-By-Step BTC & USDT Guide",8,998,"pay for golf buggy bitcoin",,,"",,"not in bank (no volume data)",false,false,true,true,false,1,0.5,https://www.golfbuggiesexpress.com.au/blog/paying-for-a-golf-buggy-in-crypto-btc-usdt-guide/,"index, follow","BlogPosting+WebPage+Person+BreadcrumbList+ListItem+FAQPage+Question+Answer",3,0,0,1,1,2,3,0
/blog/petrol-vs-electric-golf-buggy-running-costs-australia/,blog,"Petrol vs Electric Golf Buggy Running Costs",43,"A straight comparison of what actually costs money to run a petrol versus an electric golf buggy in Australia over time: fuel and charging, servicing, and…",155,1,"Petrol Vs Electric Golf Buggy: Real Running Costs Compared In Australia",8,1057,"petrol vs electric golf buggy australia",,,"",,"not in bank (no volume data)",false,true,false,true,false,0,0,https://www.golfbuggiesexpress.com.au/blog/petrol-vs-electric-golf-buggy-running-costs-australia/,"index, follow","BlogPosting+WebPage+Person+BreadcrumbList+ListItem+FAQPage+Question+Answer",3,0,0,1,1,2,3,0
/blog/powakaddy-vs-mgi-electric-golf-trolley-australia/,blog,"PowaKaddy vs MGI: Which Trolley for Australia?",46,"We stock both PowaKaddy and MGI. Here is an honest comparison of screens, batteries, tracking and which Australian golfer each one suits.",137,1,"PowaKaddy vs MGI: Choosing Between Two Stocked Electric Trolley Brands",7,987,"powakaddy golf buggy",C00199,80,"Navigational, Commercial",pass,"",false,false,false,false,true,0,0,https://www.golfbuggiesexpress.com.au/blog/powakaddy-vs-mgi-electric-golf-trolley-australia/,"index, follow","BlogPosting+WebPage+Person+BreadcrumbList+ListItem+FAQPage+Question+Answer",3,0,0,1,1,2,3,0
/blog/reconditioned-vs-new-golf-buggy-cost-comparison/,blog,"Reconditioned vs New Golf Buggy: Cost Compared",46,"A used golf buggy for sale looks cheaper until you total the immediate spend. Here is how reconditioned and new actually compare over five years.",145,1,"Reconditioned vs New Golf Buggy in Australia: The Honest Cost Comparison",7,1058,"used golf buggy for sale",,140,"",,"removed in Phase 0: used / second-hand / marketplace",false,false,true,true,false,1,0.47,https://www.golfbuggiesexpress.com.au/blog/reconditioned-vs-new-golf-buggy-cost-comparison/,"index, follow","BlogPosting+WebPage+Person+BreadcrumbList+ListItem+FAQPage+Question+Answer",3,0,0,1,1,2,3,0
/blog/remote-control-golf-buggy-australia-buyers-guide/,blog,"Remote Control Golf Buggy Australia: Buyers Guide",49,"Explore how gyroscopic straight-tracking, twin 230W motors, downhill speed braking, and lithium range make remote golf buggies the top choice for Aussie…",153,1,"Remote Control Golf Buggies in Australia: The Ultimate Buyer & Feature Guide",10,1280,"",,,"",,"",,,,,,,,https://www.golfbuggiesexpress.com.au/blog/remote-control-golf-buggy-australia-buyers-guide/,"index, follow","BlogPosting+WebPage+Person+BreadcrumbList+ListItem+FAQPage+Question+Answer",3,0,0,2,2,2,3,0
/blog/second-hand-golf-buggy-value-guide-australia/,blog,"Second Hand Golf Buggies for Sale: Value Guide",46,"How to value a second hand golf buggy in Australia, what depreciates fastest, and which models hold their price years after purchase.",133,1,"Second Hand Golf Buggies for Sale in Australia: What They Are Actually Worth",7,1160,"second hand golf buggies for sale",C07589,0,"Transactional",FAIL,"",true,true,false,true,false,0,0,https://www.golfbuggiesexpress.com.au/blog/second-hand-golf-buggy-value-guide-australia/,"index, follow","BlogPosting+WebPage+Person+BreadcrumbList+ListItem+FAQPage+Question+Answer",3,0,0,1,1,2,3,0
/blog/solar-panels-on-golf-buggies-australia-feasibility-guide/,blog,"Solar Panels on Golf Buggies in Australia | Buggies Express",59,"An engineering analysis of flexible monocrystalline solar roofs on golf buggies and farm carts. Daily kilowatt-hour harvest, MPPT charge controllers, and…",154,1,"Solar Panels on Golf Buggies: Does Roof Solar Recharging Actually Work in Australia?",10,1277,"",,,"",,"",,,,,,,,https://www.golfbuggiesexpress.com.au/blog/solar-panels-on-golf-buggies-australia-feasibility-guide/,"index, follow","BlogPosting+WebPage+Person+BreadcrumbList+ListItem+FAQPage+Question+Answer",3,0,0,2,2,2,3,0
/blog/trading-in-old-golf-cart-australia/,blog,"Trading In Your Old Golf Cart In Australia | Buggies Express",60,"How trading in an old golf buggy at The Buggies Express actually works, what genuinely affects the figure you’re offered, and why it’s usually simpler than a…",158,1,"Trading In Your Old Golf Cart In Australia: What It’s Worth & How It Works",8,1022,"trade in golf cart australia",,,"",,"not in bank (no volume data)",false,false,false,true,false,0,0,https://www.golfbuggiesexpress.com.au/blog/trading-in-old-golf-cart-australia/,"index, follow","BlogPosting+WebPage+Person+BreadcrumbList+ListItem+FAQPage+Question+Answer",3,0,0,1,1,2,3,0
/blog/transporting-towing-golf-buggy-australia-trailers-tie-downs/,blog,"Transporting & Towing a Golf Buggy in Australia",47,"Everything you need to know about trailering golf carts on Australian highways. ATM weight calculations, 4-point strap anchor angles, windscreen protection…",156,1,"How to Safely Transport & Tow a Golf Buggy in Australia: Trailers, Ramps & Tie-Down Best Practices",9,1299,"",,,"",,"",,,,,,,,https://www.golfbuggiesexpress.com.au/blog/transporting-towing-golf-buggy-australia-trailers-tie-downs/,"index, follow","BlogPosting+WebPage+Person+BreadcrumbList+ListItem+FAQPage+Question+Answer",3,0,0,1,1,2,3,0
/blog/used-golf-carts-for-sale-australia-what-we-check/,blog,"Used Golf Carts for Sale Australia: What We Check",49,"What a reconditioned golf buggy is actually inspected for at our Yatala QLD depot, and the checks worth making yourself on any private sale.",140,1,"Used Golf Carts for Sale in Australia: The 12 Checks Before a Buggy Goes on Our Floor",8,1281,"used golf carts for sale",,10,"",,"removed in Phase 0: used / second-hand / marketplace",true,true,false,true,false,1,0.39,https://www.golfbuggiesexpress.com.au/blog/used-golf-carts-for-sale-australia-what-we-check/,"index, follow","BlogPosting+WebPage+Person+BreadcrumbList+ListItem+FAQPage+Question+Answer",3,0,0,1,1,2,3,0
/blog/used-petrol-golf-buggy-prices-australia/,blog,"Used Petrol Golf Buggy Prices in Australia | Buggies Express",60,"What a used petrol golf buggy is worth in Australia, why EFI models command more than carburettor ones, and the running costs to price in.",138,1,"Used Petrol Golf Buggy Prices in Australia: What Drives the Number",7,1115,"used gas golf cart prices",,390,"",,"removed in Phase 0: used / second-hand / marketplace",false,false,false,false,false,0,0,https://www.golfbuggiesexpress.com.au/blog/used-petrol-golf-buggy-prices-australia/,"index, follow","BlogPosting+WebPage+Person+BreadcrumbList+ListItem+FAQPage+Question+Answer",3,0,0,1,1,2,3,0
/contact/,static,"Contact The Buggies Express | Yatala QLD Depot",46,"Contact the Golf Buggies Express depot at Yatala QLD 4207 for buggy sales, service, parts and Australia-wide freight. ABN 28 668 598 758.",137,1,"Contact The Buggies Express Yatala QLD Depot",2,163,"",,,"",,"",,,,,,,,https://www.golfbuggiesexpress.com.au/contact/,"index, follow","",2,0,0,173,16,0,0,
/crypto-payment/,static,"Pay in Bitcoin or USDT | 10% Off | The Buggies Express",54,"Pay for your golf buggy in BTC or USDT on this site and take 10% off the vehicle price. Address and QR at checkout; confirm with your receipt on WhatsApp.",154,1,"Pay in Bitcoin or USDT",3,808,"",,,"",,"",,,,,,,,https://www.golfbuggiesexpress.com.au/crypto-payment/,"index, follow","HowTo+HowToStep",2,0,0,0,0,1,0,
/delivery/,delivery-hub,"Golf Buggy Delivery Australia-Wide | Yatala QLD Depot",53,"Golf buggies and carts delivered to every Australian state from our Yatala QLD depot. Enclosed freight quoted by postcode, from the Gold Coast to Perth.",152,1,"Golf Buggy Delivery Australia-Wide from Yatala QLD",5,470,"",,,"",,"",,,,,,,,https://www.golfbuggiesexpress.com.au/delivery/,"index, follow","Service+Country+City+Organization+Store+AutomotiveBusiness+ImageObject+PostalAddress+BreadcrumbList+ListItem",2,0,0,173,17,3,0,
/delivery/adelaide/,city,"Golf Buggies Adelaide | Enclosed Delivery to South Australia",60,"Golf buggies delivered to Adelaide and South Australia in enclosed freight from our Yatala QLD depot. Electric, petrol and utility models, GST included.",152,1,"Golf Buggies for Adelaide and South Australia, Delivered from Yatala",7,578,"golf buggies adelaide",C00178,70,"Commercial",pass,"",true,true,true,false,false,1,0.52,https://www.golfbuggiesexpress.com.au/delivery/adelaide/,"index, follow","Service+City+State+Offer+Organization+Store+AutomotiveBusiness+ImageObject+PostalAddress+BreadcrumbList+ListItem+FAQPage+Question+Answer",2,0,0,6,6,4,0,11
/delivery/brisbane/,city,"Golf Carts for Sale QLD | Brisbane Delivery from Yatala",55,"Golf carts and buggies for sale in QLD, delivered to Brisbane and South East Queensland from our Yatala depot 40 km south of the CBD. GST-inclusive prices.",155,1,"Golf Carts for Sale in QLD: Brisbane Delivery from Yatala",7,635,"golf carts for sale qld",C00051,260,"Transactional",pass,"",true,true,true,true,false,0,0,https://www.golfbuggiesexpress.com.au/delivery/brisbane/,"index, follow","Service+City+State+Offer+Organization+Store+AutomotiveBusiness+ImageObject+PostalAddress+BreadcrumbList+ListItem+FAQPage+Question+Answer",2,0,0,6,6,4,0,11
/delivery/gold-coast/,city,"Golf Carts Gold Coast | Delivered from Yatala QLD",49,"Golf carts and buggies for the Gold Coast, delivered from our Yatala depot 35 km up the M1. Lithium 4-seaters and lifted acreage buggies, tested first.",151,1,"Golf Carts Gold Coast: Delivered from Our Yatala Depot",7,673,"golf carts gold coast",C00055,280,"Commercial",pass,"",true,true,true,true,false,2,1.19,https://www.golfbuggiesexpress.com.au/delivery/gold-coast/,"index, follow","Service+City+State+Offer+Organization+Store+AutomotiveBusiness+ImageObject+PostalAddress+BreadcrumbList+ListItem+FAQPage+Question+Answer",2,0,0,6,6,4,0,11
/delivery/melbourne/,city,"Golf Cart for Sale Melbourne | Enclosed Delivery to VIC",55,"Golf carts for sale, delivered to Melbourne and Victoria in enclosed freight from our Yatala QLD depot. Lithium, petrol and utility models, GST included.",153,1,"Golf Cart for Sale, Delivered to Melbourne and Victoria",7,619,"golf cart for sale melbourne",C00054,260,"Transactional",pass,"",true,true,true,true,false,0,0,https://www.golfbuggiesexpress.com.au/delivery/melbourne/,"index, follow","Service+City+State+Offer+Organization+Store+AutomotiveBusiness+ImageObject+PostalAddress+BreadcrumbList+ListItem+FAQPage+Question+Answer",2,0,0,6,6,4,0,11
/delivery/perth/,city,"Golf Buggy for Sale Perth | Enclosed Delivery to WA",51,"Golf buggies for sale, delivered to Perth and WA in enclosed freight from our Yatala QLD depot. Lithium, petrol and utility models with GST-inclusive prices.",157,1,"Golf Buggy for Sale, Delivered to Perth and Western Australia",7,628,"golf buggy for sale perth",C00130,160,"Transactional",pass,"",true,true,true,false,false,0,0,https://www.golfbuggiesexpress.com.au/delivery/perth/,"index, follow","Service+City+State+Offer+Organization+Store+AutomotiveBusiness+ImageObject+PostalAddress+BreadcrumbList+ListItem+FAQPage+Question+Answer",2,0,0,6,6,4,0,10
/delivery/sydney/,city,"Golf Buggy for Sale Sydney | Enclosed Delivery to NSW",53,"Golf buggies for sale, delivered to Sydney and NSW in enclosed interstate freight from our Yatala QLD depot. Lithium 4-seaters, acreage 4x4s, GST included.",155,1,"Golf Buggy for Sale, Delivered to Sydney and NSW",7,615,"golf buggy for sale sydney",C00134,160,"Transactional",pass,"",true,true,true,true,false,0,0,https://www.golfbuggiesexpress.com.au/delivery/sydney/,"index, follow","Service+City+State+Offer+Organization+Store+AutomotiveBusiness+ImageObject+PostalAddress+BreadcrumbList+ListItem+FAQPage+Question+Answer",2,0,0,6,6,4,0,10
/faq/,static,"Golf Buggy FAQ Australia | The Buggies Express",46,"Answers on Australia-wide enclosed freight, real lithium range, slope and wet-paddock performance, ordering and warranty from our Yatala QLD depot.",147,1,"Frequently Asked Questions — Golf Buggies Australia",1,170,"",,,"",,"",,,,,,,,https://www.golfbuggiesexpress.com.au/faq/,"index, follow","FAQPage+Question+Answer+BreadcrumbList+ListItem",2,0,0,173,0,0,0,
/search/,static,"Search the Golf Buggy Fleet | The Buggies Express",49,"Search all 62 golf buggy models, batteries, chargers and parts stocked at the Yatala QLD depot.",95,1,"Search Australian Golf Buggies Fleet",0,31,"",,,"",,"",,,,,,,,https://www.golfbuggiesexpress.com.au/search/,"noindex, follow","",2,0,0,0,0,0,0,
/shop/,shop-hub,"Shop Golf Buggies Australia | All 62 Models",43,"Browse all 62 models: luxury 4-seaters, 2-seaters, lifted 4x4, commercial utility, petrol and walk-behind buggies, plus batteries and parts.",140,1,"Australian Golf Buggies Fleet — All 62 Models for Sale",1,440,"",,,"",,"",,,,,,,,https://www.golfbuggiesexpress.com.au/shop/,"index, follow","BreadcrumbList+ListItem",14,0,0,173,152,12,0,
/shop/accessories-spare-parts/,category,"Golf Buggy Accessories & Spare Parts | Buggies Express",54,"Golf buggy accessories and spare parts in Australia. Controllers, brake kits, wheels, windshields, lighting, seats and covers shipped from Yatala QLD.",150,1,"Golf Buggy Accessories & Spare Parts in Australia",6,804,"",,,"",,"",,,,,,,,https://www.golfbuggiesexpress.com.au/shop/accessories-spare-parts/,"index, follow","CollectionPage+ItemList+ListItem+BreadcrumbList",14,0,0,173,0,12,5,0
/shop/accessories-spare-parts/all-terrain-23x10-5-12-wheel-tyre-combo/,product,"All-Terrain 23x10.5-12 Wheel & Tyre Combo (Set of 4)",52,"All-Terrain 23x10.5-12 Wheel & Tyre Combo (Set of 4), $850 AUD inc GST. 12-inch Machined Alloy Rims, 6-ply Off-Road Tread, Includes Lug Nuts.",141,1,"All-Terrain 23x10.5-12 Wheel & Tyre Combo (Set of 4)",3,1325,"all wheel drive golf cart",C01504,20,"Commercial",pass,"",false,false,false,false,false,0,0,https://www.golfbuggiesexpress.com.au/shop/accessories-spare-parts/all-terrain-23x10-5-12-wheel-tyre-combo/,"index, follow","Product+Offer+PriceSpecification+Country+BreadcrumbList+ListItem+FAQPage+Question+Answer",3,0,0,2,2,4,0,26
/shop/accessories-spare-parts/all-weather-heavy-duty-pvc-enclosure/,product,"All-Weather Heavy-Duty PVC Enclosure | The Buggies Express",58,"All-Weather Heavy-Duty PVC Enclosure, $290 AUD inc GST. Roll-Up Clear Vinyl Windows, Heavy Duty Zippers, Universal Fit Options. Finance in 4 available.",151,1,"All-Weather Heavy-Duty PVC Enclosure",3,1240,"proline golf buggy parts",,20,"",,"removed in Phase 0: parts / repair / manuals",false,false,false,false,false,0,0,https://www.golfbuggiesexpress.com.au/shop/accessories-spare-parts/all-weather-heavy-duty-pvc-enclosure/,"index, follow","Product+Offer+PriceSpecification+Country+BreadcrumbList+ListItem+FAQPage+Question+Answer",3,0,0,1,1,4,0,28
/shop/accessories-spare-parts/curtis-1268-400a-programmable-motor-controller/,product,"Curtis 1268 400A Programmable Motor Controller",46,"Curtis 1268 400A Programmable Motor Controller, $890 AUD inc GST. 400 Amp Peak Output, Regenerative Braking Control, Programmable Curves.",137,1,"Curtis 1268 400A Programmable Motor Controller",3,1255,"curtis controller golf cart",C01969,100,"Navigational",FAIL,"",false,false,false,false,false,0,0,https://www.golfbuggiesexpress.com.au/shop/accessories-spare-parts/curtis-1268-400a-programmable-motor-controller/,"index, follow","Product+Brand+Offer+PriceSpecification+Country+BreadcrumbList+ListItem+FAQPage+Question+Answer",3,0,0,3,3,4,0,35
/shop/accessories-spare-parts/foldable-tinted-acrylic-windshield-system/,product,"Foldable Tinted Acrylic Windshield System | Buggies Express",59,"Foldable Tinted Acrylic Windshield System, $160 AUD inc GST. High-Impact Acrylic, Snug Noise-Reduction Clips, UV Protection. Tested at our Yatala QLD depot.",156,1,"Foldable Tinted Acrylic Windshield System",3,1237,"golf cart windshield parts",,20,"",,"removed in Phase 0: parts / repair / manuals",false,false,false,false,false,0,0,https://www.golfbuggiesexpress.com.au/shop/accessories-spare-parts/foldable-tinted-acrylic-windshield-system/,"index, follow","Product+Offer+PriceSpecification+Country+BreadcrumbList+ListItem+FAQPage+Question+Answer",3,0,0,2,2,4,0,32
/shop/accessories-spare-parts/golf-cart-side-mirrors-integrated-led-indicators/,product,"Golf Cart Side Mirrors with Integrated LED Indicators",53,"Golf Cart Side Mirrors with Integrated LED Indicators, $95 AUD inc GST. Convex Glass for Wide Angle View, Integrated LED Amber Indicators.",138,1,"Golf Cart Side Mirrors with Integrated LED Indicators",3,1272,"golf cart charger parts",,10,"",,"removed in Phase 0: parts / repair / manuals",false,false,false,false,false,0,0,https://www.golfbuggiesexpress.com.au/shop/accessories-spare-parts/golf-cart-side-mirrors-integrated-led-indicators/,"index, follow","Product+Offer+PriceSpecification+Country+BreadcrumbList+ListItem+FAQPage+Question+Answer",3,0,0,1,1,4,0,43
/shop/accessories-spare-parts/heavy-duty-4-wheel-hydraulic-disc-brake-kit/,product,"Heavy Duty 4-Wheel Hydraulic Disc Brake Kit",43,"Heavy Duty 4-Wheel Hydraulic Disc Brake Kit, $750 AUD inc GST. Dual-Piston Calipers, Stainless Steel Lines, Direct Bolt-On. Tested at our Yatala QLD depot.",155,1,"Heavy Duty 4-Wheel Hydraulic Disc Brake Kit",3,1263,"golf cart brake parts",,10,"",,"removed in Phase 0: parts / repair / manuals",false,false,false,true,false,0,0,https://www.golfbuggiesexpress.com.au/shop/accessories-spare-parts/heavy-duty-4-wheel-hydraulic-disc-brake-kit/,"index, follow","Product+Offer+PriceSpecification+Country+BreadcrumbList+ListItem+FAQPage+Question+Answer",3,0,0,2,2,4,0,34
/shop/accessories-spare-parts/heavy-duty-rear-flip-seat-kit-2-to-4/,product,"Heavy Duty Rear Flip Seat Kit (Converts 2 to 4 Seater)",54,"Heavy Duty Rear Flip Seat Kit (Converts 2 to 4 Seater), $650 AUD inc GST. Folds Flat into Flatbed Cargo Tray, Powder-Coated Steel Frame.",136,1,"Heavy Duty Rear Flip Seat Kit (Converts 2 to 4 Seater)",3,1324,"golf cart rear flip seat",C02509,40,"Commercial",pass,"",false,false,false,false,false,0,0,https://www.golfbuggiesexpress.com.au/shop/accessories-spare-parts/heavy-duty-rear-flip-seat-kit-2-to-4/,"index, follow","Product+Offer+PriceSpecification+Country+BreadcrumbList+ListItem+FAQPage+Question+Answer",3,0,0,1,1,4,0,37
/shop/accessories-spare-parts/heavy-duty-sand-bottle-assembly-dual-set/,product,"Heavy Duty Sand Bottle Assembly (Dual Set) | Buggies Express",60,"Heavy Duty Sand Bottle Assembly (Dual Set), $75 AUD inc GST. Rattle-Free Bracket Mounts, Easy-Pour Curved Neck Design. Tested at our Yatala QLD depot.",150,1,"Heavy Duty Sand Bottle Assembly (Dual Set)",3,1258,"easy go golf cart parts",,10,"",,"removed in Phase 0: parts / repair / manuals",false,false,false,false,false,0,0,https://www.golfbuggiesexpress.com.au/shop/accessories-spare-parts/heavy-duty-sand-bottle-assembly-dual-set/,"index, follow","Product+Offer+PriceSpecification+Country+BreadcrumbList+ListItem+FAQPage+Question+Answer",3,0,0,0,0,4,0,33
/shop/accessories-spare-parts/heavy-duty-solenoid-albright-48vdc-200a/,product,"Heavy Duty Solenoid Albright 48VDC 200A | Buggies Express",57,"Heavy Duty Solenoid Albright 48VDC 200A, $120 AUD inc GST. Continuous Duty Rating, Silver Alloy Contacts. Tested at our Yatala QLD depot.",137,1,"Heavy Duty Solenoid Albright 48VDC 200A",3,1249,"heavy duty solenoid for golf cart",,10,"",,"removed in Phase 0: parts / repair / manuals",false,false,false,true,false,0,0,https://www.golfbuggiesexpress.com.au/shop/accessories-spare-parts/heavy-duty-solenoid-albright-48vdc-200a/,"index, follow","Product+Brand+Offer+PriceSpecification+Country+BreadcrumbList+ListItem+FAQPage+Question+Answer",3,0,0,1,1,4,0,34
/shop/accessories-spare-parts/heavy-duty-tow-hitch-ball-assembly/,product,"Heavy Duty Tow Hitch & Ball Assembly | The Buggies Express",58,"Heavy Duty Tow Hitch & Ball Assembly, $110 AUD inc GST. 2-inch Receiver, Powder Coated Steel, Mounting Hardware Included. Tested at our Yatala QLD depot.",153,1,"Heavy Duty Tow Hitch & Ball Assembly",3,1260,"thomson golf buggy parts",,20,"",,"removed in Phase 0: parts / repair / manuals",false,false,false,false,false,0,0,https://www.golfbuggiesexpress.com.au/shop/accessories-spare-parts/heavy-duty-tow-hitch-ball-assembly/,"index, follow","Product+Offer+PriceSpecification+Country+BreadcrumbList+ListItem+FAQPage+Question+Answer",3,0,0,1,1,4,0,32
/shop/accessories-spare-parts/lockable-dash-glove-box-storage-system/,product,"Lockable Dash Glove Box Storage System | The Buggies Express",60,"Lockable Dash Glove Box Storage System, $185 AUD inc GST. Carbon Fiber Finish, Dual Keys, Custom Fitted Molding for Popular Models. Finance in 4 available.",155,1,"Lockable Dash Glove Box Storage System",3,1274,"spare parts for golf buggies",,10,"",,"removed in Phase 0: parts / repair / manuals",false,false,false,true,false,0,0,https://www.golfbuggiesexpress.com.au/shop/accessories-spare-parts/lockable-dash-glove-box-storage-system/,"index, follow","Product+Offer+PriceSpecification+Country+BreadcrumbList+ListItem+FAQPage+Question+Answer",3,0,0,0,0,4,0,30
/shop/accessories-spare-parts/madjax-alpha-lux-street-legal-led-light-kit/,product,"MadJax Alpha Lux Street Legal LED Light Kit",43,"MadJax Alpha Lux Street Legal LED Light Kit, $320 AUD inc GST. Automotive Turn Signals, Hazard Lights, Horn, Brake Switch Included. Finance in 4 available.",155,1,"MadJax Alpha Lux Street Legal LED Light Kit",3,1280,"madjax golf cart parts",,10,"",,"removed in Phase 0: parts / repair / manuals",false,false,false,false,false,0,0,https://www.golfbuggiesexpress.com.au/shop/accessories-spare-parts/madjax-alpha-lux-street-legal-led-light-kit/,"index, follow","Product+Brand+Offer+PriceSpecification+Country+BreadcrumbList+ListItem+FAQPage+Question+Answer",3,0,0,2,2,4,0,24
/shop/accessories-spare-parts/navitas-600a-ac-controller-upgrade-kit/,product,"Navitas 600A AC Controller Upgrade Kit | The Buggies Express",60,"Navitas 600A AC Controller Upgrade Kit, $1,450 AUD inc GST. Bluetooth On-the-Fly Lockout Control, Up to 600 Amps Output. Tested at our Yatala QLD depot.",152,1,"Navitas 600A AC Controller Upgrade Kit",3,1251,"navitas golf cart controller",C02018,30,"Navigational",FAIL,"",false,false,false,false,false,0,0,https://www.golfbuggiesexpress.com.au/shop/accessories-spare-parts/navitas-600a-ac-controller-upgrade-kit/,"index, follow","Product+Brand+Offer+PriceSpecification+Country+BreadcrumbList+ListItem+FAQPage+Question+Answer",3,0,0,1,1,4,0,32
/shop/accessories-spare-parts/replacement-mgi-ai-zip-remote-controller/,product,"Replacement MGI Ai & Zip Remote Controller Unit",47,"Replacement MGI Ai & Zip Remote Controller Unit, $190 AUD inc GST. Pre-programmed Pairing Capability, USB-C Rechargeable. Tested at our Yatala QLD depot.",153,1,"Replacement MGI Ai & Zip Remote Controller Unit",3,1304,"mgi golf cart replacement parts",,20,"",,"removed in Phase 0: parts / repair / manuals",false,false,false,false,false,0,0,https://www.golfbuggiesexpress.com.au/shop/accessories-spare-parts/replacement-mgi-ai-zip-remote-controller/,"index, follow","Product+Brand+Offer+PriceSpecification+Country+BreadcrumbList+ListItem+FAQPage+Question+Answer",3,0,0,2,2,4,0,33
/shop/accessories-spare-parts/retractable-seatbelt-system-set/,product,"Retractable Seatbelt System Set (Front & Rear)",46,"Retractable Seatbelt System Set (Front & Rear), $145 AUD inc GST. 3-Point Lap & Shoulder Harness, Bracket Kit Included, E-Mark Certified.",137,1,"Retractable Seatbelt System Set (Front & Rear)",3,1288,"golf cart front end parts",,10,"",,"removed in Phase 0: parts / repair / manuals",false,false,false,false,false,0,0,https://www.golfbuggiesexpress.com.au/shop/accessories-spare-parts/retractable-seatbelt-system-set/,"index, follow","Product+Offer+PriceSpecification+Country+BreadcrumbList+ListItem+FAQPage+Question+Answer",3,0,0,0,0,4,0,29
/shop/accessories-spare-parts/waterproof-marine-grade-bluetooth-soundbar/,product,"Waterproof Marine Grade Bluetooth Soundbar (26-inch)",52,"Waterproof Marine Grade Bluetooth Soundbar (26-inch), $420 AUD inc GST. IP67 Waterproof, Integrated RGB Lights, Direct Clamp to Roll Cage.",138,1,"Waterproof Marine Grade Bluetooth Soundbar (26-inch)",3,1261,"golf cart parts direct",,20,"",,"removed in Phase 0: parts / repair / manuals",false,false,false,true,false,0,0,https://www.golfbuggiesexpress.com.au/shop/accessories-spare-parts/waterproof-marine-grade-bluetooth-soundbar/,"index, follow","Product+Offer+PriceSpecification+Country+BreadcrumbList+ListItem+FAQPage+Question+Answer",3,0,0,0,0,4,0,36
/shop/batteries-chargers/,category,"Golf Buggy Batteries & Chargers Australia | Buggies Express",59,"Golf buggy batteries and chargers in Australia. Lithium conversion kits, drop-in modules, deep cycle lead acid and smart chargers from our Yatala QLD depot.",156,1,"Golf Buggy Batteries & Chargers in Australia",6,729,"",,,"",,"",,,,,,,,https://www.golfbuggiesexpress.com.au/shop/batteries-chargers/,"index, follow","CollectionPage+ItemList+ListItem+BreadcrumbList",12,0,0,173,1,10,5,0
/shop/batteries-chargers/club-car-eric-48v-high-frequency-charger/,product,"Club Car ERIC 48V High-Frequency Charger | Buggies Express",58,"Club Car ERIC 48V High-Frequency Charger, $590 AUD inc GST. Automatic Voltage Compensation, Global AC Input Compatibility. Tested at our Yatala QLD depot.",154,1,"Club Car ERIC 48V High-Frequency Charger",3,1258,"club car golf cart battery charger",C01809,30,"Commercial",pass,"",false,false,false,false,false,0,0,https://www.golfbuggiesexpress.com.au/shop/batteries-chargers/club-car-eric-48v-high-frequency-charger/,"index, follow","Product+Brand+Offer+PriceSpecification+Country+BreadcrumbList+ListItem+FAQPage+Question+Answer",3,0,0,18,18,4,0,33
/shop/batteries-chargers/delta-q-quiq-48v-smart-on-board-charger/,product,"Delta-Q QuiQ 48V Smart On-Board Charger | Buggies Express",57,"Delta-Q QuiQ 48V Smart On-Board Charger, $680 AUD inc GST. Multi-Profile Charging Algorithms, Weatherproof Sealed Enclosure. Tested at our Yatala QLD depot.",156,1,"Delta-Q QuiQ 48V Smart On-Board Charger",3,1272,"on board golf cart charger",C02021,20,"Commercial",pass,"",false,false,false,false,false,0,0,https://www.golfbuggiesexpress.com.au/shop/batteries-chargers/delta-q-quiq-48v-smart-on-board-charger/,"index, follow","Product+Brand+Offer+PriceSpecification+Country+BreadcrumbList+ListItem+FAQPage+Question+Answer",3,0,0,18,18,4,0,34
/shop/batteries-chargers/eco-battery-48v-105ah-lithium-conversion-kit/,product,"Eco Battery 48V 105Ah Lithium Conversion Kit",44,"Eco Battery 48V 105Ah Lithium Conversion Kit, $3,850 AUD inc GST. Includes CAN-bus Charger, Digital Gauge, Mounting Bracket, Universal Harness.",143,1,"Eco Battery 48V 105Ah Lithium Conversion Kit",3,1259,"eb eco battery golf cart",C01405,20,"Commercial",pass,"",false,false,false,false,false,0,0,https://www.golfbuggiesexpress.com.au/shop/batteries-chargers/eco-battery-48v-105ah-lithium-conversion-kit/,"index, follow","Product+Brand+Offer+PriceSpecification+Country+BreadcrumbList+ListItem+FAQPage+Question+Answer",3,0,0,10,10,4,0,24
/shop/batteries-chargers/golf-cart-solar-charging-panel-expansion-kit/,product,"Golf Cart Solar Charging Panel Expansion Kit (175W)",51,"Golf Cart Solar Charging Panel Expansion Kit (175W), $520 AUD inc GST. Flexible Rooftop Panel, MPPT Charge Controller (36V/48V), Extends Daily Range by 20%.",156,1,"Golf Cart Solar Charging Panel Expansion Kit (175W)",3,1276,"solar charging golf cart",C00727,20,"Commercial",pass,"",true,true,true,true,true,0,0,https://www.golfbuggiesexpress.com.au/shop/batteries-chargers/golf-cart-solar-charging-panel-expansion-kit/,"index, follow","Product+Offer+PriceSpecification+Country+BreadcrumbList+ListItem+FAQPage+Question+Answer",3,0,0,1,1,4,0,45
/shop/batteries-chargers/invicta-48v-50ah-lithium-drop-in-module/,product,"Invicta 48V 50Ah Lithium Drop-in Module | Buggies Express",57,"Invicta 48V 50Ah Lithium Drop-in Module, $1,850 AUD inc GST. Parallel Expansion Capable, Integrated Bluetooth Monitoring. Tested at our Yatala QLD depot.",153,1,"Invicta 48V 50Ah Lithium Drop-in Module",3,1259,"golf buggy spare parts",,10,"",,"removed in Phase 0: parts / repair / manuals",false,false,false,false,false,0,0,https://www.golfbuggiesexpress.com.au/shop/batteries-chargers/invicta-48v-50ah-lithium-drop-in-module/,"index, follow","Product+Brand+Offer+PriceSpecification+Country+BreadcrumbList+ListItem+FAQPage+Question+Answer",3,0,0,4,4,4,0,43
/shop/batteries-chargers/mgi-24v-lithium-battery-36-hole/,product,"MGI 24V Lithium Battery (24-Spindle / 36 Hole)",46,"MGI 24V Lithium Battery (24-Spindle / 36 Hole), $450 AUD inc GST. 24V 380Wh Capacity, Advanced BMS, Click & Go Design. Tested at our Yatala QLD depot.",150,1,"MGI 24V Lithium Battery (24-Spindle / 36 Hole)",3,1286,"mgi golf buggy lithium battery",C01298,20,"Commercial",pass,"",false,false,false,true,false,0,0,https://www.golfbuggiesexpress.com.au/shop/batteries-chargers/mgi-24v-lithium-battery-36-hole/,"index, follow","Product+Brand+Offer+PriceSpecification+Country+BreadcrumbList+ListItem+FAQPage+Question+Answer",3,0,0,5,5,4,0,38
/shop/batteries-chargers/roypow-48v-105ah-lithium-battery-pack/,product,"RoyPow 48V 105Ah Golf Cart Lithium Battery Pack",47,"RoyPow 48V 105Ah Golf Cart Lithium Battery Pack, $3,600 AUD inc GST. Drop-In Replacement, Built-in BMS, 5-Year Warranty, Thermal Protection.",140,1,"RoyPow 48V 105Ah Golf Cart Lithium Battery Pack",3,1275,"golf cart battery charger not working",,20,"",,"removed in Phase 0: intent rule: Informational only (no allowed page type)",false,false,false,false,false,0,0,https://www.golfbuggiesexpress.com.au/shop/batteries-chargers/roypow-48v-105ah-lithium-battery-pack/,"index, follow","Product+Brand+Offer+PriceSpecification+Country+BreadcrumbList+ListItem+FAQPage+Question+Answer",3,0,0,10,10,4,0,26
/shop/batteries-chargers/roypow-72v-105ah-commercial-lithium-battery/,product,"RoyPow 72V 105Ah Commercial Lithium Battery Pack",48,"RoyPow 72V 105Ah Commercial Lithium Battery Pack, $4,700 AUD inc GST. 72V 105Ah, Drop-In Replacement, Built-in BMS, 5-Year Warranty, Thermal Protection.",152,1,"RoyPow 72V 105Ah Commercial Lithium Battery Pack",3,1214,"golf buggy battery",C00045,960,"Informational, Commercial",pass,"",false,false,false,true,false,2,0.49,https://www.golfbuggiesexpress.com.au/shop/batteries-chargers/roypow-72v-105ah-commercial-lithium-battery/,"index, follow","Product+Brand+Offer+PriceSpecification+Country+BreadcrumbList+ListItem+FAQPage+Question+Answer",3,0,0,10,10,4,0,28
/shop/batteries-chargers/trojan-t-875-8v-deep-cycle-lead-acid-battery/,product,"Trojan T-875 8V Deep Cycle Lead Acid Battery",44,"Trojan T-875 8V Deep Cycle Lead Acid Battery, $340 AUD inc GST. 8V Deep Cycle, T2 Technology, High Capacity Grid Design. Tested at our Yatala QLD depot.",152,1,"Trojan T-875 8V Deep Cycle Lead Acid Battery",3,1271,"lead acid battery for golf trolley",C02797,10,"Commercial",pass,"",false,false,false,false,false,0,0,https://www.golfbuggiesexpress.com.au/shop/batteries-chargers/trojan-t-875-8v-deep-cycle-lead-acid-battery/,"index, follow","Product+Brand+Offer+PriceSpecification+Country+BreadcrumbList+ListItem+FAQPage+Question+Answer",3,0,0,17,17,4,0,28
/shop/batteries-chargers/universal-48v-to-12v-30a-voltage-reducer/,product,"Universal 48V/36V to 12V 30A Voltage Reducer",44,"Universal 48V/36V to 12V 30A Voltage Reducer, $85 AUD inc GST. Key-Switch Triggered, Waterproof Cast Aluminum Housing. Tested at our Yatala QLD depot.",150,1,"Universal 48V/36V to 12V 30A Voltage Reducer",3,1274,"golf carts and parts",,20,"",,"removed in Phase 0: parts / repair / manuals",false,false,false,true,false,0,0,https://www.golfbuggiesexpress.com.au/shop/batteries-chargers/universal-48v-to-12v-30a-voltage-reducer/,"index, follow","Product+Offer+PriceSpecification+Country+BreadcrumbList+ListItem+FAQPage+Question+Answer",3,0,0,1,1,4,0,27
/shop/brand/,brand-index,"Shop Golf Buggies by Brand Australia | The Buggies Express",58,"Every golf buggy brand we stock in Australia, from Club Car and Yamaha to MGI walk-behind trolleys. Enclosed freight Australia-wide.",132,1,"Shop Golf Buggies by Brand in Australia",12,362,"",,,"",,"",,,,,,,,https://www.golfbuggiesexpress.com.au/shop/brand/,"index, follow","BreadcrumbList+ListItem+ItemList",2,0,0,11,11,12,0,
/shop/brand/atlas/,brand,"Atlas Golf Buggies Australia | The Buggies Express",50,"Atlas golf buggies for sale in Australia. 2 models in stock, $20,900–$21,990 AUD. Tested at our Yatala QLD depot. Enclosed freight Australia-wide.",146,1,"Atlas Golf Buggies for Sale in Australia",3,506,"atlas golf carts",C00388,60,"Navigational",FAIL,"",false,false,false,false,false,0,0,https://www.golfbuggiesexpress.com.au/shop/brand/atlas/,"index, follow","BreadcrumbList+ListItem+ItemList+FAQPage+Question+Answer",4,0,0,1,1,4,0,29
/shop/brand/club-car/,brand,"Club Car Golf Buggies Australia | The Buggies Express",53,"Club Car golf buggies for sale in Australia. 8 models in stock, $590–$26,400 AUD. Tested at our Yatala QLD depot. Enclosed freight Australia-wide.",146,1,"Club Car Golf Buggies for Sale in Australia",3,616,"club car golf carts",C00020,870,"Commercial",pass,"",false,false,false,false,false,0,0,https://www.golfbuggiesexpress.com.au/shop/brand/club-car/,"index, follow","BreadcrumbList+ListItem+ItemList+FAQPage+Question+Answer",10,0,0,1,1,10,0,28
/shop/brand/cushman/,brand,"Cushman Golf Buggies Australia | The Buggies Express",52,"Cushman golf buggies for sale in Australia. 2 models in stock, $16,800–$21,500 AUD. Tested at our Yatala QLD depot. Enclosed freight Australia-wide.",148,1,"Cushman Golf Buggies for Sale in Australia",3,502,"cushman utility vehicle australia",,,"",,"not in bank (no volume data)",false,false,false,false,false,0,0,https://www.golfbuggiesexpress.com.au/shop/brand/cushman/,"index, follow","BreadcrumbList+ListItem+ItemList+FAQPage+Question+Answer",4,0,0,1,1,4,0,28
/shop/brand/e-z-go/,brand,"E-Z-GO Golf Buggies Australia | The Buggies Express",51,"E-Z-GO golf buggies for sale in Australia. 5 models in stock, $13,900–$27,900 AUD. Tested at our Yatala QLD depot. Enclosed freight Australia-wide.",147,1,"E-Z-GO Golf Buggies for Sale in Australia",3,546,"ezgo golf buggy",C00064,350,"Commercial",pass,"",true,true,true,false,false,0,0,https://www.golfbuggiesexpress.com.au/shop/brand/e-z-go/,"index, follow","BreadcrumbList+ListItem+ItemList+FAQPage+Question+Answer",7,0,0,1,1,7,0,28
/shop/brand/evolution/,brand,"Evolution Golf Buggies Australia | The Buggies Express",54,"Evolution golf buggies for sale in Australia. 4 models in stock, $14,200–$23,800 AUD. Tested at our Yatala QLD depot. Enclosed freight Australia-wide.",150,1,"Evolution Golf Buggies for Sale in Australia",3,533,"evolution golf carts australia",C00382,30,"Navigational",FAIL,"",false,false,false,false,false,0,0,https://www.golfbuggiesexpress.com.au/shop/brand/evolution/,"index, follow","BreadcrumbList+ListItem+ItemList+FAQPage+Question+Answer",6,0,0,1,1,6,0,29
/shop/brand/lvtong/,brand,"LVTONG Golf Buggies Australia | The Buggies Express",51,"LVTONG golf buggies for sale in Australia. 4 models in stock, $11,990–$17,500 AUD. Tested at our Yatala QLD depot. Enclosed freight Australia-wide.",147,1,"LVTONG Golf Buggies for Sale in Australia",3,518,"lvtong golf cart australia",,,"",,"not in bank (no volume data)",false,false,false,false,false,0,0,https://www.golfbuggiesexpress.com.au/shop/brand/lvtong/,"index, follow","BreadcrumbList+ListItem+ItemList+FAQPage+Question+Answer",6,0,0,1,1,6,0,29
/shop/brand/mgi/,brand,"MGI Golf Buggies Australia | The Buggies Express",48,"MGI golf buggies for sale in Australia. 6 models in stock, $190–$2,849 AUD. Tested at our Yatala QLD depot. Enclosed freight Australia-wide.",140,1,"MGI Golf Buggies for Sale in Australia",3,558,"mgi golf buggy",C00005,2320,"Informational, Transactional",pass,"",true,true,true,false,false,1,0.54,https://www.golfbuggiesexpress.com.au/shop/brand/mgi/,"index, follow","BreadcrumbList+ListItem+ItemList+FAQPage+Question+Answer",8,0,0,1,1,8,0,29
/shop/brand/powakaddy/,brand,"PowaKaddy Golf Buggies Australia | The Buggies Express",54,"PowaKaddy golf buggies for sale in Australia. 1 model in stock, $2,099 AUD. Tested at our Yatala QLD depot. Enclosed freight Australia-wide.",140,1,"PowaKaddy Golf Buggies for Sale in Australia",3,478,"powakaddy golf buggy",C00199,80,"Navigational, Commercial",pass,"",true,true,true,false,false,1,0.63,https://www.golfbuggiesexpress.com.au/shop/brand/powakaddy/,"index, follow","BreadcrumbList+ListItem+ItemList+FAQPage+Question+Answer",3,0,0,1,1,3,0,29
/shop/brand/robera/,brand,"Robera Golf Buggies Australia | The Buggies Express",51,"Robera golf buggies for sale in Australia. 1 model in stock, $2,799 AUD. Tested at our Yatala QLD depot. Enclosed freight Australia-wide.",137,1,"Robera Golf Buggies for Sale in Australia",3,491,"robera golf buggy australia",,,"",,"not in bank (no volume data)",true,true,true,false,false,1,0.81,https://www.golfbuggiesexpress.com.au/shop/brand/robera/,"index, follow","BreadcrumbList+ListItem+ItemList+FAQPage+Question+Answer",3,0,0,1,1,3,0,28
/shop/brand/tara/,brand,"Tara Golf Buggies Australia | The Buggies Express",49,"Tara golf buggies for sale in Australia. 3 models in stock, $13,500–$19,500 AUD. Tested at our Yatala QLD depot. Enclosed freight Australia-wide.",145,1,"Tara Golf Buggies for Sale in Australia",3,512,"tara golf buggy australia",,,"",,"not in bank (no volume data)",true,true,true,false,false,1,0.78,https://www.golfbuggiesexpress.com.au/shop/brand/tara/,"index, follow","BreadcrumbList+ListItem+ItemList+FAQPage+Question+Answer",5,0,0,1,1,5,0,29
/shop/brand/yamaha/,brand,"Yamaha Golf Buggies Australia | The Buggies Express",51,"Yamaha golf buggies for sale in Australia. 4 models in stock, $14,800–$18,900 AUD. Tested at our Yatala QLD depot. Enclosed freight Australia-wide.",147,1,"Yamaha Golf Buggies for Sale in Australia",3,536,"yamaha golf carts",C00027,890,"Informational, Navigational",FAIL,"",false,false,false,false,false,0,0,https://www.golfbuggiesexpress.com.au/shop/brand/yamaha/,"index, follow","BreadcrumbList+ListItem+ItemList+FAQPage+Question+Answer",6,0,0,1,1,6,0,29
/shop/commercial-utility/,category,"Commercial Utility Buggies Australia | Buggies Express",54,"Electric utility buggies for farms, resorts and industrial parks across Australia. Flatbed, cargo and 6-passenger transporters with enclosed freight.",149,1,"Commercial Utility Buggies for Sale in Australia",1,256,"",,,"",,"",,,,,,,,https://www.golfbuggiesexpress.com.au/shop/commercial-utility/,"index, follow","CollectionPage+ItemList+ListItem+BreadcrumbList",8,0,0,173,3,6,0,0
/shop/commercial-utility/club-car-carryall-700-electric-utility/,product,"Club Car Carryall 700 Electric Utility | The Buggies Express",60,"Club Car Carryall 700 Electric Utility, $22,900 AUD inc GST. 6-Foot Aluminum Cargo Box, 680kg Payload Capacity, Heavy-Duty Tow Hitch. Finance in 4 available.",157,1,"Club Car Carryall 700 Electric Utility",3,1277,"club car utility golf cart",C01880,20,"Commercial",pass,"",false,false,false,false,false,0,0,https://www.golfbuggiesexpress.com.au/shop/commercial-utility/club-car-carryall-700-electric-utility/,"index, follow","Product+Brand+Offer+PriceSpecification+Country+BreadcrumbList+ListItem+FAQPage+Question+Answer",3,0,0,11,11,4,0,27
/shop/commercial-utility/club-car-transporter-6-commercial/,product,"Club Car Transporter 6 Commercial | The Buggies Express",55,"Club Car Transporter 6 Commercial, $26,400 AUD inc GST. 6-Passenger Forward-Facing Seating, Armor-Flex Body, Heavy-Duty Axles. Tested at our Yatala QLD depot.",158,1,"Club Car Transporter 6 Commercial",3,1238,"club car golf buggy",C00050,280,"Commercial",pass,"",false,false,false,true,false,0,0,https://www.golfbuggiesexpress.com.au/shop/commercial-utility/club-car-transporter-6-commercial/,"index, follow","Product+Brand+Offer+PriceSpecification+Country+BreadcrumbList+ListItem+FAQPage+Question+Answer",3,0,0,3,3,4,0,41
/shop/commercial-utility/evolution-700-heavy-commercial-utility/,product,"Evolution 700 Heavy Commercial Utility | The Buggies Express",60,"Evolution 700 Heavy Commercial Utility, $19,200 AUD inc GST. Drop-Side Flatbed Tray, Lithium-Ion, High-Output Headlights, Tow Bar. Finance in 4 available.",154,1,"Evolution 700 Heavy Commercial Utility",3,1254,"evolution golf cart dealers near me",C03050,30,"Transactional",pass,"",false,false,false,false,false,0,0,https://www.golfbuggiesexpress.com.au/shop/commercial-utility/evolution-700-heavy-commercial-utility/,"index, follow","Product+Brand+Offer+PriceSpecification+Country+BreadcrumbList+ListItem+FAQPage+Question+Answer",5,0,0,6,6,4,0,33
/shop/commercial-utility/ezgo-cushman-hauler-pro-lithium/,product,"E-Z-GO Cushman Hauler PRO Lithium | The Buggies Express",55,"E-Z-GO Cushman Hauler PRO Lithium, $21,500 AUD inc GST. 72V AC Drive, Electric Cargo Bed Dump Option, 544kg Towing Capacity. Tested at our Yatala QLD depot.",156,1,"E-Z-GO Cushman Hauler PRO Lithium",3,1274,"ezgo golf carts australia",C00146,100,"Navigational, Commercial",pass,"",false,false,false,false,false,0,0,https://www.golfbuggiesexpress.com.au/shop/commercial-utility/ezgo-cushman-hauler-pro-lithium/,"index, follow","Product+Brand+Offer+PriceSpecification+Country+BreadcrumbList+ListItem+FAQPage+Question+Answer",3,0,0,8,8,4,0,47
/shop/commercial-utility/lvtong-commercial-flatbed-cargo-buggy/,product,"LVTONG Commercial Flatbed / Cargo Buggy | Buggies Express",57,"LVTONG Commercial Flatbed / Cargo Buggy, $15,900 AUD inc GST. Steel Mesh Flatbed, Low Loader Height, Regenerative Braking. Tested at our Yatala QLD depot.",154,1,"LVTONG Commercial Flatbed / Cargo Buggy",3,1258,"flatbed golf cart",,20,"",,"removed in Phase 0: unclassified: no intent modifier (held for review)",false,false,false,false,false,0,0,https://www.golfbuggiesexpress.com.au/shop/commercial-utility/lvtong-commercial-flatbed-cargo-buggy/,"index, follow","Product+Brand+Offer+PriceSpecification+Country+BreadcrumbList+ListItem+FAQPage+Question+Answer",3,0,0,3,3,4,0,32
/shop/commercial-utility/yamaha-umax-rally-efi-petrol/,product,"Yamaha UMAX Rally EFI Petrol | The Buggies Express",50,"Yamaha UMAX Rally EFI Petrol, $18,900 AUD inc GST. 402cc Yamaha EFI Engine, Side-Filling Fuel Tank, Bucket Seats, Under-Hood Storage. Finance in 4 available.",157,1,"Yamaha UMAX Rally EFI Petrol",3,1334,"yamaha fleet golf carts",C04074,10,"Navigational",FAIL,"",false,false,false,false,false,0,0,https://www.golfbuggiesexpress.com.au/shop/commercial-utility/yamaha-umax-rally-efi-petrol/,"index, follow","Product+Brand+Offer+PriceSpecification+Country+BreadcrumbList+ListItem+FAQPage+Question+Answer",3,0,0,7,7,4,0,44
/shop/junior-golf-buggies/,category,"Junior & Kids Golf Buggies — Coming Soon | Buggies Express",58,"Junior and kids golf buggies are coming to The Buggies Express. Register your interest and we will email you the day the range, photos and pricing go live.",155,1,"Junior Golf Buggies in Australia — Coming Soon",7,724,"junior golf buggy",,20,"",,"removed in Phase 0: held: junior range (owner-initiated coming-soon page only)",true,true,true,true,true,10,4.14,https://www.golfbuggiesexpress.com.au/shop/junior-golf-buggies/,"index, follow","CollectionPage+BreadcrumbList+ListItem+FAQPage+Question+Answer",2,0,0,173,1,0,4,0
/shop/luxury-4-seater/,category,"4 Seater Golf Buggies for Sale Australia | Buggies Express",58,"Six luxury 4-seater golf buggies for sale in Australia, including 4+2 six-passenger cruisers. Lithium models tested at our Yatala QLD depot.",140,1,"Luxury 4-Seater Buggies for Sale in Australia",1,262,"",,,"",,"",,,,,,,,https://www.golfbuggiesexpress.com.au/shop/luxury-4-seater/,"index, follow","CollectionPage+ItemList+ListItem+BreadcrumbList",8,0,0,173,7,6,0,0
/shop/luxury-4-seater/atlas-4-passenger-lifted-lithium-buggy/,product,"Atlas 4-Passenger Lifted Lithium Buggy | The Buggies Express",60,"Atlas 4-Passenger Lifted Lithium Buggy, $20,900 AUD inc GST. 48V Lithium, 3-inch Factory Lift, Custom Leather Seats, Touchscreen Display.",137,1,"Atlas 4-Passenger Lifted Lithium Buggy",4,1110,"atlas golf carts",C00388,60,"Navigational",FAIL,"",false,false,false,false,false,0,0,https://www.golfbuggiesexpress.com.au/shop/luxury-4-seater/atlas-4-passenger-lifted-lithium-buggy/,"index, follow","Product+Brand+Offer+PriceSpecification+Country+BreadcrumbList+ListItem+FAQPage+Question+Answer",3,0,0,173,40,0,0,11
/shop/luxury-4-seater/club-car-onward-4-passenger-lithium/,product,"Club Car Onward 4-Passenger Lithium | The Buggies Express",57,"Club Car Onward 4-Passenger Lithium, $24,500 AUD inc GST. AC Drive Motor, Custom Metallic Paint, Premium Canopy Top, Ergonomic Seating.",135,1,"Club Car Onward 4-Passenger Lithium",3,1292,"6 seater club car golf cart",C03608,20,"Commercial",pass,"",false,false,false,false,false,0,0,https://www.golfbuggiesexpress.com.au/shop/luxury-4-seater/club-car-onward-4-passenger-lithium/,"index, follow","Product+Brand+Offer+PriceSpecification+Country+BreadcrumbList+ListItem+FAQPage+Question+Answer",3,0,0,10,10,4,0,34
/shop/luxury-4-seater/evolution-d5-ranger-4-plus-2/,product,"Evolution D5 Ranger 4+2 Plus | The Buggies Express",50,"Evolution D5 Ranger 4+2 Plus, $22,500 AUD inc GST. 110Ah Lithium, Soundbar with Bluetooth, 9-inch Touchscreen, Foldable Windshield, Forward Facing Seats.",153,1,"Evolution D5 Ranger 4+2 Plus",3,1275,"evolution 6 seater golf cart",C03330,10,"Commercial",pass,"",false,false,false,false,false,0,0,https://www.golfbuggiesexpress.com.au/shop/luxury-4-seater/evolution-d5-ranger-4-plus-2/,"index, follow","Product+Brand+Offer+PriceSpecification+Country+BreadcrumbList+ListItem+FAQPage+Question+Answer",3,0,0,10,10,4,0,29
/shop/luxury-4-seater/ezgo-express-l6-lithium/,product,"E-Z-GO Express L6 Lithium | The Buggies Express",47,"E-Z-GO Express L6 Lithium, $27,900 AUD inc GST. ELiTE Lithium Technology, 6-Passenger Seating, High Ground Clearance, Heavy Duty Suspension.",140,1,"E-Z-GO Express L6 Lithium",3,1267,"ezgo 6 seater golf cart",C01605,30,"Commercial",pass,"",false,false,false,false,false,0,0,https://www.golfbuggiesexpress.com.au/shop/luxury-4-seater/ezgo-express-l6-lithium/,"index, follow","Product+Brand+Offer+PriceSpecification+Country+BreadcrumbList+ListItem+FAQPage+Question+Answer",3,0,0,5,5,4,0,50
/shop/luxury-4-seater/lvtong-4-seater-resort-cruiser/,product,"LVTONG 4-Seater Resort Cruiser | The Buggies Express",52,"LVTONG 4-Seater Resort Cruiser, $16,800 AUD inc GST. 4kW AC Motor, Maintenance-Free Lithium, On-Board Charger, Heavy Duty Bumper. Finance in 4 available.",153,1,"LVTONG 4-Seater Resort Cruiser",3,1228,"6 seater electric golf cart",C00608,50,"Commercial",pass,"",false,false,false,false,false,0,0,https://www.golfbuggiesexpress.com.au/shop/luxury-4-seater/lvtong-4-seater-resort-cruiser/,"index, follow","Product+Brand+Offer+PriceSpecification+Country+BreadcrumbList+ListItem+FAQPage+Question+Answer",3,0,0,5,5,4,0,27
/shop/luxury-4-seater/tara-roadster-2-plus-2-lifted/,product,"Tara Roadster 2+2 Lifted | The Buggies Express",46,"Tara Roadster 2+2 Lifted, $18,990 AUD inc GST. Lithium Battery, Lifted Chassis, Hydraulic Disc Brakes, LED Light Package, Rear Flip Seat.",137,1,"Tara Roadster 2+2 Lifted",3,1286,"tara roadster 2 golf cart",C01148,20,"Navigational",FAIL,"",false,false,false,false,false,0,0,https://www.golfbuggiesexpress.com.au/shop/luxury-4-seater/tara-roadster-2-plus-2-lifted/,"index, follow","Product+Brand+Offer+PriceSpecification+Country+BreadcrumbList+ListItem+FAQPage+Question+Answer",3,0,0,7,7,4,0,34
/shop/mechanical-petrol/,category,"Petrol Golf Buggies & EFI Carts for Sale | Buggies Express",58,"Petrol and EFI golf buggies for sale in Australia. Club Car, Yamaha and E-Z-GO mechanical models for properties without charging infrastructure.",144,1,"Mechanical Petrol Buggies for Sale in Australia",1,251,"",,,"",,"",,,,,,,,https://www.golfbuggiesexpress.com.au/shop/mechanical-petrol/,"index, follow","CollectionPage+ItemList+ListItem+BreadcrumbList",8,0,0,173,3,6,0,0
/shop/mechanical-petrol/club-car-carryall-300-petrol/,product,"Club Car Carryall 300 Petrol | The Buggies Express",50,"Club Car Carryall 300 Petrol, $16,200 AUD inc GST. Rustproof Aircraft Grade Aluminum Frame, 14HP Engine, Compact Turning Radius. Finance in 4 available.",152,1,"Club Car Carryall 300 Petrol",3,1235,"club car golf carts australia",C00380,50,"Navigational",FAIL,"",false,false,false,false,false,0,0,https://www.golfbuggiesexpress.com.au/shop/mechanical-petrol/club-car-carryall-300-petrol/,"index, follow","Product+Brand+Offer+PriceSpecification+Country+BreadcrumbList+ListItem+FAQPage+Question+Answer",3,0,0,2,2,4,0,38
/shop/mechanical-petrol/club-car-tempo-efi-petrol/,product,"Club Car Tempo EFI Petrol | The Buggies Express",47,"Club Car Tempo EFI Petrol, $14,250 AUD inc GST. 14HP Single Cylinder Engine, Overhead Cam, Tank Capacity 25.4L. Tested at our Yatala QLD depot.",143,1,"Club Car Tempo EFI Petrol",3,1245,"club car petrol golf buggy",C00859,20,"Commercial",pass,"",false,false,false,true,false,0,0,https://www.golfbuggiesexpress.com.au/shop/mechanical-petrol/club-car-tempo-efi-petrol/,"index, follow","Product+Brand+Offer+PriceSpecification+Country+BreadcrumbList+ListItem+FAQPage+Question+Answer",3,0,0,8,8,4,0,40
/shop/mechanical-petrol/cushman-hauler-1200-gas-utility/,product,"Cushman Hauler 1200 Gas Utility | The Buggies Express",53,"Cushman Hauler 1200 Gas Utility, $16,800 AUD inc GST. 13.5HP Kawasaki Engine, Manual Dump Bed, 544kg Total Load Capacity. Tested at our Yatala QLD depot.",153,1,"Cushman Hauler 1200 Gas Utility",3,1283,"cushman golf buggy",C00865,20,"Navigational",FAIL,"",false,false,false,true,false,0,0,https://www.golfbuggiesexpress.com.au/shop/mechanical-petrol/cushman-hauler-1200-gas-utility/,"index, follow","Product+Brand+Offer+PriceSpecification+Country+BreadcrumbList+ListItem+FAQPage+Question+Answer",3,0,0,5,5,4,0,34
/shop/mechanical-petrol/ezgo-freedom-rxv-gas/,product,"E-Z-GO Freedom RXV Gas | The Buggies Express",44,"E-Z-GO Freedom RXV Gas, $13,900 AUD inc GST. EX1 Closed-Loop EFI Petrol Engine, Low Maintenance, Energy Efficient. Tested at our Yatala QLD depot.",146,1,"E-Z-GO Freedom RXV Gas",3,1312,"ezgo golf cart gas engine",,20,"",,"removed in Phase 0: intent rule: Informational only (no allowed page type)",false,false,false,false,false,0,0,https://www.golfbuggiesexpress.com.au/shop/mechanical-petrol/ezgo-freedom-rxv-gas/,"index, follow","Product+Brand+Offer+PriceSpecification+Country+BreadcrumbList+ListItem+FAQPage+Question+Answer",3,0,0,7,7,4,0,41
/shop/mechanical-petrol/yamaha-drive2-quiettech-efi-petrol/,product,"Yamaha Drive2 QuietTech EFI Petrol | The Buggies Express",56,"Yamaha Drive2 QuietTech EFI Petrol, $14,800 AUD inc GST. Quietest Petrol Engine on the Market, Fully Independent Rear Suspension, High MPG.",139,1,"Yamaha Drive2 QuietTech EFI Petrol",3,1346,"yamaha golf cart petrol engine",,20,"",,"removed in Phase 0: intent rule: Informational only (no allowed page type)",false,false,false,false,false,0,0,https://www.golfbuggiesexpress.com.au/shop/mechanical-petrol/yamaha-drive2-quiettech-efi-petrol/,"index, follow","Product+Brand+Offer+PriceSpecification+Country+BreadcrumbList+ListItem+FAQPage+Question+Answer",3,0,0,7,7,4,0,44
/shop/mechanical-petrol/yamaha-umax-one-efi-utility/,product,"Yamaha UMAX One EFI Utility | The Buggies Express",49,"Yamaha UMAX One EFI Utility, $15,500 AUD inc GST. Compact Utility Bed, One-Hand Latch System, High Comfort Bucket Seats. Tested at our Yatala QLD depot.",152,1,"Yamaha UMAX One EFI Utility",3,1283,"efi yamaha golf cart",C02099,60,"Navigational",FAIL,"",false,false,false,false,false,0,0,https://www.golfbuggiesexpress.com.au/shop/mechanical-petrol/yamaha-umax-one-efi-utility/,"index, follow","Product+Brand+Offer+PriceSpecification+Country+BreadcrumbList+ListItem+FAQPage+Question+Answer",3,0,0,2,2,4,0,31
/shop/off-road-4x4/,category,"Lifted 4x4 Off-Road Golf Buggies Australia | Buggies Express",60,"Lifted 4x4 golf buggies built for Australian acreage and rough terrain. High ground clearance, heavy-duty brakes and all-terrain tyres from Yatala QLD.",151,1,"Off-Road 4x4 Buggies for Sale in Australia",1,262,"",,,"",,"",,,,,,,,https://www.golfbuggiesexpress.com.au/shop/off-road-4x4/,"index, follow","CollectionPage+ItemList+ListItem+BreadcrumbList",8,0,0,173,5,6,0,0
/shop/off-road-4x4/atlas-4-seater-heavy-duty-lifted-350a/,product,"Atlas 4-Seater Heavy Duty Lifted (350A) | Buggies Express",57,"Atlas 4-Seater Heavy Duty Lifted (350A), $21,990 AUD inc GST. 350A Controller, 4-wheel Hydraulic Brakes, Rugged All-Terrain Tires, Brush Guard.",143,1,"Atlas 4-Seater Heavy Duty Lifted (350A)",3,1297,"atlas golf cart",C00388,60,"Navigational",FAIL,"",false,false,false,false,false,0,0,https://www.golfbuggiesexpress.com.au/shop/off-road-4x4/atlas-4-seater-heavy-duty-lifted-350a/,"index, follow","Product+Brand+Offer+PriceSpecification+Country+BreadcrumbList+ListItem+FAQPage+Question+Answer",3,0,0,10,10,4,0,27
/shop/off-road-4x4/club-car-onward-lifted-efi-petrol/,product,"Club Car Onward Lifted EFI Petrol | The Buggies Express",55,"Club Car Onward Lifted EFI Petrol, $19,800 AUD inc GST. Kohler 14HP EFI Petrol Engine, Lifted Suspension, All-Terrain Tread. Tested at our Yatala QLD depot.",156,1,"Club Car Onward Lifted EFI Petrol",3,1281,"club car lifted golf carts",C03392,20,"Commercial",pass,"",false,false,false,false,false,0,0,https://www.golfbuggiesexpress.com.au/shop/off-road-4x4/club-car-onward-lifted-efi-petrol/,"index, follow","Product+Brand+Offer+PriceSpecification+Country+BreadcrumbList+ListItem+FAQPage+Question+Answer",3,0,0,2,2,4,0,40
/shop/off-road-4x4/evolution-d-max-gt4-off-road/,product,"Evolution D-MAX GT4 Off-Road | The Buggies Express",50,"Evolution D-MAX GT4 Off-Road, $23,800 AUD inc GST. Heavy Duty Roll Cage, Independent Off-Road Suspension, Integrated Winch, High-Power AC Engine.",145,1,"Evolution D-MAX GT4 Off-Road",3,1264,"evolution electric golf cart",C02893,10,"Commercial",pass,"",false,false,false,false,false,0,0,https://www.golfbuggiesexpress.com.au/shop/off-road-4x4/evolution-d-max-gt4-off-road/,"index, follow","Product+Brand+Offer+PriceSpecification+Country+BreadcrumbList+ListItem+FAQPage+Question+Answer",3,0,0,8,8,4,0,34
/shop/off-road-4x4/ezgo-express-s4-lifted-high-torque/,product,"E-Z-GO Express S4 Lifted High-Torque | The Buggies Express",58,"E-Z-GO Express S4 Lifted High-Torque, $20,500 AUD inc GST. 4-inch Lift Kit, Desert Eagle All-Terrain Tires, Convertible Rear Seat to Cargo Bed.",143,1,"E-Z-GO Express S4 Lifted High-Torque",3,1269,"ezgo golf cart lifted",C03754,30,"Commercial",pass,"",false,false,false,false,false,0,0,https://www.golfbuggiesexpress.com.au/shop/off-road-4x4/ezgo-express-s4-lifted-high-torque/,"index, follow","Product+Brand+Offer+PriceSpecification+Country+BreadcrumbList+ListItem+FAQPage+Question+Answer",3,0,0,7,7,4,0,28
/shop/off-road-4x4/lvtong-rough-terrain-lifted-buggy/,product,"LVTONG Rough-Terrain Lifted Buggy | The Buggies Express",55,"LVTONG Rough-Terrain Lifted Buggy, $17,500 AUD inc GST. High Ground Clearance, Reinforced Steel Subframe, Front LED Light Bar. Tested at our Yatala QLD depot.",158,1,"LVTONG Rough-Terrain Lifted Buggy",3,1247,"all terrain golf buggy",,20,"",,"removed in Phase 0: unclassified: no intent modifier (held for review)",false,false,false,false,false,0,0,https://www.golfbuggiesexpress.com.au/shop/off-road-4x4/lvtong-rough-terrain-lifted-buggy/,"index, follow","Product+Brand+Offer+PriceSpecification+Country+BreadcrumbList+ListItem+FAQPage+Question+Answer",3,0,0,5,5,4,0,34
/shop/off-road-4x4/tara-roadster-4-off-road/,product,"Tara Roadster 4 Off-Road | The Buggies Express",46,"Tara Roadster 4 Off-Road, $19,500 AUD inc GST. High-Torque Gear Ratio, 12-inch Off-Road Rims, Rear Cargo Tray Option. Tested at our Yatala QLD depot.",149,1,"Tara Roadster 4 Off-Road",3,1316,"off road golf cart",C00255,90,"Commercial",pass,"",false,false,false,false,false,0,0,https://www.golfbuggiesexpress.com.au/shop/off-road-4x4/tara-roadster-4-off-road/,"index, follow","Product+Brand+Offer+PriceSpecification+Country+BreadcrumbList+ListItem+FAQPage+Question+Answer",3,0,0,2,2,4,0,44
/shop/traditional-2-seater/,category,"2 Seater Electric Golf Buggies for Sale | Buggies Express",57,"Traditional 2-person golf carts and electric buggies for sale in Australia. Club Car, E-Z-GO and Yamaha lithium models, priced with GST included.",145,1,"Traditional 2-Seater Buggies for Sale in Australia",1,247,"",,,"",,"",,,,,,,,https://www.golfbuggiesexpress.com.au/shop/traditional-2-seater/,"index, follow","CollectionPage+ItemList+ListItem+BreadcrumbList",8,0,0,173,1,6,0,0
/shop/traditional-2-seater/club-car-tempo-lithium-2025/,product,"Club Car Tempo Lithium (2025 Model) | The Buggies Express",57,"Club Car Tempo Lithium (2025 Model), $16,990 AUD inc GST. Monaco Drive System, Rust-Proof Aluminum Frame, Automotive-Style Dashboard. Finance in 4 available.",157,1,"Club Car Tempo Lithium (2025 Model)",3,1274,"club car tempo golf cart accessories",C02735,10,"Informational, Transactional",pass,"",false,false,false,false,false,0,0,https://www.golfbuggiesexpress.com.au/shop/traditional-2-seater/club-car-tempo-lithium-2025/,"index, follow","Product+Brand+Offer+PriceSpecification+Country+BreadcrumbList+ListItem+FAQPage+Question+Answer",3,0,0,10,10,4,0,39
/shop/traditional-2-seater/evolution-classic-2-plus/,product,"Evolution Classic 2 Plus | The Buggies Express",46,"Evolution Classic 2 Plus, $14,200 AUD inc GST. 6.3-inch LCD Screen, Lithium-Ion Battery, Two-Tone Seats, Side Mirrors with Turn Signals.",136,1,"Evolution Classic 2 Plus",3,1234,"evolution 2 seater golf carts",C03328,10,"Commercial",pass,"",false,false,false,false,false,0,0,https://www.golfbuggiesexpress.com.au/shop/traditional-2-seater/evolution-classic-2-plus/,"index, follow","Product+Brand+Offer+PriceSpecification+Country+BreadcrumbList+ListItem+FAQPage+Question+Answer",3,0,0,4,4,4,0,29
/shop/traditional-2-seater/ezgo-rxv-elite-lithium/,product,"E-Z-GO RXV ELiTE Lithium | The Buggies Express",46,"E-Z-GO RXV ELiTE Lithium, $15,800 AUD inc GST. Samsung SDI Lithium Batteries, Automatic Electromagnetic Brake, High-Efficiency AC Drive.",136,1,"E-Z-GO RXV ELiTE Lithium",3,1261,"ezgo rxv elite golf cart",C01691,30,"Navigational",FAIL,"",false,false,false,false,false,0,0,https://www.golfbuggiesexpress.com.au/shop/traditional-2-seater/ezgo-rxv-elite-lithium/,"index, follow","Product+Brand+Offer+PriceSpecification+Country+BreadcrumbList+ListItem+FAQPage+Question+Answer",5,0,0,8,8,4,0,41
/shop/traditional-2-seater/lvtong-2-passenger-golf-buggy/,product,"LVTONG 2-Passenger Golf Buggy | The Buggies Express",51,"LVTONG 2-Passenger Golf Buggy, $11,990 AUD inc GST. 48V System, Split Foldable Windshield, Dual Sand Bottles, Caddy Bag Holder. Finance in 4 available.",151,1,"LVTONG 2-Passenger Golf Buggy",3,1234,"2 seater golf buggy",C00322,80,"Commercial",pass,"",false,false,false,true,false,0,0,https://www.golfbuggiesexpress.com.au/shop/traditional-2-seater/lvtong-2-passenger-golf-buggy/,"index, follow","Product+Brand+Offer+PriceSpecification+Country+BreadcrumbList+ListItem+FAQPage+Question+Answer",3,0,0,3,3,4,0,41
/shop/traditional-2-seater/tara-spirit-pro-2-seater/,product,"Tara Spirit Pro 2-Seater | The Buggies Express",46,"Tara Spirit Pro 2-Seater, $13,500 AUD inc GST. Lightweight Frame, Rapid Charger, Digital Speedometer, Sweater Basket. Tested at our Yatala QLD depot.",149,1,"Tara Spirit Pro 2-Seater",3,1310,"2 seater electric golf carts",C00210,80,"Commercial",pass,"",false,false,false,false,false,0,0,https://www.golfbuggiesexpress.com.au/shop/traditional-2-seater/tara-spirit-pro-2-seater/,"index, follow","Product+Brand+Offer+PriceSpecification+Country+BreadcrumbList+ListItem+FAQPage+Question+Answer",5,0,0,8,8,4,0,47
/shop/traditional-2-seater/yamaha-drive2-ac-lithium/,product,"Yamaha Drive2 AC Lithium | The Buggies Express",46,"Yamaha Drive2 AC Lithium, $16,500 AUD inc GST. Independent Front & Rear Suspension, Ultra-Comfort Seats, Wide Dash Storage. Tested at our Yatala QLD depot.",155,1,"Yamaha Drive2 AC Lithium",3,1267,"yamaha drive2 golf cart for sale",C02166,20,"Transactional",pass,"",false,false,false,false,false,0,0,https://www.golfbuggiesexpress.com.au/shop/traditional-2-seater/yamaha-drive2-ac-lithium/,"index, follow","Product+Brand+Offer+PriceSpecification+Country+BreadcrumbList+ListItem+FAQPage+Question+Answer",3,0,0,8,8,4,0,42
/shop/walk-behind-buggies/,category,"Golf Trolleys & Motorised Golf Buggies | Buggies Express",56,"Motorised, remote control and foldable golf buggies for sale in Australia. MGI, PowaKaddy and Robera electric golf trolleys shipped from Yatala QLD.",148,1,"Motorised Walk-Behind Golf Buggies for Sale in Australia",6,579,"",,,"",,"",,,,,,,,https://www.golfbuggiesexpress.com.au/shop/walk-behind-buggies/,"index, follow","CollectionPage+ItemList+ListItem+BreadcrumbList",8,0,0,173,6,6,5,0
/shop/walk-behind-buggies/mgi-2024-zip-x5-36-hole-lithium/,product,"MGI 2024 Zip X5 36-Hole Lithium | The Buggies Express",53,"MGI 2024 Zip X5 36-Hole Lithium, $1,875 AUD inc GST. Downhill Speed Control, Electronic Park Brake, Distance Control Function. Tested at our Yatala QLD depot.",158,1,"MGI 2024 Zip X5 36-Hole Lithium",3,1288,"mgi zip x5 motorised golf buggy",C03228,10,"Commercial",pass,"",false,false,false,true,false,0,0,https://www.golfbuggiesexpress.com.au/shop/walk-behind-buggies/mgi-2024-zip-x5-36-hole-lithium/,"index, follow","Product+Brand+Offer+PriceSpecification+Country+BreadcrumbList+ListItem+FAQPage+Question+Answer",3,0,0,8,8,4,0,45
/shop/walk-behind-buggies/mgi-ai-navigator-gps-remote-buggy/,product,"MGI Ai Navigator GPS Remote Buggy | The Buggies Express",55,"MGI Ai Navigator GPS Remote Buggy, $2,849 AUD inc GST. Full Directional Remote, Integrated Touchscreen GPS, Gyroscope Straight Tracker.",135,1,"MGI Ai Navigator GPS Remote Buggy",3,1309,"mgi ai navigator gps+ remote golf buggy",C02638,20,"Commercial",pass,"",false,false,false,true,false,0,0,https://www.golfbuggiesexpress.com.au/shop/walk-behind-buggies/mgi-ai-navigator-gps-remote-buggy/,"index, follow","Product+Brand+Offer+PriceSpecification+Country+BreadcrumbList+ListItem+FAQPage+Question+Answer",3,0,0,10,10,4,0,30
/shop/walk-behind-buggies/mgi-zip-navigator-all-terrain/,product,"MGI Zip Navigator All-Terrain | The Buggies Express",51,"MGI Zip Navigator All-Terrain, $2,209 AUD inc GST. Twin 230W Motors, 24V 380Wh Lithium Battery, Rear Anti-Tip 5th Wheel. Tested at our Yatala QLD depot.",152,1,"MGI Zip Navigator All-Terrain",3,1228,"mgi zip navigator all terrain motorised golf buggy",C01271,20,"Commercial",pass,"",false,false,false,true,false,0,0,https://www.golfbuggiesexpress.com.au/shop/walk-behind-buggies/mgi-zip-navigator-all-terrain/,"index, follow","Product+Brand+Offer+PriceSpecification+Country+BreadcrumbList+ListItem+FAQPage+Question+Answer",3,0,0,7,7,4,0,24
/shop/walk-behind-buggies/mgi-zip-x1-lithium-buggy/,product,"MGI Zip X1 Lithium Buggy | The Buggies Express",46,"MGI Zip X1 Lithium Buggy, $1,299 AUD inc GST. Simple Speed Dial, Click & Go Lithium System, Compact Fold Mechanism. Tested at our Yatala QLD depot.",147,1,"MGI Zip X1 Lithium Buggy",3,1260,"mgi zip x1 motorised golf buggy",C01285,20,"Commercial",pass,"",false,false,false,true,false,0,0,https://www.golfbuggiesexpress.com.au/shop/walk-behind-buggies/mgi-zip-x1-lithium-buggy/,"index, follow","Product+Brand+Offer+PriceSpecification+Country+BreadcrumbList+ListItem+FAQPage+Question+Answer",3,0,0,4,4,4,0,41
/shop/walk-behind-buggies/powakaddy-fx7-gps-lithium/,product,"PowaKaddy FX7 GPS Lithium | The Buggies Express",47,"PowaKaddy FX7 GPS Lithium, $2,099 AUD inc GST. 3.5-inch OCA Full Color Touch Screen, High-Power 30V Plug n Play Lithium. Tested at our Yatala QLD depot.",152,1,"PowaKaddy FX7 GPS Lithium",3,1252,"powakaddy fx7 gps electric golf trolley",C03262,10,"Commercial",pass,"",false,false,false,false,false,0,0,https://www.golfbuggiesexpress.com.au/shop/walk-behind-buggies/powakaddy-fx7-gps-lithium/,"index, follow","Product+Brand+Offer+PriceSpecification+Country+BreadcrumbList+ListItem+FAQPage+Question+Answer",3,0,0,5,5,4,0,48
/shop/walk-behind-buggies/robera-pro-follow-remote-golf-buggy/,product,"Robera Pro Follow Remote Golf Buggy | The Buggies Express",57,"Robera Pro Follow Remote Golf Buggy, $2,799 AUD inc GST. Smart Follow Tracking Tag, Remote Control Dual-Mode, All-Terrain Dual Motors. Finance in 4 available.",158,1,"Robera Pro Follow Remote Golf Buggy",3,1290,"follow me remote control golf trolley",C03856,10,"Commercial",pass,"",false,false,false,false,false,0,0,https://www.golfbuggiesexpress.com.au/shop/walk-behind-buggies/robera-pro-follow-remote-golf-buggy/,"index, follow","Product+Brand+Offer+PriceSpecification+Country+BreadcrumbList+ListItem+FAQPage+Question+Answer",3,0,0,2,2,4,0,37
/thank-you-contact/,noindex-utility,"Enquiry Received | The Buggies Express Yatala QLD",49,"Buggies for sale Australia-wide: 62 golf buggies and carts, from luxury 4-seaters to lifted 4x4 acreage models. Sales, service and parts from Yatala QLD.",153,1,"Enquiry Received at Yatala Depot",0,36,"",,,"",,"",,,,,,,,https://www.golfbuggiesexpress.com.au/,"noindex, follow","",2,0,0,0,0,1,0,
/thank-you-order/,noindex-utility,"Order Request Confirmed | The Buggies Express Yatala QLD",56,"Buggies for sale Australia-wide: 62 golf buggies and carts, from luxury 4-seaters to lifted 4x4 acreage models. Sales, service and parts from Yatala QLD.",153,1,"Order Manifest Transmitted",0,97,"",,,"",,"",,,,,,,,https://www.golfbuggiesexpress.com.au/,"noindex, follow","",2,0,0,0,0,1,0,
/thank-you-wholesale/,noindex-utility,"Commercial Fleet Request Lodged | The Buggies Express Yatala QLD",64,"Buggies for sale Australia-wide: 62 golf buggies and carts, from luxury 4-seaters to lifted 4x4 acreage models. Sales, service and parts from Yatala QLD.",153,1,"Commercial Tender Lodged",0,50,"",,,"",,"",,,,,,,,https://www.golfbuggiesexpress.com.au/,"noindex, follow","",2,0,0,0,0,0,0,
/wholesale/,static,"Wholesale & Fleet Golf Buggies | The Buggies Express",52,"Fleet procurement and wholesale golf buggy supply for Australian clubs, resorts and commercial operators. Request a fleet quote from Yatala QLD.",144,1,"Commercial Fleet & Wholesale Golf Buggy Procurement",1,230,"",,,"",,"",,,,,,,,https://www.golfbuggiesexpress.com.au/wholesale/,"index, follow","",2,0,0,0,0,0,0,